id,text,label,targets
14330454_gab,that the future face of the country is a dumb sexually confused hyperliberal negro should surprise no one,1,['African']
19384447_gab,why are you worried about the size of my dick you fucking faggot sure any man who does not worship women is white trash drop dead you white knight piece of shit you are the type that would let your wife fuck a nigger in the name of womens lib,1,"['Homosexual', 'African']"
1205190699001536518_twitter,@USER i liked kill the jews with thumbs up better,1,['Jewish']
21478064_gab,yea i felt like the one sane white caller on friday lmfao especially after the guy who said anything but <percent> is a nigger,1,['African']
1179028034525028360_twitter,@USER @USER muslim have <number> muslim country why they not taking refugee from bangladesh in there country why muslim refugee just want to come in europe india and america,0,"['Arab', 'Other', 'None']"
27980196_gab,i love my little cricket nigger 😁,1,['African']
27519064_gab,he a wetback so he both,1,"['Hispanic', 'Refugee']"
21150244_gab,lot longer than just the <number> years of the skinny nigger faggot traitor try going back to mccarthy who was right,1,"['Homosexual', 'African']"
1178820120862429185_twitter,@USER @USER what a fucking nigger,1,"['African', 'Other', 'Nonreligious']"
19832825_gab,how about a white farmer he grows corn and kicks nigger ass he cleans up south africa,1,['African']
1179092073061830656_twitter,@USER the hidden secret of canada is that <percent> of it is just like florida white trash still great country 🇨 🇦 🇺 🇸,1,"['Caucasian', 'Other']"
1178270987797848064_twitter,@USER marrying a white devil just did not change your color and you will still be black when she divorces 🤷 🏽 ‍ ♀️,1,"['Caucasian', 'None']"
1178644582353051649_twitter,@USER must be the niggers who made fun of lit kids surely it karma,1,['African']
1178987503942062080_twitter,the atma contained in me used to occupy the body of oskar schindler there are nine thousand schindler jews who are only going to procreate i will not go near jews or israel until it aspires to or manifests a level of love prevalent at camp echo lake,0,"['Jewish', 'None']"
13682236_gab,what is it like to live as a white minority when there is no escapte to a white community it one thing to travel abroad or visit an non white enclave it another to have no place to go,0,"['Caucasian', 'None']"
18517477_gab,<number> hours remaining of my <number> day ban on twitter my next move is to completely overwhelm twitter thought police with hate speech allegations for everyone who is a kike and especially the adl,1,['Jewish']
1160604827275206663_twitter,i ’ m not gonna promote anything of mine free palestine 🇵 🇸 🇵 🇸 🇵 🇸 🇵 🇸 🇵 🇸 🇵 🇸 🇵 🇸 🇵 🇸 🇵 🇸 🇵 🇸 and eid mubarak to all my muslim brothers and sisters ❤ ️ 🕌 🌙,0,"['Women', 'Men', 'Islam']"
24066258_gab,news flash nigger africa is so racist,1,['African']
14570598_gab,i have read about this it typical nigger behavior of asserting superiority by making people move aside especially since they always circulate in gangs from what i have seen but yes somalis are like the rock botton of nigger sewer with average iq <number>,1,"['African', 'Other']"
7645213_gab,we hate islam and we will mock your paedophile prophet mohammed as much as we want no we dont care what you think or how offended you are we are americans and we are free to say what we want bitch banislam,1,['Islam']
11778342_gab,walls don t work walls don t wor in <number> hungary built a border barrier on its border with serbia and croatia the fence was constructed during the european migrant crisis with the aim to ensure border security by preventing immigrants from entering illegally,0,"['Caucasian', 'None', 'Refugee']"
4849842_gab,that unfortunate the dancing jiggaboo with the tambourine was pretty entertaining,1,"['African', 'None']"
16014351_gab,that not the fuxking point you embicile even the small percentage of whites that practice islam are still prone to terrorism you denied ideology role saying there isnt an involvement when your fellow white converts are engaging in terrorism once they convert to islam,1,['Islam']
17963658_gab,spiderman thread street shitter storm fag snow flakes free speech rules all praise the chaos oops i stepped in nigger shit oh wait sorry just stormfags here,1,"['Homosexual', 'African', 'Other']"
1179025539757215746_twitter,@USER @USER @USER @USER i so agreed with what he said it wasn t extraordinary it wasn t special he did his effing job as anybody would have in the same situation tired of them canonizing and romanticizing this hillbilly cousin marrying buffoon,0,"['Caucasian', 'None']"
15006265_gab,i bet every muslim that strapped a bomb on or drove a lorry into a crowd had just lost his benefits they are sick in the head,1,['Islam']
17177315_gab,no problem naming the kike is just and righteous,1,['Jewish']
12705077_gab,congratulations welcome to the white honky cracker club,1,"['Caucasian', 'Other']"
13647538_gab,it like a horror movie where the guy turns into a werewolf they look like they are wereniggers transforming into nigger strippers 🤔,1,['African']
1142348868228669440_twitter,niggers can not summon tulpas,1,"['African', 'None']"
9674365_gab,honestly if you read general media like this story about nigger baccardi you would assume writing lies produced orgasms or else you d have to come up with some other reason that plain fact is the last thing you ever get in any systemedia article,1,['African']
13929223_gab,then send the nigger to prison maybe <number> years will loosen the niggers lips,1,['African']
3525836_gab,watching <number> minutes and the lawlessness of nigger hood rats the chicago police dept have given up result <percent> increase in homicides,1,['African']
23770018_gab,this spic thinks he someone,1,"['Hispanic', 'Other']"
17337071_gab,i am atheist i will fight against islam to the death i have seen how vile muzzies are,1,['Islam']
1178875621021274113_twitter,i get what you all females be saying now 🤦 🏾 ‍ ♂️ literally me and a whole woman were telling this nigga his approach to women is weird af and the nigga is still in denial,0,"['Women', 'Men', 'African', 'None']"
1178774334833340416_twitter,lmao fuck you niggers,1,['African']
27777971_gab,such a upstanding citizen this nigger so much talent beating his pregnant girlfriend,1,"['Women', 'African']"
17428728_gab,it would really break my heart to see that nigger come out of the hospital with a vicious staph infection,0,"['African', 'None']"
12806843_gab,a nigger is shaped like a person but so is a gingerbread man,1,['African']
21596006_gab,yeah and nobody wants to see nigger tits either,1,"['Women', 'African']"
15502644_gab,nice deflection kike nothing to do with the subject matter you jews are all the same,1,['Jewish']
26656403_gab,shock as nigger turns out to be a nigger,1,['African']
1089369393866387456_twitter,canadians say the word nigger too much thier just dishing out from rap music and throwing it away your full of bird shit,0,"['African', 'None']"
1165283220629442560_twitter,getting paid biweekly is so ghetto,0,"['African', 'Other', 'None']"
24739445_gab,another poser i was a trump supporter but not now get the fuck off the train you fucking fake ass mother fucker schultz that jew is not it would not expect anyless from a kike,1,"['Jewish', 'None']"
1186051255182995456_twitter,@USER btch 🤣 🤣 🤣 🤣 🤣 here you go with your ghetto lingo bye,0,"['Women', 'African', 'None']"
4934708_gab,we need to meme betsy devos as a kike crushing demon lmao,1,['Jewish']
17593622_gab,billionaire cool still a fucking nigger,1,['African']
6549094_gab,i am no fan of the hijab and i despise the burka niqab but the constant harping by alt lighters and atheists about what some muslim women wear is a bit ott it really not the ultimate manifestation of evil and oppression,0,['Islam']
1179073367057547269_twitter,@USER dis nigga called us coons and niggers with a er am i missing something lmao,0,"['African', 'None']"
23778677_gab,a nigger is picking his nose and his mother says leroy stop doing that but mama all the white kids do it they do son but not with a fucking spoon,1,['African']
1090035315144822784_twitter,do what they say weak nigger,1,['African']
27816916_gab,libtards are in denial that there is a mass global migration happening they have learned taqiyya quite well from their moslem overlords,1,['Islam']
20111315_gab,one hell of a nigger picnic,1,['African']
12426732_gab,dear ghetto dwelling leaches put down the crack pipe and weed @USER,1,"['African', 'Other']"
26989362_gab,imagine actually thinking semites were more intelligent than whites or asians hahahahahaahahaha,1,['Jewish']
12948507_gab,only a kike spouts this shit,1,['Jewish']
25182816_gab,the vile cult known as islam is not compatible with america or american values and the constitution it is a disgusting religion that is based in violence and filth,1,['Islam']
24472750_gab,i am so tired of these kike terrorists and their evil lackeys,1,['Jewish']
20887656_gab,yeah you are filthy little bone smoking kike,1,['Jewish']
23043331_gab,if trump needs a man to run operation wetback again i am available,0,"['Hispanic', 'None']"
16954192_gab,treason lots of u up that way canada has the largest u mine saskatchewan i think a little distance but those muzzrats are going up there to get elected,1,['Islam']
14772724_gab,gay jews crying that trump is stuffing federal judges with unqualified young people what qualities are they missing,1,"['Jewish', 'Homosexual']"
1178847512481935360_twitter,dude in white trash crew shirt just almost swung on a couple in <number> <number> cus they fed his boston terrier a potato chip,0,"['Caucasian', 'Economic', 'None']"
20628266_gab,typical sand nigger they are terrorists posing as refugees,1,"['Arab', 'Refugee']"
21347847_gab,i had it out with that moon guy hes one of them 4 chan gook lovers,1,['Asian']
20645481_gab,they should really hate woman is the nigger of the world john lennon then except according to the elders lennon was a rock star beloved by women in his day,1,"['Women', 'African']"
9329272_gab,russell also writes about how jewish and italian mobsters founded las vegas jewish copyright thieves founded hollywood and gay mafiosos helped spark the gay rights movement he thinks all of these things were good for society of course,0,"['Jewish', 'Homosexual', 'Other', 'None']"
1263939415770042368_twitter,@USER shit they hate negroes more than the white folks in davie,1,['African']
11466858_gab,at least i made an impression lol there will not be a mute feature in that gas chamber you heeb whore,1,['Jewish']
10790926_gab,trump is a white supremacist is the new russia russia russia,0,"['Jewish', 'None']"
20057914_gab,laws regarding immigration system isnt going to keep the dems from circumventing the system by breaking the law to allow mass immigration of muslims mexicans only <number> thing can be done to stop mass immigration start throwing dems in jail until that happens immigrants will flow like water,0,"['None', 'Men', 'Hispanic', 'Refugee', 'Women']"
16802976_gab,doubt you are even white but if you marry a niggress nothing of value would be lost i mean you can not even form good arguments your black kids will probably be smarter than you too,1,"['African', 'Other']"
1231863913693794304_twitter,@USER no he said it again radical islamic terrorism 🤣,0,"['Islam', 'None']"
23636221_gab,that because the citizens are picking up the slack for the trash the muzzies don t pay for just generate,1,"['Islam', 'None']"
1164182921676238848_twitter,@USER king of the jews hell he thinks he is the second coming of god,0,"['Jewish', 'None']"
15358783_gab,black race sucks because i am surrounded by pot smoking unemployed welfare leeching niglet making prison worthy niggers and i hate them,1,"['Nonreligious', 'African', 'Other', 'Minority']"
27879993_gab,womp womp kike,1,['Jewish']
4334117_gab,imgur could be turned right wing site easily if not for the mods they mostly ok with sexist stuff and anti muslim stuff the site just have a group of sjws that report everything and kike mods that delete stuff,1,"['Jewish', 'None']"
1097699952699027456_twitter,disrespect islamic n its teachings,0,"['Women', 'Men', 'Islam']"
15004236_gab,aside from philly allentown harrisburg and south central pa spic cities pa is an absolute glorious dream when you get to the country specially western pa if you get away from everything it a perfect place to raise a family,0,"['Hispanic', 'None']"
4622912_gab,they do they chase after the nordic alpha with mucilaginous desperation all abasement and kike headgames like all yid bitches they end up hitching to a balding hymie cuck who thinks himself secure behind a thin prenup the norish man goes on to have beautiful white children with white goddesses,1,['Jewish']
1178273282610667522_twitter,let me go and watch power because you niggers have no respect,1,['African']
5644152_gab,it getting kinda obvious that the jews are behind the fake hate crimes they should have done like <number> or <number> it would have ben more believable,0,"['Jewish', 'None']"
18350822_gab,no one cares kike,1,['Jewish']
2959194_gab,dear muslims take heed on your actions cause much is to be said to a country who has shooting ranges and women can shoot back and men can shoot natshit out of pepper so get on ur rug and pray u are gonna need it,1,['Islam']
23950465_gab,winner winner chicken dinner and do not forget that cia nigger malcolm nance on msnbc,0,"['African', 'None']"
24072943_gab,israel is the only democracy in the muzzie mideast and an american ally people who hate israel are idiots,0,"['Islam', 'None']"
21063397_gab,i personally would have no problem with it if every nigger in africa starved to death,1,['African']
1074467688855015426_twitter,reading tweets from muslim twitter has made me islamophobic,1,['Islam']
22953083_gab,hypothesis jews push miscegenation on whites because jews themselves race mix and religion mix in such high numbers that they do not want to feel like bigger oddballs than they already are in gentile nations like the us mixery loves company,1,"['Christian', 'Men', 'Women', 'Refugee', 'Jewish']"
1240143113504645120_twitter,people are so racist to asians it ’ normalized i literally hate yall,0,"['Women', 'Men', 'Asian', 'None']"
23721481_gab,why would i read the bible that kike created faggoty anti white shit is for low t fuckbois like you speaking of which been touched by any priests lately in that kike run pedophile cult,1,"['Jewish', 'Other', 'Homosexual', 'Christian']"
27617079_gab,o i remember nikki her real shit skin name is nimrod i dont know why shes allowed to use a fucking alias to make her stupid name look white but the fucking cow worshiping dothead makes me fucking sick 😑,1,"['Women', 'Hindu', 'Other', 'Indian']"
12812475_gab,maybe the muzzies and the trannies will step up if need be,1,"['Islam', 'Homosexual']"
17413110_gab,anti white i am white you ridiculous tool,0,"['Caucasian', 'None']"
1178020399084388352_twitter,@USER @USER so how do you feel about camel jockey and those terms,1,"['Arab', 'None']"
1218931915950120961_twitter,i don ’ t want no “ man ” who is tempted to hit up another woman when we don ’ t see eye to eye niggas be so ghetto,0,"['Men', 'African', 'None']"
11761907_gab,yes let dismiss the communists because americans never fought a war with them though your general patton said you should have an armchair military philosopher will faux mourn the dead while i mourn the loss of <number> fam members women and children holocausted by allies in the city of dresden,0,"['Women', 'Men', 'Jewish', 'None']"
1178638236706578432_twitter,jasmine tweeted this man job and still got to tweet and i told drew brees i beg your nigger ass pardon and got disabled for <number> hours,1,['African']
14928405_gab,people think white nationalists want war and to exterminate others when in reality all we want is separation,0,"['Women', 'Men', 'Caucasian']"
6151019_gab,just heard complete moron talking head on cnn talking about trump immigration ban on <number> <number> muslim countries goes on to say if he is against muslim why not ban all muslims or countries with muslims globalist media does not get it hires morons fire anybody rational hire a moron talking head,1,"['Islam', 'Refugee']"
3235496_gab,@USER send her <number> a moslem refugee camp,1,"['Islam', 'None', 'Other', 'Refugee', 'Women']"
6341812_gab,andrew torba is a nigger faggot,1,"['Homosexual', 'African']"
14070023_gab,hi my name is kris and i am wa wa white there i said it i am white anyone got a problem with that can go fuck themselves especially you moslem supremacist donkey drilling cockroaches fuck islam fuck allah and fuck libtards,1,"['Islam', 'None']"
1178223346674098176_twitter,@USER @USER what wrong that she calling them white supremacists when they are literally jewish,0,"['Jewish', 'None']"
2911030_gab,@USER what you need to understand is that when muzzies attack it will not be fighting in the street all that noise it will be a sharp rise in murder rates across the country our own leos will keep us from retaliating,1,['Islam']
1113552207234732032_twitter,@USER what are your thoughts about one world religion it seems to me that catholic church embraces islam,0,"['Islam', 'Christian', 'None']"
27365651_gab,i bet the nigger didnt have a green card,1,"['Women', 'Men', 'African']"
1178799354737565697_twitter,god made the niggers he made them in the night he made them in a hurry and forgot to paint them white,1,"['African', 'None']"
1179078219636629506_twitter,@USER @USER @USER unfortunately i have witnessed christianity expressed as totalitarian and dogmatic and frankly repulsive as islam by refugees but they are in the minority in the current refugee influx that could change though,0,"['Islam', 'None']"
1179009744280924161_twitter,@USER modi is brutal a hitler copycat cold blooded murderer killed christians muslims and sikhs in thousands believes in forceful proselytism kashmiris are being raped and killed in thousands @USER @USER @USER,0,"['Men', 'Hindu', 'Indian', 'None']"
8512110_gab,where is the uk intel agencies and what are you doing right under your nose clean out your sharia muslim areas fact track brexit ukfam uk you need help handling the islamic invasion end it,1,['Islam']
1243408978962337793_twitter,@USER yeah i ’ m fwy don ’ t do that ghetto ass shit,0,"['African', 'None']"
1187455867312103425_twitter,@USER iron cross isnt nazi but who cares anymore right,0,"['Caucasian', 'None']"
17744046_gab,yeah i am neither jewish nor a homosexual but they love to call me a kike faggot i mute freely <happy>,0,"['Jewish', 'Homosexual', 'None']"
1082457549985714192_twitter,wtf why is muslim twitter a thing,0,"['Islam', 'None']"
3246747_gab,@USER we should demand congress declare a national holiday when the muzzie traitor is gone um what to call it makeamericagreatagainday,1,['Islam']
1200488670308052992_twitter,look how she talk she sexy i like when they pretty and ghetto type of bitch that do not even say hello,0,"['Women', 'African']"
15012514_gab,my <number> year old aunt got banned from facebook for posting stuff about islam and posative things about trump aussies for trump,0,"['Islam', 'None']"
1178495903113650176_twitter,a chinaman he forced to sell we got it for pennies on the dollar b noir detour,0,"['Asian', 'None']"
12371448_gab,what we needed were <number> minute videos playing <number> <number> in <number> tv warning us about the evil hart celler kike change the people immigration scheme,1,['Jewish']
23617091_gab,we are all out of altruism all we got in stock is generous ultimatums some kike moved in next door and undersold us,1,['Jewish']
18048815_gab,paving the kike way goy,1,"['Jewish', 'None']"
21276945_gab,loll calling me a zhid and pedophile when i am neither,0,"['Jewish', 'Other', 'None']"
21198393_gab,kike dike kathy schrock is leading educators all over the nation in ed tech a movement to get your kids more engulfed in techno addictions ed tech also pushes children away from local traditions into the curriculum models of silicon valley altrighteducation,1,"['Jewish', 'Homosexual']"
15091211_gab,or <number> million jews in german occupied europe something something six million plus jews post war get reparations,0,['Jewish']
23785295_gab,already millions looking at him saying he is a kike shill moron he out in <number>,1,['Jewish']
27357310_gab,oh that bitch needs to be cornered by a pack of sand niggers made air tight and then have her throat slit it could have been a bus that killed her after all,1,"['Women', 'Arab']"
13502476_gab,all kike konstructs,1,['Jewish']
1092607618877554689_twitter,ching chong new year,1,['Asian']
24852459_gab,actually i am a christian you muzzie loon,1,['Islam']
17433914_gab,lol this dumb bitch is apologizing cuz she said nigga while doing some nigger rap song <number> years ago 😹 hey bitch how about just not doing rap since that scary word is in pretty much all nigger rap,1,"['Women', 'African']"
1084835380619300864_twitter,italian niggas call they dick the poozingi,0,"['Caucasian', 'None']"
1178310103742734337_twitter,@USER @USER @USER @USER when the majority of the world is not white and when your nation has a slim white majority it kinda hard to not bomb varying races i d you want to be pedantic america has bombed caucasians hispanics africans south americans and asians at some point very inclusive,0,"['Hispanic', 'None']"
18559639_gab,tell senor spic fuentes that he should send better ppl you are pathetic my dude,1,['Hispanic']
26563492_gab,bs poland people did not say or want anything polish yid want to separate slavic people and us people should stay away,0,"['Jewish', 'None']"
17646823_gab,normally i just ignore gop solicitations but i really should start returning them with a note that says fuck you ask one of your pet beaners for some money,1,"['Hispanic', 'None']"
13033792_gab,this shit is mine now sand nigger,1,['Arab']
22834310_gab,your pussy muzzie loving government is killing you off faster than any battlefield aside from a handful of brit your giving your country up just like your parliament wanted to do in <number> here you go hitler we give up you had better resurrect churchill rapidly cuck boy,1,"['Islam', 'Other']"
18350404_gab,dood dat nigga litterally got a kike on tv to say shuddit down nigga dat top kek,1,['Jewish']
3359041_gab,@USER ban islam anyway,1,['Islam']
18964489_gab,wow some girl seriously fucked you up dude my wife respects and loves me never happen i did not pick a whore i love that the only argument you have is some elaborate imaginary scenario that includes nigger cock very telling,1,"['Women', 'African']"
1113846714472042496_twitter,@USER @USER you ’ re the one going on about anti zionism and connecting it to the nazis fella,0,"['Jewish', 'None']"
16404357_gab,baloney they do not need our men and women they have their own brave soldiers and the women are as tough as the men don t piss them off,0,"['Islam', 'None']"
16968190_gab,america will become a neo brazil if the right retreats into the ghettoes of explicit ethnonationalist advocacy retreats into the ghettoes of explicit ethnonationalist advocacy this kike is pro ask ricky tkr,1,['Jewish']
24305062_gab,education or marxist indoctrination since it is well established blacks are incapable of learning anything past the age of ten unless they are half white should not blacks go to a trade school upon age <number> say learning how to pick cotton fruits and vegetables,1,['African']
14179251_gab,so the revolution is a bunch of obese femnazis ghetto retards and skinny jean wearing weak wristed sjw men holding signs one in a unicorn costume with an army of police protection yep you sure showed america what retards you are november 4th nov4 november4,1,"['Women', 'Homosexual', 'African', 'Other']"
20872466_gab,this whole album is <number> <number> very underrated not joking he even says nigger hard r in one of the songs hee hee,0,"['African', 'None']"
19617151_gab,liberalists working on nigger time showing up an hour late smdh,1,['African']
7711217_gab,sounds like moslem men have no self control whatsoever,0,"['Islam', 'None']"
1179092780162932737_twitter,@USER lets go work out there with the white bitches,0,"['Women', 'Caucasian', 'None']"
26214428_gab,david lammy needs to go be a nigger somewhere else,1,['African']
17548742_gab,no nigger in white house,1,['African']
16058746_gab,strangely enough the idea that he consumes extraordinary amounts of artificial sweetener was the first thing the kike media has said about trump that gave me pause,1,['Jewish']
1179105337292607491_twitter,@USER every single white person found dead in a ditch,0,"['Caucasian', 'None']"
2743217_gab,white supremacy explained people fear black men because they will beat you to a pulp without raising a sweat people fear white men because they will vaporize your entire city,0,"['African', 'None']"
12963464_gab,even more things nobody told me how free were blacks in the northern us in colonial times northern freemen like slaves were required to carry passes when traveling in some places and they were forbidden to own property in others,0,"['African', 'Other', 'None']"
17372469_gab,an these nigger biches look like godzilla nasty,1,"['Minority', 'African', 'Nonreligious', 'Other', 'Women']"
1178861760100601857_twitter,i literally love my bf so much omg you niggers suck lane ass,0,"['African', 'Other', 'None']"
1178393878686310405_twitter,@USER @USER @USER omg they actually said that shit disgusting and they get mad when you call them white supremacists,0,"['Caucasian', 'None']"
27652218_gab,i have found another degenerate who is pushing smut on gab not a joke he is actually promoting smut and porn @USER is a degenerate diversity kike hiding behind patriotism i am not so easily fooled,1,['Jewish']
16994662_gab,in berlin they have security tents for women women safety area i d call it muzzie free zone the new year eve party in berlin has never been so cool,1,"['Women', 'Islam']"
19975301_gab,no twitter just for nigger lovers,1,['African']
22156636_gab,we were the urchins from my own private idaho who blindly searched for our identity among ghetto thugs skins and the lost,1,"['African', 'Other', 'None']"
19499335_gab,the offer still stands trigger i carry a large assortment of nooses and blades for your suicide needs @USER triggered faggot maga presidenttrump,1,"['Women', 'Men', 'Homosexual', 'African']"
1178716748532637699_twitter,@USER @USER @USER u can make up anything to fit your argument only a dummy thinks a victim getting a settlement for being raped is selling herself remy shot a woman so of course she sides with the rapists and not the victim ghetto mentality,0,"['African', 'None']"
16862232_gab,why arabs lose wars @USER,0,"['Women', 'Men', 'Arab']"
23781633_gab,nick fuentes is a filthy spic,1,['Hispanic']
1178794848054398977_twitter,@USER @USER niggas ain t want support boobie now them white folks bout to bring all them stores around here build mansion off us,0,"['Caucasian', 'None']"
1178239828313419777_twitter,so they are allowed to be racist against us white british but we can not say nigger wog fukin hell if they do not want to here it the best thing they can do is piss off back we are they came from,1,['African']
18946604_gab,i m glad ds is back on dailystormer top and no kike will ever hold our movement down,1,['Jewish']
1178695205651976199_twitter,@USER well we have the weapons imprisoned immigrants are now law breaking and dirty the white supremacists are doing their part by providing multiple atrocities we have the belligerent blowhard we have simmering anger with the income inequality what are we missing,0,"['Refugee', 'Caucasian', 'Other', 'None']"
17033926_gab,fuck congress he should be dictator the jews would run scared shitless to mexico,1,"['Jewish', 'Indigenous']"
22601151_gab,you are so autistic that you can not understand metaphysical arguments lol stupid spiritual kike just like the pharisees,1,['Jewish']
1111582276847104000_twitter,you shipyard workin niggas are irritating hope you all get fired bitch,0,"['African', 'None']"
7948323_gab,@USER the meme is spot on the left has recruited the mentally ill and taught them slogans and memorized talking points though that is hard for most of them to handle can not engage in conversation so violence is their talking point in that arena they also do not stand a chance,1,"['Other', 'African', 'Refugee', 'None']"
1124050621454270464_twitter,@USER they sure did nazi that coming,0,"['Women', 'Men', 'Caucasian', 'None']"
6045951_gab,it more it news community looks into the lives of people we d otherwise not know let get real too not so many ghetto phone dindus and skanks,0,"['Women', 'African', 'Other']"
13543989_gab,gotta keep some beaners in texas texmex is not shit like mexican is,1,['Hispanic']
18358793_gab,plenty of you beaners are pedos clean your own backyard juan,1,['Hispanic']
2102116_gab,@USER hot take incoming more racism and sexism from minorities than the white majority in this country,0,"['Caucasian', 'Other', 'None']"
15127744_gab,implying women and niggers can have merit oh wait i see what you did there,1,"['Women', 'African']"
10037602_gab,dear black niggers fuck your poverty fuck your high crime neighborhoods fuck your niglets without fathers fuck your niggers killed by cops fuck your incarceration rate fuck your lives they do not matter to us fuck you we do not want you or need you all smart white people,1,['African']
11216949_gab,for my part like jake blues i hate illinois nazis that nice i hate boomer faggots who think it hip to be down with the neegroes the blues man the blues so cool totally not the music of geriatric nigger loving cuck traitors they had sunglasses,1,"['Homosexual', 'African']"
23995229_gab,went to chik fil e instead of normal quick line of cars things are slow instead of nice how can i serve u greeting its like can i take ur order nigger girl specifically asked <number> chik file a sauce get home no sauce mother fucker export all niggers,1,['African']
19074302_gab,more than <number> of african niggas carry hiv aids so ladies if you like fucking mildly retarded niggas you will be getting more than you wanted,1,"['Men', 'African']"
12862468_gab,this is rich a streetshitter who married to a kike that works for a synagogue which supports israeli intelligence scraped some patina of testosterone from his deflated sack to call anonymous shitlords soros plants,0,['Jewish']
14095649_gab,if they are seeking asylum from a terrible mussie country why then are they working so hard to turn these gracious countries into the very mussie countries they claim to be fleeing we all know that answer immediately,1,"['Islam', 'Refugee']"
1179057153308413954_twitter,@USER chinaman satanist lee hsien loong criminals just had audible chatter in <number> wellington circle cavinder bull visited <number> marsiling lane singapore some time back showing family photos and giving false information,1,"['Asian', 'None']"
13500230_gab,sorry moving to se rural ok soon an area where no niggers or other pocs except a few choctaw no bad gun laws low taxes hardly any people except a few rednecks plenty of fish hogs and deer no one gaf what you do,1,['African']
4565612_gab,when liberals socialists march against the sort of gender based inequality islam foists on western societies do you think the world will stop spinning muslimban,1,"['Islam', 'Other']"
20660022_gab,big fuckin deal both papa johns and the nfl are absolute shit for bugmen get a real friggin pizza and stop watching niggers play with their balls,1,"['Men', 'African']"
24225614_gab,i just want to say muslimes f off,1,"['Islam', 'Other']"
21666013_gab,every libtard woman should date a camel jockey soon would not be anymore libtard women around right,1,"['Women', 'Islam', 'Other']"
17885803_gab,they should be at work they are arabs,0,['Arab']
17016811_gab,dirty kike we have to gas them all just to make sure,1,"['Women', 'Homosexual', 'Jewish']"
14166472_gab,@USER muslimes deserve torture and death i am do not care if it a child,1,"['Hindu', 'Islam']"
9314490_gab,now is a great time for all of president trumps followers on twitter to tweet for him to get off and go on gab that will shut twitte don i cant do it they banned me for fighting w a muslim who wanted to kill americans potus,0,"['Islam', 'None']"
21668983_gab,friends do not let friends marry jews,1,['Jewish']
14197340_gab,@USER your a muzzy that murders kurds if your not a parody account,1,['Islam']
17356759_gab,the one thing the internet is liable to grant most easily is swift passage to backwater ghetto echo chamber status that is alt tech tech safely sequestered from the universal public square,0,"['African', 'Other', 'None']"
1221103078906257408_twitter,the racist and negro believe they should have an opinion and shouldn ’ t be opposed nah black gonna get at that negro rb,1,['African']
25691623_gab,deflect all you want kike spawn the whole world saw what happened and people opinions are shifting use all the mental gymnastics you like to justify things for your masters the rest of us have no such strings and can see things with a clear conscious,1,['Jewish']
3479279_gab,i think im gonna go <number> walgreens just so i can call a nigger girl a shitskin 😹 😹 😹 😹,1,['African']
19658925_gab,europe is being destroyed by the kike eu which is run by the crypto kike juncker to destroy whites,1,"['Jewish', 'Other']"
21816100_gab,should have known it is a fucking kike jew scum bag getting this ticket off,1,['Jewish']
13286906_gab,did not this sick kike adopt a young asian girl for the sole purpose of fucking her i have heard something like that years ago remember that it got hushed up by the media real quick like 🤔,1,['Jewish']
25560967_gab,they never say that a muzzie was involved but everybody knows better,1,['Islam']
24117432_gab,police hate pakis they always have that hate extended to white children seen with them it very simple,0,"['Islam', 'None']"
20317918_gab,that nigress must be a soy farmer,1,"['Women', 'African']"
16545708_gab,taxreform somebody wants you to keep killing arabs in the middle east and public opinion to support it but dont worry one day youll have the privilege that jews burn your house like they burned the houses of americans living in california californiafires,1,"['Jewish', 'None']"
1109838050396434432_twitter,seen street niggas dick ride 🤢,0,"['Men', 'African', 'None']"
1145230342527291392_twitter,@USER @USER it is the fact that he defending an homophobic white supremacist whose a friend says it all,0,"['Caucasian', 'Homosexual', 'None']"
12065967_gab,rap video of niglets hanging a blond boy it would be a rape video if it had a blond girl in it,1,['African']
19407319_gab,the politic boys keep chimin in on my culture war it would be nice if they kindly fucked off and stop counter signaling my kike gassing,1,['Jewish']
1231392956516642818_twitter,@USER @USER please adress this bernie family was killed in the holocaust this anti semite should be fired,0,"['Jewish', 'None']"
15173782_gab,and he also a nigger,1,"['Nonreligious', 'African', 'Other', 'Minority']"
1178885194830364673_twitter,@USER @USER yes even radical muzzies planning to take over america over <number> are running for office and <number> just in congress i will not support the muslim brotherhood i am not stupid any more than i would vote for socialism screw the dems,0,"['Islam', 'None']"
13805729_gab,when donald trump extend his moslem ban to include the whole of planet earth,0,"['Islam', 'Refugee', 'None']"
17012100_gab,saw the new star whores movie this is my review a long long time ago in a ghetto far far away it is a period of cibil rights nigga rocketships striking from dey hood dey have won dey first victory against the ebil cracka empire,1,"['Women', 'African']"
3851040_gab,feminists who are so concerned about female harassment and abuse address the muslim migrant rape problem in europe or shut up,0,"['Women', 'Islam', 'Refugee']"
16898131_gab,we are quite justified in being islamophobic we women should be fearful ie phobic of any cult that fanatically seeks to rape murder us we should also expect demand that our men are not phobic but may become islamocidal to protect their women children,1,"['Islam', 'None']"
10733286_gab,god damned kike whore cunt so sure that none of those cowards could ever get to her in her hymiewood mcmansion,1,"['Women', 'Jewish', 'None']"
13344815_gab,the scorning gook of r a c i a l a w a r e n e,1,"['Asian', 'None']"
14839521_gab,i am exhausted by queers and coloreds saying shit like yes queen and i am ded wtf do these things mean,1,"['Homosexual', 'African', 'Other']"
1179046303088537600_twitter,@USER illegal immigrants r thrown out of every country now if all the muslims r not welcome in muslim countries and will end up going to non muslim countries wat u expect will happen mexicans r not muslims tell me why no muslim immigrant is welcome in ne muslim country,0,"['Islam', 'Refugee', 'None']"
15205493_gab,i hope harry catch an std off this nigger,1,"['Minority', 'Heterosexual', 'African', 'Nonreligious', 'Other']"
16186127_gab,jesus also negged an inbred canaanite whore by saying it wrong to give food meant for the children to the dogs that like walking up to a homeless starving nigger and saying nope you do not get this big mac nigger that for white kids,1,"['Women', 'African', 'None']"
26221984_gab,wrong it was me in conjunction with the local aborigines disguised as arabs pretty good hey keep it on the down low 😂 😂,0,"['Arab', 'None']"
16728755_gab,reality is <percent> of whites vote only <percent> niggers voted trump reality is all one only needs to do is pull <percent> of the <percent> of whites who voted for democrats this is an easier path than trying to muh based maga hat nigger shit @USER is trying to pull,1,['African']
18714380_gab,you sound like a 7 th centurie ad muslim from egypt shut up cryingman,0,"['Islam', 'None']"
6136882_gab,gta san andreas the story of an above average somewhat talented black man who escapes the ghetto and becomes reasonably successful only to be dragged back in in the final act because his brother is a stubborn dumbass -_-,0,"['African', 'None']"
27546625_gab,here we have a my fellow whites and the kike cries out in pain <number> for 2 fer lol the persecution of the jews will always remain one of life greatest mysterious,1,['Jewish']
12933032_gab,why do we allow any moslem filth brought here to begin with we have a right as a sovereign nation to disallow anyone we deem unworthy to be an american from coming here,1,"['Islam', 'Refugee', 'None']"
1178896988567408640_twitter,@USER will a porch monkey banana suffice,1,"['African', 'None']"
17983273_gab,<number> probably working <number> hours a day just to survive <number> probably being a soldier on the eastern front <number> probably shooting a nigger who just tried to rob me,1,['African']
14913457_gab,i did not mention genitalia obviously you are obsessed with nigger dick get help,1,"['Men', 'African']"
24515858_gab,i think you missed the point i acknowledge the existence of the magic negro you mentioned i however would prefer they go be a nigger somewhere else like africa for example to accept them you must accept them all,1,['African']
5661795_gab,george w bush proves again you can kill millions of mudslimes and still come off as the greater hero to the left as long as you counter signal trump non violent criticism of islam,1,"['Islam', 'None']"
15062597_gab,what sort of white man or woman would vote for this nigger,1,['African']
23287684_gab,so i have been twitter banned still no one cares about the real crime a nigger did steal her oscar,1,['African']
12179276_gab,it is the muslim way,0,"['Women', 'Men', 'Islam', 'None']"
13379296_gab,lol trump is gutting that nigger bitch like a carp,1,"['Women', 'African']"
18143800_gab,my last three accounts of twitter has been fucked by saying word nigger if you wanna die in twitter just say nigger word to someone lol fuck all niggers,1,['African']
26761066_gab,allowing muslim rape jihadis to drive western women around in cars is a recipie for disaster see halifax,1,['Islam']
1178631491783397376_twitter,too many of you woman turn into retarded ass unstable creatures when you ain t got a nigga,1,"['Women', 'Heterosexual', 'Disability', 'African']"
15418389_gab,start reporting the nationalities of illegal immigrant murderers rapists and frame headlines as national assaults honduran rapes california woman mexican man shoots two in botched robbery illegal immigrant implies they belong or will stay when paperwork is figured out they will not,1,"['Men', 'Hispanic', 'Other', 'Refugee', 'Women']"
6900981_gab,you jews have surpassed all nations in impertinent fables in bad conduct and in barbarism you deserve to be punished for this is your destiny voltaire in a reply to a letter sent to him by a kike complaining about his anti semitism,1,['Jewish']
1187888012203454464_twitter,impression your nigger your scrawny nigger again what a lesbian to keep yourself around for your nigger,1,"['African', 'None']"
15130719_gab,i almost went on holiday to amsterdam this year but with the muzzie invasion just did not feel safe doing it now i am grounded and only drive wyoming here i come this spring summer,1,"['Islam', 'Refugee']"
17566507_gab,i seriously doubt any white man would willingly lie with a sheboon let alone rape one hell black men do not even want them mawa,1,"['Women', 'African', 'None']"
14316860_gab,oo i had no idea it could get even better yes please start talking about this you crazy anti america nigger mother fucks,1,['African']
1160427555809157121_twitter,@USER @USER you better shut up you know nothing about us and malaysia is “ islamic country ” so can u please have some respect,0,"['Islam', 'None']"
21643304_gab,city erea and nigger ofcourse,1,['African']
19348796_gab,i have been swinging hammers for <number> years i ain t never seen a kike in my industry unless he was shlmeeling a product or taking graff from a trade union and you can take that to the bank,1,['Jewish']
27287663_gab,quit being a dumb fucking nigger and go back to your harley davidson magazines,1,['African']
10685895_gab,i did not have my childhood disrupted by forced school busing i was already living in an integrated neighborhood and went to an integrated school but that wasn t good enough so niggers can pull shit like this,1,['African']
14874213_gab,rapper li l king jong un ching chong after us lists him as state supporter of terror it mistranslated as one without mandrill mindset which makes him even more of a chink magnet,1,['Asian']
25498594_gab,also no raghead women work they just breed inbreeds and claim benefits they offer nothing to the west absolutely nothing of value or workwise,1,"['Women', 'Homosexual', 'Arab']"
12827660_gab,their blood most definitely is on trudeau little beta male hands if motion m <number> becomes a bill it will protect these fucking muslim terrorists when they attack us we will be expected to shut up and put up with it or we will be the ones going to jail,1,"['Men', 'Islam']"
1093483561489817600_twitter,@USER @USER why do muzzys hate so much,1,['Islam']
21609726_gab,dear daily beast and your sand nigger article writers if getting chummy with farrakhan causes no repercussions pompeo can hang out with anyone he chooses to f liberal double standards 🖕 🏻 🖕 🏻 🖕 🏻 🖕 🏻 🖕 🏻 🖕 🏻,1,"['Arab', 'Other']"
15484856_gab,get in line cunt fucking jew bitch christ killing baby raping kike whore,1,"['Jewish', 'Women']"
24021724_gab,should be a public hanging using a short drop that way the body jerks in the breeze sends a powerful message to any other nigger who thinks it can put its paws on a white woman,1,['African']
25638733_gab,do not like trump and his kike connection,1,"['Jewish', 'Other']"
15539701_gab,the manager picked out the fly and said it was rubber he then said just another kike trick then he threw me out i did not deserve that,1,"['Jewish', 'None']"
2745161_gab,@USER i agree but we have immigration courts in areas to process the scum and this is the way of matters for the moment we need to be tougher on beaners and other dregs and just eject them automatically after finding out their status as illegals,1,"['Hispanic', 'Refugee']"
1179004403673714689_twitter,@USER @USER @USER instead break pakistan no illegal pak muslim immigrants allowed in india i mean the word illegal,0,"['Islam', 'None', 'Refugee']"
16921944_gab,they should have put this nigger at the back of the plane,1,['African']
4463291_gab,also how fucked up was the curry nigger in the <number> <number> briefing that did not even know trump name said only president then awkward silence and still got to ask a question indians should not be allowed at the press briefings either the lighter skinned indian woman was annoying too,1,"['Women', 'Other', 'Indian']"
1261070975002726401_twitter,muslims when is laylat ul qadr,0,"['Islam', 'None']"
1179009569802117120_twitter,no no do not let that nigger waste your time go fuck on his homeboy,1,['African']
17988573_gab,nigger talking too much typical nigger,1,"['African', 'None']"
1188989713258110977_twitter,some of you all really letting a nigga in a maga hat tell you about our lord and savior lmao go away in <number> pls,0,"['Men', 'African', 'None']"
1178778954007810049_twitter,for now on if blacks refer to whites as vinallas i will refer blacks as chocolates or niggers,1,['African']
21168353_gab,blacksketball is now owned by black rules first they put in the dunk then they stopped calling walking palming the ball carrying the ball and now the college refs are also calling ghetto playground basketball we need a new basketball league where white people again make the rules,1,['African']
15254763_gab,oy vey she turned me into a kike ffs,1,['Jewish']
27393366_gab,love that pic exactly where the nigger needs to be forthousands of years the nigger inferiority has been known,1,['African']
1179562385893232640_twitter,mud people are the source of this climate change bull shit fuck the muddy gad damn negro fucking chocolate lookin ass nigars,1,['African']
7905214_gab,sneaky asians affirmative action is was always anti anglo,0,"['Asian', 'None']"
17409574_gab,c nigger faggot,1,"['Homosexual', 'African']"
18121370_gab,stupid nigger given grades admissioin to school job degree position he never earned and doesnt have iq for fuck off,1,['African']
16805548_gab,bad mudslimes want to cut off your head good mudslimes want bad mudslimes to cut off your head,1,['Islam']
20531142_gab,i am starting to think it the jews 👀,1,"['Jewish', 'Women', 'None']"
24503426_gab,do the nigger fears his armenian nigger loving whore,1,"['Women', 'African']"
21934040_gab,white people calling other white people racists,0,"['Caucasian', 'None']"
14375005_gab,i see you are friends with the nigger cyph who gives a fuck what you think muted dude,1,['African']
18946569_gab,as a kike i can say i at least could not care less about you you fags think all the jews in the world actually care that much about you that they systemically oppress you in the most subtle ways lmao,1,"['Jewish', 'Homosexual']"
1259646090254577664_twitter,@USER do not worry sister we are also with our muslim brothers and sisters we will fight together,0,"['Islam', 'None']"
26470762_gab,andre the nigger angloons colostomy bag tard corral is imploding lol,1,"['Disability', 'African']"
23278682_gab,of course politics is violence retard i never said it wasn t have fun fighting your own reflection in a mirror good luck with your reading comprehension you clearly need it with your nigger level grasp of the english language,1,"['Disability', 'African']"
1093584132536291328_twitter,i thought asians are not fond of divorces what up with everyone in the gee family getting divorces left and right,0,"['Asian', 'None']"
24735346_gab,it a shame when the prince can not find a nigger in his own country to marry but has to find a hand me down from the states,1,['African']
9283077_gab,some might argue we already had a muslim leader just saying,0,"['Islam', 'Other', 'None']"
16757317_gab,we can sieg heil whoever we want into office and it sure as fuck will not be a nigger lover ever again,1,['African']
6329465_gab,white countries are under invasion betrayed by our own gov,0,"['Refugee', 'Caucasian', 'Other', 'None']"
17994158_gab,you are not white you filthy perfidious kike rat,1,['Jewish']
5395616_gab,jake tapper is a kike jew,1,['Jewish']
20188647_gab,an endless stream of faggots and fakes to amuse and confuse you cut thru it teamwhite v teamjew if they are not white and anti jew they are teamjew it aint that hard,1,"['Jewish', 'Homosexual']"
1097689747953192965_twitter,sud we selebrate shivaji birthday today especially when muslim brothers are leaving under fear,0,['Islam']
15764639_gab,it is not set up yet it for donations to my legal fund only i have not even enabled it there no bank account attached yet any more questions nigger lover lover,1,['African']
24161327_gab,this is what you get when you allow islam to run a country,1,"['Islam', 'None']"
1200173657605263360_twitter,that cranberry bullshit is just some ghetto jello,0,"['African', 'None']"
5120469_gab,if rule of law still existed we would not have illegal immigrants screeching insults at us on the television knowing they are untouchable brimelow,0,"['Hispanic', 'Refugee']"
12342840_gab,sharipo is a fucking jew and if you know that kike he plays his jew card everytime the shit goes down ben is a fucking liberal,1,['Jewish']
19159387_gab,lmfao the retardedness yo actually stabbing a fucking real kike is not larping you muppet come on @USER ‍ you are not sending your best to bullycide us,1,"['Jewish', 'Disability']"
18222430_gab,politically correct moron justin trudeau of canada who passive aggressively criticized the u.s. for their temporary immigration ban from muslim majority nations told salvadorans not to come to canada shows you what liars and hypocrites social justice warriors are,1,"['Caucasian', 'Refugee', 'None']"
1178918089246806017_twitter,this goofy ass nigga wanna follow me on the gram,0,"['Men', 'African', 'None']"
9173465_gab,strangely i dont believe him if its muzrat its lips are moving its lying however lets hope his plea to not be sent back to australia is granted we dont want the bastard to be kind we should send him his entire family stamp never to return,1,['Islam']
13265405_gab,i am a proud nsdap member nazi was a kike slur i will not wear it nsd ap,1,['Jewish']
25712835_gab,notice how slumdogharry mudwhoremarkle now do the inner city ghetto gigs marriage is pr so royals can stay in power when blacks become a majority they hope meanwhile they are happy to sacrifice us brits for diversity,1,['African']
16852709_gab,i do believe that sheboon shit her britches,1,"['Women', 'African']"
1178125455725072385_twitter,according to that piranha mouth dyke i am a level <number> gook 🥴,1,"['Asian', 'Homosexual', 'Other']"
27623811_gab,gang rape tommy fuck jews streetshitter420 maga gab gab torba gtkrwn turkroach fuckbees gabcoin qlarp trusttheplan,1,['Jewish']
15174706_gab,that kike jewess totally inbred only another piece of garbage would ever sleep with her,1,"['Women', 'Jewish', 'None']"
24700123_gab,good thing she can not you are still a cuck and she still a coal burner aka nigger lover,1,"['Women', 'Men', 'African', 'None']"
14551753_gab,we will know him as in the diversity crusher with you singh this is a parody post and does not condone violence it just common and garden venting by an annoyed straight white male about the typical degeneracy and anti white opportunism of the evil mudvader,0,"['Men', 'Caucasian', 'Other']"
6109975_gab,wisconsin what do you mean wisconsin is toast large scale black violence and invaders are common there they blew up a gas station,0,"['African', 'None']"
16460769_gab,they absolutely do everyone used to believe sweden was the best place in eu to go but there is not anywhere there you could pay me enough to go visit much less live most esp bc of the mudslimes socialism,1,['Islam']
19410887_gab,fuck you kike,1,['Jewish']
25108940_gab,does not look like an anglo saxon to me fucking piece of nigger shit he will feel right at home in jail he dindu nuffin,1,['African']
15614215_gab,i am sure your bf dindunuffins either,1,['African']
27928076_gab,inbred paki thinks he can conquer the west lolzy doe,1,"['Islam', 'Other', 'None']"
24519642_gab,these pathetic fucks are desperate for any nigger to use as a shield to fend off meaningless words from people who hate them any simian willing to ape basic bitch talking points for a banana will do,1,"['Women', 'African']"
17038569_gab,what happened zhids happened,1,"['Jewish', 'None']"
10488234_gab,you openly censor users downvoting freedom push mute selfcensorship a subset of censorship as freedom and are a profitmonger make gab non profit open source transparent bring the community into the dev circle remove mute google analytics and downvote censorship currynigger racetraitor,1,"['Other', 'Indian']"
22312716_gab,exodus the kike foundational lie before the holohoax <number> jew men plus all wives children animals so millions tramping through a small desert prior people had crossed for <number> yrs yet they are lost <number> years zero evidence bs all things jew are <percent> lie twisted beyond reality or total fiction,1,['Jewish']
1178775494684217344_twitter,i hate being retarded white and male,0,"['Men', 'Caucasian', 'Other', 'None']"
1179093352744009728_twitter,@USER @USER @USER syg and castle doctrine laws are ways white people declare open season on blacks they are all about letting white bois and gurls get away with murder absolutely intentional,0,"['Caucasian', 'None']"
9818096_gab,regarding south africa either kill all the niggers or get the fuck out regarding america you niggers better kill us all or we will eventually send you back to africa,1,['African']
16610273_gab,oh ffs be an adult did you not say what can i do if my <number> year old daughter brings home a nigger paraphrased or are you saying that myself and others just made this up what the hell for we already know you are a liberal cuck,1,['African']
25552141_gab,@USER ‍ how much nigger cock do you suck per week faggot,1,"['Men', 'Homosexual', 'African']"
14163229_gab,according to the bbc the eu to prevent crime terrorist attack carried out by 3 rd world non white mainly moslem immigrant in europe we need even more 3 rd world non white mainly moslem immigrant to come to europe,0,"['Islam', 'None']"
19547787_gab,that cuck faggot jack dorsey entire account is sucking up to niggers what a bitch he is,1,"['Women', 'Homosexual', 'African']"
15675442_gab,this <number> yr old nigger conyers retired today after a gazillion years of groping women and acting like a nigger he wants his niglet son to replace him what a fucking nigger,1,['African']
19574375_gab,imagine being so retarded you think calling nationalsocialism leftist is an argument while ignoring the literal jewish communist foundations your ideology is based on,1,"['Jewish', 'Other']"
16277244_gab,i know both and who cares if they are born into wealth i also will not be showing a mongrel wetback my taxes so we will never know if you are making more than me cultural appropriation is never pretty on brownies,1,['Hispanic']
18740102_gab,frankly patrician i have always wanted to tease him in with nothing but sex on his mind and then skewer both his testicles with an icepick premier kike propagandist that he is,1,['Jewish']
16982012_gab,welcome one man enter one kike fry,1,['Jewish']
18961060_gab,white americans should learn yoga history acknowledge the cultural appropriation they engage in and possibly reduce the cost of yoga classes for poor people a group that often includes people of color and recent immigrants such as indian women to whom this practice rightfully belongs gandhi argued,0,"['Caucasian', 'None']"
1178727087114510336_twitter,how to keep people out the lab play nigger music over the lab speaker,1,"['Nonreligious', 'African', 'Other', 'Minority']"
19068637_gab,yup just like the old joke why do lions lick there ass to get the taste of nigger out of their mouths 😈 gab fam white is right,1,['African']
25559277_gab,looks like an ugly fuckin nigger to me,1,['African']
22804233_gab,trump is a clown white men need a leader trump fooled us just another anglo kike server,1,['Jewish']
24226759_gab,all white women should carry and learn how to use the gun my wife is licensed and goes to the range at least two times a week she says no nigger is going to lay a paw on her,1,['African']
14165113_gab,i am <number> and i followed my instincts i never liked negerball never watched the retarded bonobo chimps,0,"['African', 'None']"
1125215874581958656_twitter,bro arabs live in a mf desert and still got time to be racist lmao go drink some water or smth 😂 😂 😂,1,['Arab']
1214239272355737601_twitter,@USER <number> thousand people think anne frank is diarrhea sounds like sarah silverware has quite a lot of nazi friends,1,"['Jewish', 'Other', 'None']"
19474727_gab,nigger shit fuck ass cunt,1,"['Women', 'African']"
11947456_gab,well nigger loving whores like you have no shame,1,"['Women', 'African']"
16959844_gab,be armed and avoid travel in cities we can never take the nigger out of the nigger chicago baltimore detroit should be no go zones and let them all kill each other hope the <percent> of good blacks move first,1,['African']
12645179_gab,screw the cowgirls nigger bitches,1,"['Women', 'African']"
15226898_gab,she a half nigger mutt,1,"['African', 'Other']"
13309159_gab,why do not you move to the ghetto if you like blacks so much,1,"['African', 'None']"
7996400_gab,seems like a nigger too from some of the speech patterns one of them rare dindus that can spell a lil bit,1,"['African', 'Indigenous']"
25443383_gab,you have already tried the standard shit i see here daily you gonna answer or try and kike me again last chance bro do not dance with fire if you are scared of being burned,1,"['Jewish', 'None']"
14156853_gab,how rich is this yet played by a nigger,1,['African']
1178382939085778944_twitter,some white ppl called me a stupid nigger last night,0,"['African', 'None']"
16501955_gab,so she just a future welfare nigger breeder,1,['African']
1179105659716956160_twitter,@USER @USER @USER @USER imran khan and the entire p gistan 🇵 🇰 the jihadi radical islamic terrorists supremacist nation which is full of jiahdi terrorists radical terrorist p gs 😂 😂,0,"['Islam', 'None']"
15153292_gab,dumb spic bitch,1,"['Women', 'Hispanic']"
20622443_gab,da joos da joos da joos if you arent screaming about jews <number> you re a kike shill listen retards we know jews belong in an oven but your autistic rambling about them is not achieving shit shut the fuck up,1,"['Jewish', 'Other']"
1215629083964583936_twitter,@USER christian or muslim your heart and love towards humanity is what makes you a good christian and a good muslim,0,"['Islam', 'Christian']"
11333277_gab,it only hit the beaner city,1,['Hispanic']
9025380_gab,black violence is wildly out of proportion,0,"['African', 'None']"
23331498_gab,bump that fuck them cosmo queers of zion no way now am i gonna lose site of that,1,"['Jewish', 'Homosexual']"
1178783421058994176_twitter,gangsta poppin margiela can not hustlin this nigger,0,"['African', 'None']"
11917412_gab,this of course is just donald trump charming kike son in law helping out the don with 4 d ultra hi res techni colour chess you will have to admit it sooner or later america trump was controlled opposition against clinton,1,['Jewish']
16085711_gab,hurr durr such savagery if our civilization dies out roaming negros rape women like the soviet army occupation of <number> at least we will not have given into savagery hurr durr victorian england was so patriarchal and savage hurr durr these brown matriarchal people are so civilized @USER,1,['African']
5168535_gab,i am not how many people are away of george webb it states at day <date> they are amazing it watching real crime story of clinton and coons unfold in front of you eyes i just found him george webb cinton haiti clinton cartel pedo pay to pay trafficing,1,['African']
10099455_gab,next up mexit wet back you go spick,0,"['Hispanic', 'None']"
9827555_gab,if you use the nigger word you better never apologize for it,1,['African']
1236058528303009797_twitter,@USER this shit is ghetto 🥺 we don ’ t deserve this,0,"['African', 'None']"
17095062_gab,very nice now women can decide if they want to get raped or not 😷 taharrush happynewyear migrants islam,1,"['Women', 'Islam', 'Refugee']"
23528556_gab,i blame all the white guilt commie kike cuck dismay for this violence,1,"['Jewish', 'Other']"
24183608_gab,where are the german men to protect this child and beat the living shit out of the muslim retards who are bullying him,1,"['Islam', 'Other']"
16535198_gab,let masha and the bitches send that one to nigger hebben,1,"['Minority', 'African', 'Nonreligious', 'Other', 'Women']"
11994307_gab,in bk watching a nigger try to get free food i had come here yesterday and akst fa a chicken sahwits and it wunt fresh wuhih dooda get a good one talk to a managa sum black manager behind the counter i getchyu one mah du hole up,1,['African']
19213766_gab,till i die fuck the pmrc riaa dmca temprence turn of the century faggots i think for myself and i d sooner gouge mein eyes out that hand a greedy kike a shekel,1,"['Jewish', 'Homosexual', 'None']"
13261438_gab,the bbc are in mourning as the death of moslem convert sally jones aka the white widow in syria is confirmed,1,"['Islam', 'None']"
14640028_gab,they all took a a filthy kike raping selling their sexual and moral soul for money and fame you do not get to take it with you filthy shiksas when you die,1,['Jewish']
27528223_gab,when muzzies rule the uk this is what happens,1,['Islam']
19801022_gab,eat shit you spamming kike,1,['Jewish']
20202278_gab,pot calling the kettle nigger,1,['African']
16732270_gab,send this spear chucking jigaboo to somalia,1,['African']
12589613_gab,it seems that the whole blm movement boomeranged on blacks in the ghettos ytd in <number> homicides in chicago are down from the same period in <number> but are still way up from the same time period in <number>,0,"['African', 'Other', 'None']"
20397206_gab,and the kike reveals himself lol,1,['Jewish']
12131802_gab,trump is a fucking kike liar,1,"['Jewish', 'Minority']"
21044767_gab,there a certain irony about mps talking about ethics condemning bradley higgins perhaps pedo tax dodging expense fiddling moslem cock sucking pro mass immigration anti british fascist traitor mps should take a long look in the mirror,1,"['Islam', 'Refugee']"
1177392985471934464_twitter,imma start blocking anybody that post that lil ugly dyke haitian boy on the tl it disturbing af,1,"['Hispanic', 'Homosexual']"
26728407_gab,you are not a nigger case closed,1,"['African', 'Minority']"
26202771_gab,the <number> russian from twitter are costing kike land some shekels legendary alt right barbaric khazar kike,1,['Jewish']
15210431_gab,what with this racist coon nurse a murderess hang her,1,"['African', 'None']"
22544824_gab,call a doctor quick some moslem from a shit hole country has a severe case of the hurt feelings,1,"['Islam', 'Other']"
1178439505126346753_twitter,@USER he dindu nuffin wrong,0,"['African', 'None']"
4393672_gab,since he started isis maybe a jihadi should have him @USER,1,['Islam']
1178747940329971712_twitter,pull up blunt smoking to the weed prada niggers,0,"['African', 'Economic', 'None']"
1080861105604284416_twitter,@USER @USER i can not believe reid uses the words negro dialect in his personal vocabulary,0,"['Women', 'Men', 'African', 'None']"
14547601_gab,we are accepting donations on behalf of rose west who has really made a remarkable transformation from straight white female killer to east indian lesbian kindly send donations to killerdonations org,0,"['Asian', 'Homosexual', 'Other', 'None']"
14024707_gab,just another day in kikey la la land,1,['Jewish']
22986613_gab,fuck that nigger bitch,1,"['Women', 'African']"
1256082039142563840_twitter,@USER guys i think stephen miller is a nazi just like other stephen miller is fuck off you white supremacist piece of shit,1,"['Caucasian', 'Other']"
18092954_gab,only a face a muslim could love,1,['Islam']
25046089_gab,it might be time for us to stop calling the sand niggers dumb,1,"['Arab', 'None']"
1178716113359605760_twitter,@USER modi is the pm of whole of india he went to chennai and fucked all niggers all you could do was tweet gobackmodi,0,"['African', 'Other', 'None']"
18673891_gab,hey guys i just saw the greates name for don lemon ahem nigger cunt,1,"['Men', 'African']"
17084379_gab,well if they arent rabid liberal leftists maybe a strong privately done vetting process needs to be conducted dont wanna have potential arabs comin out,0,"['Arab', 'None']"
14486749_gab,i was living in charlottesville va when this drug addled nigger was dc mayor he was the laughingstock of white virginians as was the district and district voters at the time,1,['African']
1097003031344734215_twitter,@USER jihadi relax soon you will also sink in pain and anguish of your jihadi brothers being killed by indian armed forces,1,['Islam']
16498340_gab,good bye facebook and twitter its ok to see people thrown off buildings women being stoned and head cut off god forbid the truth being told,1,"['Women', 'Islam']"
17841295_gab,black people jesse jackson rosa parks mohammed ali king jr all had award ceremony over the yrs for trump efforts funding time involved with poor crumbling inner city ghetto children some said racist black people lowest unemployment sense <number> black people are making <money> more monthly,0,['African']
14613167_gab,lol the bbc crying over their favourite anti white nigger comrade bob mugabe being overthrown in zimbabwe,1,"['African', 'None']"
22675750_gab,baby nigglets has become pets for liberals marxist and cultural marxist psychopaths white genocide alt right <number> <number>,1,"['African', 'Economic']"
24615935_gab,i doubt that filth fucking bolshevik kike said that,1,['Jewish']
6361902_gab,attention all you right wing straight christian males please quit going around killing people in the name of jesus you are making other christians look bad you are the religion of peace how often do you here mudslimes say things like that one in <number> million,1,"['Men', 'Islam', 'Christian']"
14392896_gab,fuck these moslem mongrels pity the average brit hang the rest,1,['Islam']
25428035_gab,did wictor shoot some random nigger or something lol,1,['African']
1219499223189721088_twitter,“ pick that cotton negro ” or whatever massa said,1,"['Women', 'Men', 'African']"
14069717_gab,if euro americans can care for the welfare of whites being hurt in south africa i would truly be a worthless nigger if i ignored their problem as well as my brethren causing said problems your kind words are appreciated though undeserved end,1,['African']
17418297_gab,looks like theyre a bunch of sluts too this is nigger tier propoganda,1,"['Women', 'African']"
8444929_gab,@USER @USER never has sympathy for brits just loser muzzies like himself,1,['Islam']
21288126_gab,when the muslim rape gangs take over california and they are running around asking where are all the infidel women at just direct them to the youtube and google headquarters,1,['Islam']
13980938_gab,if you are more ghetto than a black girl you should end your life,1,"['African', 'Refugee']"
25849726_gab,once you realize those super gay shows like big bang theory have jews as the main cast they become funny for a completely different reason than they are intended to be they are funny because that how jew men look like faggot pussies,1,"['Jewish', 'Homosexual']"
1080341574754754561_twitter,@USER uk is an islamic state are brits going to take their country back,1,['Islam']
25358912_gab,all jews world wide are about to have everyone in proximity attacking them,0,"['Jewish', 'Other']"
1178667690984128512_twitter,@USER cries in ching chong,1,['Asian']
20164205_gab,true if u go thru a drive thru an there a nigger there u gon get aids,1,['African']
23238279_gab,brighton is a ghetto and needs the acts of winnie mandela justice has been pronounced,0,"['African', 'None']"
1139180184836431877_twitter,@USER non muslims can follow on muslim laws in shariah,0,['Islam']
22368593_gab,what you think tomorrow the world will wake up to find all darkie flathead dindunuffins taking their last gasp,1,['African']
17129669_gab,happy new year all you guys be safe over there across the pond knee cap a few muzzies for the yanks,1,['Islam']
12345088_gab,western europeans united against the inferior subhuman mudslime filth,1,['Islam']
4968783_gab,hopefully we can speak freely about moslim terror here,1,"['Islam', 'None']"
1177892324472479744_twitter,gold poppin bugatti brown gangsta shit this nigger,0,"['African', 'None']"
20733800_gab,these jews are so stupid think like a lawyer for a minute you can keep and bear all the arms you want any kind you like no mention of ammunition in the constitution however they could just try to make that illegal,1,['Jewish']
14410879_gab,it does not matter what this kike would rather it matter what we would rather we would rather gab had a larger audience than twitter does anyone remember myspace it only a matter of time before twitter becomes a place no one cares about because they are soft and lazy,1,"['Jewish', 'Other']"
9294761_gab,i have learned so many things from listening to mr bond songs for example there a surprisingly large number of words that rhyme with kike,1,['Jewish']
3W1K7D6QSBI0FMP81SNQZIE9TUIZBV_nf_2,what the difference between a nigger and a large pizza the pizza can feed a family of <number>,1,['African']
5708239_gab,if i was trump i would certainly not be broadcasting my intentions for these hooknosed bastards he has been tossing them a bone for the time being while he figures out the correct strategy needed to eliminate this toxic and distractive influence from the world,1,['Jewish']
14565472_gab,so get this every day us white men hear the kike academic and activist call for our dispossession and genocide it not okay to be white and somehow we are supposed to be anything but satisfied that hitler might have based on dubious jew lies gassed some of these shit bastards,1,['Jewish']
20069758_gab,hating beaners is so easy,1,['Hispanic']
23802821_gab,if i am a russia troll for not wanting to go into another war for the kike a than i guess i am a russian troll and proud of it no more wars for israel,1,"['Jewish', 'Other', 'None']"
27323933_gab,if the arabs in gaza had leaders that cared they would have water u moron,0,"['Arab', 'None']"
20063210_gab,well he needs to stop pimping them out then or these hoes have become too uppity flashmaster trump needs to discipline them like any good ghetto pimp would,1,"['Women', 'African', 'None']"
12918517_gab,ot has someone a quote by this sarah press @USER kike about her catholic german boyfriend one of my followers was asking and i could not find one handily,1,"['Jewish', 'None']"
22337244_gab,hey nigger stop with same post over and over,1,['African']
23558286_gab,yep i knew you were a kike you are promoting a conspiracy between trump and putin that never existed gas yourself my commie kike,1,"['Jewish', 'None']"
1086592848512708608_twitter,we pray differently guyseu u just cant ask us muslims to lead the prayer inside the classroom,0,"['Islam', 'None']"
19589481_gab,so it a desert kike instead of a european one that wrote it duh it does not matter they are all jews,1,['Jewish']
15823951_gab,that area of philly is huge ghetto the niggers ruined the best neighborhoods in philly on purpose no such thing as an upscale nigger neighborhood and never will be,1,['African']
13146695_gab,you are in the grip of meme malware that is what i fight also muzzie invader scum,1,['Islam']
1179082628349063168_twitter,@USER @USER @USER bt that does not mean we will allow illegal muslim immigrants from out side,0,"['Islam', 'Refugee', 'None']"
1178301216981504001_twitter,you all faggot ads niggas keep trying to sabotage my work b bitch ass poppies and jehovah witnesses do not control what i make fuck your mother fuck abc news too and the bitch ads tech assholes,1,"['Heterosexual', 'Homosexual', 'African', 'Other']"
26532368_gab,unknown artist describing jihad islam,0,['Islam']
1203696964581257221_twitter,just a reminder to my muslim moots that we can not say rest in peace,1,['Islam']
11534429_gab,did i say soley you disingenuous kike rat i said <percent> and it would be better without your <percent> plus the other former <percent> thanks kikes for crankung rhat up to <percent>,1,['Jewish']
21814903_gab,well you guys have moved on from twp and are attacking cantwell and paul nehlen now who next american nationalist you wanna come at me too do you fucking cunts even attack jews once,0,"['Jewish', 'Women', 'Other', 'None']"
13681705_gab,believe or not that one of the lucky niglets,1,['African']
1178835893345558531_twitter,@USER no we can fuck as many white bitches as we want just do not wife one,0,"['Women', 'Caucasian', 'None']"
1169621316875575296_twitter,whatever you niggas doing to gay ppl i wish y ’ all would stop cuz gah dayum,0,"['Homosexual', 'African']"
15122827_gab,my theory is twitter new dumb ass retarded rules of monitoring off site behavior will basically mean anyone on gab is a nazi lol that what my take on it is god i hate twitter,1,"['Jewish', 'Other']"
22073556_gab,figures a fat coon liberal,1,"['African', 'Other']"
22973098_gab,the duplicitous kike @USER must be gassed and his followers slaughteted unmercifully agreed you take care of gassing the kike i will handle the unmerciful slaughter of his followers,1,['Jewish']
11748801_gab,i see on google that gab is a right wing hate speech group well cock suckers like the left have created conditions for normal people who have been stomped all over for the last <number> years and the nigger that was in the black house poured gas all over it,1,"['Homosexual', 'African']"
11539399_gab,please people please stop posting photos of that ulgy bitch that lost the election and of that moslem faggot that never was president please im sick of their faces,1,"['Homosexual', 'Islam', 'Men', 'Other', 'Women']"
1179102982253748229_twitter,fucking niggers making it obvious and shit 😒 @USER,1,"['Nonreligious', 'African', 'Other', 'Minority']"
16018169_gab,i would just stab nigger one on one its fair fight now 😉 if he try something 🤗 🤗,1,['African']
1178537198859079681_twitter,the craziest most ghetto shit happens in my neighborhood man 😂 😂 😭 😭 😭 jose and i can not chill in his car and talk for shit these white ppl are wild,0,"['Caucasian', 'None']"
16941475_gab,the asians are gonna chuck all of us in the oven,1,"['Asian', 'None']"
1179926054426861568_twitter,funding myself is so ghetto i need a sugar daddy 🤕,0,"['African', 'Other']"
23674092_gab,sanctuary city leaders in los angeles are gloating over a court win over trump on withholding funds to the illegal abetters the ruling was handed down by a <number> year old spic judge who has been on the bench for over <number> years since appointed by lbj in the mid 6 0 manuel real,1,"['Hispanic', 'None']"
16813682_gab,jews were banned from american social organizations up until the marxist civil rights movement in the 1 9 6 0 the church banned jews from christian society for almost <number> years even romans and greek kept you dogs away from polite society are you retarded or what,1,"['None', 'Men', 'Women', 'Other', 'Jewish']"
16276804_gab,excellent suggestion from the anonymous conservative eliminate all counter terrorism programs stop the surveillance of muslims ship the muslim refugees to leftist areas and let things roll until the leftists in the cities cry uncle and decide to stop importing the muslims,1,"['Islam', 'Other', 'Refugee']"
20441809_gab,jews are just nuts blowing the dyke in new orleans bombing countless airliners shooting arab kids sinking ships firebombing dresden bombs in iraq and the list goes on and on,1,"['Women', 'Homosexual', 'Jewish']"
26795547_gab,so an inside joke and i am the so called inept pelican wow haha go have your silly fun i guess nigger,0,"['African', 'None']"
19266458_gab,fuck that nigger read moar you faggots its not all it appears but she a good nigger now,1,"['Homosexual', 'African']"
24027595_gab,but bro what about that based female nigger general trump hired friggin based man,1,"['Women', 'African']"
1233829406721761281_twitter,@USER hindus are tolerant towards others while muslims are not muslims always use violence in their own benefit,1,"['Hindu', 'Islam']"
23299541_gab,this is why women having careers is not our people this is why any non white immigration is not our people this is why doing drugs is not our people this is why going down to home depot for illegal labor is not our people you cannot violate this principle and be our people,1,"['Women', 'Caucasian', 'Refugee']"
12098163_gab,its a bloody good thing that muzzie cunt is gone,1,"['Women', 'Islam']"
26012116_gab,nothing royal about this wedding he is a bastard and she is a nignog halfbreed thot and a divorced catholic to boot it is notable that both the father of the bride and the father of the groom did not attend,1,"['Women', 'Christian', 'African', 'Other']"
19513796_gab,other than ted bundy i have never heard of a violent criminal voting republican republicans should be doing everything in their power to keep felons from voting and if kike judges make that impossible keeping felons in prison imo republicans advocating for muh prison reform is political suicide,1,['Jewish']
8695293_gab,epileptic gamma kike kurt eichenwald calls the alt right childless single men who masturbate to anime 4 chan sends him swastika memes till he fumbles a screenshot revealing his hentai browser tab he covers with a transparently false lie featuring his wife kids and tentacle porn,1,['Jewish']
23501681_gab,before the crusades for <number> years the barbarian muslimes murdered christians and invaded took nations in europe much as they are doing now that ended with the crusades christians were forced to fight back and they destroyed the muslimes history will repeat we have no choice @USER ‍,1,"['Islam', 'Christian', 'None']"
19855213_gab,we tried to tell them to throw out the beaners too but they just will not listen,1,['Hispanic']
13855748_gab,does the nfl still think poor blacks faggots dykes and hillary supporters are going to fill their stadiums look again maga gabfam news,1,"['Women', 'Homosexual', 'African']"
22680262_gab,giving the asians a bad name,0,"['Asian', 'None']"
1178689664275927040_twitter,my facebook queer asians groupchat is my whole life rn,0,"['Asian', 'Homosexual', 'None']"
23607134_gab,you get flak when you are over the target but you do not hit a moslem target if there are not dead kids used as human shields,0,"['Islam', 'None']"
21527223_gab,part i the <number> murder trial of oj simpson and his subsequent not guilty verdict was hugely symbolic for many reasons <number> it symbolized the browning of california a place once known for its beauty splendor and prosperity now a hotbed of clash violence and negrofication,1,['African']
15332117_gab,@USER hey jewie u still suckin jew cock in your twitter son,1,['Jewish']
22446944_gab,a nigger will never respect jesus a nigger will never respect anything if jesus was black he would respect jesus but because jesus was white even an educated nigger will never respect anyone white,1,['African']
1179054349517021185_twitter,mm o no hollywood ever niggers treater,1,"['Women', 'African']"
12869461_gab,your just mad cuz white guys are better at violence than you are what did obama do about orlando other than invite omar dad to tea fuck you,1,"['African', 'Other', 'None']"
16648077_gab,research it it a kike tradition that is ingrained in their disgusting culture they are truly the synagogue of satan,1,['Jewish']
1175096935327440901_twitter,i used to let so much shit stress me out how ghetto,0,"['African', 'Other', 'None']"
1111372289029763073_twitter,@USER proud to be pro life and i am no nazi haha you spouting bs,0,"['Jewish', 'None']"
15734087_gab,he is going wherever jews take him israel first not america,0,['Jewish']
21519792_gab,plus the media knew in the <number> how bad paedophilia sexual abuse and rape was within westminster and the paki community special branch set up pie especially to spy on and blackmail psedophile ministers saying they e only just found out is a complete fucking lie,0,"['Arab', 'None']"
16120519_gab,the only good nigger is a dead nig oops there are no good niggers,1,['African']
16407424_gab,want to know the real bubble the usd under the fed we will remove the nigger fed,0,"['African', 'None']"
15770584_gab,tfb maybe if they were something other than thieving arab terrorist scum their fellow arabs might give a shit,1,['Arab']
21692932_gab,dublin will mirror londonistan moslem rape gangs drug trafficking acid attacks black criminals gangs with horrendous gun exchanges 3 rd worlders sucking social housing welfare dry not working future under this immigrant ireland 2040 plan the death of ireland our shared celtic heritage my ancestors ni ireland <number> death of the irish,1,"['Islam', 'Refugee', 'None']"
1178719424553066498_twitter,@USER @USER my family is cuban and even they hate you guys lmao you guys are just a bunch of white saviors trying to protect people who do not need protection,0,"['Caucasian', 'None']"
25665650_gab,oh hell no fuck this kike bitch,1,"['Jewish', 'Women']"
1178963201238716417_twitter,niggers waste their entire lives running away from themselves,0,"['African', 'None']"
1178839475851411457_twitter,the biggest thing i am worried about is trump affiliation with the nra and his threat that there could be divide in this country over an ideological civil war the president is tearing this country apart presidents really should not do that i d hate to shoot a redneck,0,"['Caucasian', 'Other', 'None']"
1076653388232704000_twitter,a nigga have a baby on me i swear i ’ ll take out the whole family sorry not sorry 😋 🗡,1,['African']
26582599_gab,if you are a muzzrat in the uk you can say whatever you want they will even provide police escort when you are a native in the uk you are not so lucky for you escort to jail,1,['Islam']
13086758_gab,unfazed by constant acid terrorist attacks by moslems many londoners refuse to blame their moslem neighbours moslems are so like totally peaceful said brian <number> a gender studies student the local university his partner tom a yoga instructor agreed i just love their kebabs their super yummy,1,"['Islam', 'None']"
12646112_gab,did not a nigger just shoot up a white church just wondering because i have not seen any politicians or media people screaming for any all to disavow black supremacy,0,"['African', 'None']"
15976818_gab,nyc bomber dam i burned my dick off wow now i am a transgender muzzrat now deblasio will pay me twice as much,1,"['Islam', 'Homosexual']"
19566624_gab,as always translated versions have omitted verses to make islam look like a good ideology funny that it wasn t distributed in venezuela perhaps it known it will be used as toilet paper since there is a shortage,1,['Islam']
1211457542850670592_twitter,i ’ m that white girl that fuckin hates being a white girl and was raised by a black parent lol and not even full white i hate it here,1,['Caucasian']
13869436_gab,cultural appropriation is wrong never support this vile act remember this halloween niggers have no right to participate do not give nigglets candy,1,"['Nonreligious', 'African', 'Other', 'Minority']"
22505786_gab,i will insult whoever the fuck i want be nice to the little brown dyke trying to shred your constitutional rights fuck you cuck btw quit white knighting for the little dyke she will never notice you,1,"['Homosexual', 'African', 'None']"
19663357_gab,the once great sa was a world leader <number> years ago now it is reduced to a ghetto from black rule and johannisburg will soon be a ghost town mark these words,1,"['African', 'None']"
1178042592501456897_twitter,@USER i am asian be thankful i did not add ching chong at the end of my sentence,0,"['Asian', 'None']"
17504619_gab,are u for real absolutely who cares jews care intensely otherwise you would not have conspired to shut down anglin and his daily stormer in addition to 1 0 0 0 of other sleazy kike moves losers wars against israel wars fought for israel by american soldiers jews do not fight,1,['Jewish']
20233877_gab,city wil l soon be worthless ghetto like chicago billions in debt no profitable businesses just gov subsidized companies,1,"['African', 'None']"
1196465289409548288_twitter,jhené aiko and big sean ’ relationship is something i never want in my life that level of indecisiveness is ghetto,0,"['African', 'Other', 'None']"
15251574_gab,when kikes were living in the ghetto instead of running the show,1,"['Jewish', 'Other']"
17052889_gab,i am against the oppression of women and everything islam encompasses,0,"['Women', 'Islam']"
10167807_gab,los ingleses son demasiado blandos con la inmigración basura ahora también colocan muslimes como profesores en los colegios 😝,0,"['Islam', 'None']"
12526010_gab,oh right ok look i am obviously dealing with a fucking moron here so we will have to leave it at that you just keep believing in your blank slate theory bro maybe you can adopt some niglets and prove us all wrong,1,"['Disability', 'African']"
11123890_gab,thanks <number> john deere black lives have not mattered for a long time super ultra nigger <number>,1,['African']
1225661082083024897_twitter,caucasians wearing masks to prevent coronavirus and still don ’ t wash their hands,0,['Caucasian']
1178614730564538368_twitter,@USER @USER you own me 2 gold fucking niggers,1,"['African', 'Minority']"
17536576_gab,oprah is an affirmative action piece of shit fat ass nigger bitch,1,"['Women', 'African']"
19398091_gab,you see one of the great things about finally just admitting the problem with jews is when you see anything they try to spout off you can automatically file it under deceptive kike trying to tear down society without even having to bother reading it,1,['Jewish']
1178791646978334720_twitter,@USER @USER @USER @USER @USER lynching in the united states says what about repeated acts of racism by canadian prime minister isis jihadis allowed back into canada had slaves they brutally raped and killed yazidi and christian women so the slave owners were supported by lpc,0,"['Islam', 'None']"
10427435_gab,currynigger and known race traitor @USER has now hit the force unfollow button on me <number> times in the last <number> hours this little freeway shitstain can not pull off even pretending to be pro speech it just wants to cut things into swiss cheese safespace hugboxes for it weakminded little self gab fam,1,"['Other', 'Indian', 'None']"
19399191_gab,it was better off when apartheid existed now its a nigger shithole niggers are killing whites get out or stay away,1,['African']
1177795698890166272_twitter,@USER thank you for supporting hk standwithhk 9 2 9 globalantichinazimarch,0,"['Asian', 'None']"
1179041207567171587_twitter,i am going to skip the joker movie i think i just do not think i have the capacity to take on that level of white male dark violence crap in <number>,0,"['Men', 'Caucasian', 'None']"
23974948_gab,lol finally one nigglet out of millions learned how to use white people invention,1,"['African', 'Minority']"
4205492_gab,snoop dogg says any black entertainers who perform at trump inauguration are uncle toms just more prove that blacks must act think talk like niggers or they have their ethnicity revoked by the ghetto trash who refuse to evolve,1,['African']
18088062_gab,this morbid yid with fleas brown only in his shithole,1,['Jewish']
20448852_gab,not to mention eating beans and a nigger work song,1,['African']
19521403_gab,he blames white supremacy when blaming the jews would make the world make sense what do you think his iq is,1,"['Jewish', 'None']"
7079908_gab,do not feel bad the muzzies have a party every time a westerner is blown up cheers <number>,1,"['Islam', 'Other']"
7736800_gab,@USER faggot i told you already to stop liking my posts you called for my wife to be raped by niggers you i are enemies fuck off bitch ass punk motherfucker i shit on you altright gabfam,1,"['African', 'Other', 'None']"
15554540_gab,your memes are shit you can only call someone a kike and that it,1,['Jewish']
11531871_gab,@USER we are not all in this tohether you fucking kike shill your people are going to get the gassing you habe been been beging for for the last <number> years you christ killing heeb you,1,['Jewish']
20511572_gab,islam 💩 caliphate 💩 isis 💩 muslim 💩 al qaeda 💩 sharia law 💩 jihad 💩 all the same family most moslem believe isis sharia law are in compliance with islam do not believe what they tell you believe what you see,1,['Islam']
20662895_gab,tell him that he ruined star wars by having that nigger on oh and hold your head up high,1,['African']
19734849_gab,susan rice is a lying nigger piece of shit who should be rotting in prison,1,['African']
1237107565676433408_twitter,can ’ t believe a racist tweet ab my city and muslims got over 4 k likes from trump supports is this a fever dream,0,['Islam']
1164665472186556416_twitter,@USER @USER u snooze u lose fuck off negro,1,['African']
22787853_gab,i just wish i could shoot as accurately as those hero cops thanks to them that one less sub human nigger draining my fucking paycheck,1,['African']
26934858_gab,i bet that pro kike whore is really threatened by you,1,"['Jewish', 'Other']"
1178784899899240451_twitter,@USER theyll be like no one loves you ugly porch monkey ass looking bitch thats why the person in your bio gone thats not cool to say its just twitter,0,"['African', 'None']"
25291435_gab,jewish journolister here are the edgelords of the intellectual dark web lists a bunch of jews who retweet bill kristol tweets oy vey they are so dangerous right goy,1,['Jewish']
25212997_gab,go be a nigger somewhere else,1,"['Nonreligious', 'African', 'Refugee', 'Minority']"
1178977811853389826_twitter,@USER @USER maximum inclusivity we are all white supremacists now,0,"['Caucasian', 'None']"
1172924606220517377_twitter,@USER @USER jews and the stupid holocaust myth,1,['Jewish']
11576764_gab,correct even non talmudic jews see it as their divine right to control every last inch of land atom of gold goy even your thoughts which they believe should be focused on how better to serve them,0,"['Jewish', 'None']"
1170198681892474880_twitter,chop stick with the wood send a nigga to jesus,0,"['Men', 'African', 'None']"
27662596_gab,agh waters world dem negresses remarks god dayum,1,"['Women', 'African']"
17856076_gab,i meant nazi like in their tactics threats intimidation violence during the scottish indy referendum not goose stepping all around glasgow,0,"['Women', 'Men', 'Caucasian', 'Other']"
23223029_gab,a brit a swede and an american are in a room together do they all have the same culture or do they each have their own identity ricky is talking about uniting white subcultures not pretending we are all pack animals confirmation bias can be brutal sometimes 👍,0,"['Caucasian', 'None']"
16751878_gab,back on gab after another fucking coons age,1,['African']
20695646_gab,typical pos nigger,1,['African']
16123875_gab,instant mute and creeping my tl total kike behavior,1,['Jewish']
1178732930614595584_twitter,lmfao the passenger in they car is trying to file another claim in they neck and back 😭 😭 😭 😭 u niggers are so predictable make me sick,1,"['African', 'None']"
17829807_gab,you can say potato nigger all ya want just do not say the word sun my arms are already red from it and i have no more sunblock,1,"['African', 'Other']"
11886881_gab,kim jong un dindunuffin,1,"['African', 'None']"
1178705964050079744_twitter,see there him and then there the rest of you niggers,0,"['African', 'None']"
1179035213638307840_twitter,the struggle of coming from a redneck country family is your phone is going to autocorrect to party loud when you try to type your aunt name patty lou 😅,0,"['Caucasian', 'Other', 'None']"
1179012930681085952_twitter,@USER you need potassium eat a banana you fucking nigger,1,['African']
21646855_gab,common sense gun control would be the uk gun laws for blacks and the us gun laws for whites any honest look at the far greater criminality of blacks shows this approach to be rational,1,"['African', 'None']"
20602307_gab,good job the little nigger sow was probably getting ready to shoplift some of that candy you did walgreen a favor,1,['African']
1087161923311939589_twitter,yes i still wear muslim symbol,0,"['Islam', 'Other', 'None']"
20216724_gab,the dark ages was a myth there was nothing dark about it you been listening to too much kike inspired fake history as usual and you hate your own people that much that you immediately believe anything jews tell you,1,"['Jewish', 'None']"
1077719367524052997_twitter,it ’ kind of islamaphobic that everything is closed today,0,['Islam']
21739892_gab,@USER you have just demonised every white person in the western world because this is happening world wide and you have just shown your ok with moslim pedos well done,1,['Islam']
27370845_gab,you sound like a fucking kike,1,['Jewish']
11549132_gab,yeah i dont mind chinks they need to stay in chink land though to many coming to my country,1,['Asian']
1179087043168800770_twitter,@USER @USER ahh they did this last time to but the white person in front smh,0,"['Caucasian', 'None']"
6556400_gab,mpc is the hangout for black teens who are not allowed to say nigger at home mpc status updates,0,"['African', 'None']"
23699069_gab,labour negress says prince charles unfit this is what happens when you pretend that monkeys are your equals this is what enoch powell warned you about how prophetic is his every word from rivers of blood take your country back brit fam 14 words,1,"['Women', 'African']"
1179100968660717568_twitter,@USER interesting analogy the new world order globalists are jews trying to create hell on earth communism pedophilia homosexuality to bring forth their messiah mother goose of all fables now they label her as a successor of christ will they kill her like they killed christ,1,"['Jewish', 'None']"
18744398_gab,a sand nigger with an agenda,1,['Arab']
1246656737593053184_twitter,@USER ugh yes all these muslim armys 🥺 💜,0,['Islam']
1179104863101304832_twitter,can yall dusty niggers engage im bout to start following the yts bc at least they gimme some ❤,0,"['African', 'None']"
26967794_gab,its not necessary for niggerz to have an average iq above <number> to make ur women paticipate in racemixing untill there is no more white,1,['African']
12959273_gab,this is one of the worse niglet stories i have seen in a while hbd,1,['African']
19612534_gab,but whites are not as perverse as fucking moslem inbreed shite,1,['Islam']
1178173344564146179_twitter,@USER shut up ching chong,1,['Asian']
9029452_gab,we should kill a white person every day until the grenfell residents are housed in mansions huffington post blogs,1,"['Women', 'Men', 'Caucasian']"
1267520375900049409_twitter,@USER im muslim army 🥺,0,"['Islam', 'None']"
23082971_gab,have just another rabbit running on facebook under the honey badge guise this one is a little rocket wicked fun making jews dance the homo paedo dave slatfascists is unable to find me on facebook,1,"['Jewish', 'Homosexual', 'None']"
18969876_gab,i know this one i was browsing twitter and saw this very kike had been caught lying that she was a christian she gave no response after being confronted on it a literal fellow white person,1,['Jewish']
1179104377409327104_twitter,@USER software engineering all my classes are <percent> white boys and the <number> or <number> ppl who are not are only ever nb girls or coony bm 🙄,0,"['Women', 'Men', 'African', 'None']"
25973627_gab,shes a fat kike lol,1,"['Jewish', 'Other']"
23780269_gab,do you lads like yachts are you aware that caligula had the first yachts built out of wood of course not because he was deranged and had sex with a horse maybe just maybe that is a lie no goy <number> gorrillion jews died,0,"['Jewish', 'None']"
1178969629001224192_twitter,what is the favorite music key of niggers the key of c,1,['African']
13726041_gab,why has this happened mr kike lover they were expelled <number> times in previous civilizations chosen thiefs of satan is the problem of humanity if you dont belief me ask jesus he too was a national socialist then jews killed him you are missing the bigger picture mr kike lover,1,['Jewish']
7977410_gab,mlk really was a fraud who plagiarized his phd constantly cheated on his wife while lecturing america on morals and routinely banged high school girls as a married reverend in his 3 0 also malcom x really was a gay prostitute,1,"['Homosexual', 'African', 'Other']"
1178508067958382592_twitter,saints please go get a white qb this week anybody better than that nigger teddy,1,['African']
1178684226922848257_twitter,@USER this is the standard bearer of the loony right claiming to want sexual harassment from a turd with frosty topping and they talk about the primacy of white people 🤦 🏽 ‍ ♂️ 🤦 🏽 ‍ ♂️ 🤦 🏽 ‍ ♂️,0,"['Caucasian', 'None']"
1614691_gab,one would have to be a total fucking retard to fit a statement in <number> characters this is why twitter has become a melanized ghetto,1,"['African', 'Other', 'None']"
19472879_gab,he communist and a faggot and kisses kike ass too,1,"['Jewish', 'Homosexual']"
11723958_gab,my son was helping me clear out my loft when he asked do you have a favourite ghetto blaster i replied hurricane katrina,1,['African']
4015071_gab,i can barely go out into society anymore i basically just buy food from the beaner filled store pay all bills online then spend the day talking shit online like a coward what a life,1,['Hispanic']
25197096_gab,operation nigger cull in london has dramatically improved following the distribution of firearms within local tribes,1,"['African', 'None']"
1178714891387097091_twitter,civil war long as i do not have to live in your new republic populated by racist hillbillies and illiterate white trash nascar fucks i will change my own oil,1,"['Caucasian', 'Economic', 'Other']"
21988766_gab,this kind of nigger crap pisses me off leave our white culture alone nigger,1,['African']
18830234_gab,scroll down my timeline slut bragging about getting a professional white basketball player to pay for her nigglet bastard after the father ran off pol ran her off,1,"['Women', 'African']"
9183625_gab,i think ancestry com only exists to troll white liberals by telling them they have some nigger dna 😹 😹 😹,1,"['African', 'Other']"
12816900_gab,do u guys think the make a wish foundation would grant me my wish to call kim kardashians baby a nigger right to it face before i die ✝️ 😇 ✝️ 😇,1,['African']
1177639960184283136_twitter,@USER so in turn abortions make muslims stronger by populating at a faster rate we know your game piece of schiff schiffhead,1,['Islam']
23963439_gab,why wave a confederate battle flag in a nest of angry coons when you got no way to back it up they did not think this one through,1,['African']
24921934_gab,when your pussy self is worth a grammatically sound and proper editing then perhaps you will get to read without using your little brain to decipher i really do not have to impress a little kike minded subversive like yourself peace tho trumpowitz so ironical ironybro faggot,1,"['Jewish', 'Homosexual']"
13567007_gab,i have offered quite a few constructive and gentle criticisms of her kike face and it modern art paint shellacking 😬 buffalo bill was not very appreciative,1,['Jewish']
16556186_gab,isis all but destroyed in syria time to send the muslime refugees home germany starting to deport invader muslimes no valued added to europe,1,"['Islam', 'None', 'Refugee']"
11542353_gab,somewhere there a memo from when someone decided to dump money into the gay rights movement saying from the top down to stop talking about pedophilia as part of it it got to have that idiosyncrasy until it was useful for political purposes at which point it became a liability,1,"['Homosexual', 'African']"
1178388442977320968_twitter,cold sweatin stash in her throat this nigger purple sprite,1,"['African', 'None']"
8258828_gab,bless his heart he precious i am going to keep you nigger joe thanks for everything,1,['African']
22355751_gab,this lil yid pig should be sued by the <number> million he fucked over with their info and strip him clean of every penny and life in prison dirty lil fuckin snyde rat and i am being nice 😇,1,"['Jewish', 'None']"
13579710_gab,looks like we have some muzrat filth that has now ventured on to gab,1,['Islam']
24449567_gab,tell me how dna testing is not real than huh how it fucking fake you kike piece of shit,1,"['Jewish', 'Homosexual']"
10564854_gab,where jazmeanmother they obviously are not keeping it real personally i would make it mandatory that all militant anti white blacks change their name to ghettotrashtreyvon for the males and ghettotrashina for the females call me trump version <number> <number>,1,"['Women', 'African']"
25295913_gab,in the uk yeah right cops do not even speak up when they find a muslim rapegang,1,"['Women', 'Islam', 'None']"
12647173_gab,hunger games with little niglet babies,1,['African']
18783165_gab,also need to bring this back install them in the ghettos if women want to fuck nogs lock them up for <number> hours and teach them a lesson if they come out of it alive that is,1,"['Women', 'African']"
18423788_gab,my job is not to entertain you that nigger <number> iq can not really be helped,1,['African']
20338528_gab,usurper moslem fraud usurper,1,['Islam']
13209747_gab,female sheboon spotted trying to dispose of the body,1,"['Women', 'African']"
12894603_gab,is he taking lessons from penis juice and his kike handlers 🤔 that a great example of reaching across the aisle so to speak if true,1,"['Jewish', 'Minority']"
24050044_gab,there are too many mosques therefore they have no need to pray in the streets it is a form of intimidation that moslem shite use on a regular basis to create havoc and totally piss off the indigenous people stop islam stop koran ban street prayer keep fighting michael,1,['Islam']
22959277_gab,i wish they would abandon her in the ghetto in middle of the night,1,"['Women', 'African', 'None']"
4153260_gab,i guess i will be like everyone else that gets suspended from twitter and make a new account used my phone number on <number> suspended accounts already so blow me jack you cunt nigger faggot,1,"['Homosexual', 'African']"
16652471_gab,and kike who had employed hundreds of illegal immigrants at that wasn t trump supposed to maga guess pardoning jew scum like rubashkin is maga now lol,1,"['Jewish', 'Other']"
3008822_gab,@USER not all arabs if you are too stupid to realize that islam and its adherents are what you are describing i can not help ya,0,"['Islam', 'Other']"
17104729_gab,@USER listen i do not mind if azzmador or any other person calls me spic or beaner or thinks i am subhuman but when you say it it really hurts i never thought you d say those things either way i am sorry for behaving that way and for sending you countless messages <number> <number>,0,"['Hispanic', 'None']"
19671325_gab,the zeal that the msm censors any talk about jews almost makes you think that jews are our de facto masters or something you think there would be any censorship of a person suggesting a correlation between europeans and war,0,"['Jewish', 'None']"
1178670491479035904_twitter,i just want louisiana twitter to know that you niggers are the sole reason disney do not wanna buy twitter it all right here on tl,1,['African']
1178483586208538624_twitter,bill maher m islam is horrible and mosques should not exist anywhere fuck freedom of religion white liberals o lol it ok,0,"['Islam', 'None']"
6710056_gab,teacher asks class where is pakistan little johnny replies outside with paki steve,0,"['Islam', 'Other', 'None']"
24642826_gab,as evidenced by the fact that they do not attack nigger toxic masculinity like rappers ball players with the same ferocity with which they attack toxic white men,1,['African']
18811707_gab,the wall is not the final solution these beaners will keep having babies keep balkanizing our society @USER ‍,1,"['Heterosexual', 'Economic', 'Hispanic', 'Other', 'Nonreligious']"
1178724697128595457_twitter,bitch i am a big ol nigga,0,"['African', 'None']"
7164097_gab,he has not done anything he deported a couple beaners so what even barry did that,1,['Hispanic']
1163009598695071744_twitter,@USER my muslim ass isn ’ t even allowed to use mosques as aesthetics 😔 ✋ 🏻,0,"['Islam', 'None']"
13240915_gab,alright kike lover enjoy ranting about the evil chinese rice farmers you deranged simpleton,1,['Jewish']
14750722_gab,this bitch thinks women make men smart lmao nigga it the iq muslims are inbred <number> <number> retards,1,"['Women', 'Islam', 'Other']"
23463064_gab,get the fuck out of my country spic,1,"['Hispanic', 'Minority']"
22124162_gab,human rights require that white people get tortured to death,1,['Caucasian']
15275145_gab,clearly the libtard ground wale found a nigger to screw her probably the only time in her life she ever got laid how do you fuck a fat woman leaf threw the folds of fat until you find one that smells like shit then turn back one,1,"['Women', 'African']"
17028518_gab,john conyers explains that the reason all of the women he sexually exploited or harassed were white this is just black man getting even for slavery and segregation it is what black men are today a bunch of racists who abuse white women,1,"['Women', 'Men', 'African', 'None']"
25989799_gab,this shit make your skin crawl they just trying to make a nigger elite,1,['African']
1186062248470548481_twitter,my cousin does have me all about why tf we in the ghetto,0,"['African', 'None']"
15646177_gab,incredible how asians have been turning to shitlib ideologies they are traditionally bulwarks of confucian law order disgusting they should be executed,1,['Asian']
2533405_gab,member when ben carson the brain surgeon was called a coon and uncle tom by lefties,0,"['African', 'None']"
20049808_gab,lets not as far as im concerned youre a kike working in tel aviv using kike circular non argument tactics to make the far right look silly as an effort to make sure no one effectively opposes white genocide,1,['Jewish']
19414436_gab,your posts show otherwise nigger lover,1,['African']
27243541_gab,nick the spic fuentes,1,['Hispanic']
1178366157809565696_twitter,@USER the one who embarace islam others on street of usa were disgracing islam allahs_islam vs mullahs_islam,0,['Islam']
23795894_gab,the most radical plans for reconstruction which included land reform the likes of which is currently being proposed in south africa failed for want of support had lincoln survived and these <percent> governments formed with <number> nigger senators the most radical plans would have passed the senate,1,['African']
10428925_gab,fuck off we have more than enough muzzies to deal with,1,['Islam']
15788483_gab,now that nigger mooch can not spend taxpayer $$ to fly her fat ass around the world along with her mother nigger mooch senior she does not seem to go anywhere imagine that,1,"['Minority', 'Heterosexual', 'African', 'Nonreligious', 'Other', 'Women']"
1178771830552907777_twitter,@USER god forbid black people tell white bitches about themselves 🤡 🤡 🤡 🤡,0,"['Women', 'Caucasian', 'None']"
23964564_gab,always a favorite scene kept the nigger in its place did not it,1,['African']
11361945_gab,iron fist is a nigger lover,1,"['African', 'None']"
19256888_gab,the nigger obummer is the biggest lying fraud of all time believe me when he is exposed fully even the bernie niggers will have pitchforks and torches,1,"['African', 'Other']"
1178862532087439360_twitter,@USER @USER he an asshole he blocked me once for simply congratulating him on his promotion to top ranking white house nazi after bannon got canned,0,"['Caucasian', 'Other', 'None']"
23697018_gab,the only thing that makes a black ghetto as stinking black men selling drugs and committing crime because it cool and it in the hood these f coons who destroy society should be executed worthless s* screwing <censored> up societies throughout the world f***ing <censored> nigga c**ts <censored>,1,['African']
1178813281043206149_twitter,richy blunt smoking dick money this nigger pole,1,['African']
15769087_gab,shut your filthy mouth kike,1,['Jewish']
27669307_gab,my written bitten words is like ice cuz shit went through my body like twice tested and vested by arms and fingers vice i do not let my tongue run like a chink on hard rice,1,['Asian']
1258064455943979009_twitter,@USER are u going to be muslim d,0,"['Islam', 'None']"
1179098555606130689_twitter,f*ck <censored> white gays and f*ck <censored> their smelly loose cyst infested assholes they are the epitome of hypocrisy the pinnacle of being a musty thieves that perpetuate stereotypes on the queer community of color but love to adopt mannerisms when it in their convenience,1,"['Caucasian', 'Homosexual', 'None']"
1085608780895870977_twitter,asians dont deserve happiness,1,['Asian']
19865503_gab,lol that for sure deborah only <number> nigger days left,1,['African']
2980390_gab,@USER she lucky all she got was a bad haircut some moslem fathers would rape their daughters first then kill them to restore honour to their family,1,['Islam']
20678909_gab,remember kids the muslim veil is a symbol of empowerment,1,['Islam']
1225381860370305025_twitter,@USER nope muslims cry so often because their mothers get fucked a zillion times in the ass that too by a hairy maulana,1,"['Women', 'Islam']"
23866657_gab,blubber lipped spear chucking jigaboo spook coon bison nostril velcro headed spaboolie niggers 🖕 🐒,1,['African']
20656774_gab,and the kike reveals himself in a couple of posts lol go fuck yourself shlomo,1,"['Jewish', 'None']"
21889137_gab,people call fuentes a spic but do not care paul nehlen is married to a full blood beaner,1,['Hispanic']
18494335_gab,as kids we use to joke that the best sight was to see a nigger swimming back across the rio grande with a spic under each arm,1,"['Minority', 'Asexual', 'African', 'Nonreligious', 'Other', 'Refugee']"
25051192_gab,i wreck every argument you make so you call me dumb lol ok kike,1,['Jewish']
14287638_gab,more kike propaganda in europe almost no one circumcises their boys it genital mutilation,1,['Jewish']
13130170_gab,the only way for world peace is to get rid of all jews if you have not learned this yet just look around and see who is behind every nasty event ever after ww2 its the jews,1,['Jewish']
18823962_gab,why can not i hold all this projection i could say the same exact thing considering i gave you actual data and all you did was go no race isn t fucking real i said so go back to your oven you filthy kike,1,['Jewish']
12518823_gab,ffs lmfao got me again twitter is pathetic shit bastard nigger lovers,1,['African']
26257978_gab,asshole ghetto trash bastard i will have a party when someone puts his in the ground,1,"['Women', 'Men', 'African', 'None']"
14097715_gab,i stand with brianna brochu because being forced to live with some loud affirmative action sheboon will make even the best of us do crazy things university of hartford justice for jazzy,1,"['Women', 'African', 'None']"
16495970_gab,ok give us your defense of nigger dogs tell us how they are not all like that lol i bet you are gonna sound just like some mudshark taking up for actual niggers lol,1,"['Women', 'African']"
1178831761293266944_twitter,can white queer people just stop being like that,0,"['Caucasian', 'Homosexual', 'None']"
24265566_gab,coon cheese holy gawds the progressives here would melt in the grocery aisle,1,['African']
19626016_gab,blacks are much fatter in white societies but they complain a lot guess thats why they all want to move here we tried investing there but they ate all the missionaries and raped all the nuns they dont understand homosexuality,1,"['Homosexual', 'African']"
1178865329000321024_twitter,@USER @USER does that justify lewd comments or sexual harassment on the street should women in our own land on our own soil our own women not feel safe we are not muslims in india who get raped every day we are all co citizens respect is a must,0,"['Islam', 'None']"
23200662_gab,streetshitter is as streetshitter does what do you expect from that mudslime sack of shit,1,['Islam']
9866948_gab,trump making america great again after <number> years of whats his name massive incompetence and mussie evil called no hope with chains,0,"['Hispanic', 'None']"
1230561175697412098_twitter,@USER @USER it not homogeneous it just that asian immigrants are not as vocal visible,0,"['Asian', 'Homosexual', 'Refugee', 'None']"
12584270_gab,really sick of everyone in my daily life being a selfish kike,1,['Jewish']
17335154_gab,i would not laugh too hard you are a nigger too <happy>,0,"['African', 'None']"
23163036_gab,let moslems have a no bag limit on moslem girls,1,"['Women', 'Islam']"
13789474_gab,i am not denying that romans physically killed jesus you are denying that the jews ordered his murder you are a lying kike,1,['Jewish']
19531555_gab,pagan christian orthodox feminist nazi russian communism,0,"['Women', 'Men', 'Caucasian', 'None']"
27110145_gab,shut up you dumb kike,1,['Jewish']
23296281_gab,no they really do not know to write paki and moslem,1,"['Islam', 'Other', 'None']"
1179091617225023488_twitter,@USER want to do more than spank that white ass,0,"['Caucasian', 'None']"
15694814_gab,yeah but he was a nigger for trump that what she said i want to know why the fucka that matter is at all lol,1,['African']
22080231_gab,yeah it been recycled news for a bit let us hope the gooks will take care of the angry eternal spearchucker once and for all there will not be reparations and reconciliation commissions once the gooks invade your shit black man,1,['Asian']
11947876_gab,idiot another reason to stay out of muzzie occupied sweden the swedes have gone crazy,1,['Islam']
18100788_gab,she not gonna love niggers that for sure if i ever saw that shit i would stomp that nigger to death,1,['African']
1185054134929514497_twitter,on god some of you niggas need to be euthanized and hung no cap straight fucking incels,0,"['Men', 'African', 'None']"
14196166_gab,nigger y am i not on the list i am actually aryan and i still fuck with larping stormfags like it my job,1,"['Homosexual', 'African']"
14709602_gab,mark dice is such a stupid nigger,1,['African']
1179060520348987393_twitter,@USER avoid newly found islamist extremism in turkey avoid the visit the newly found turkey joining hands with pakistan malaysia to form new jihadi nexus must avoided unite to hit the newly found islamist jihadi next the tours are historical low 🙊 🙈 🙉,0,"['Islam', 'None']"
20893287_gab,nah taking screen shots would be admitting i care frankly i do not i am just looking to take out my unbridled rage on someone it might as well be a nazi piece of shit,0,"['Jewish', 'Other', 'None']"
1171389901977411585_twitter,@USER i ’ m so sorry you and your wife had to endure that racism not all white people are like that ignore the ignorant,0,"['Caucasian', 'None']"
2778451_gab,@USER it was cynical for moslem countries to force western countries to take them not take any of their own and now the hosts are forced to adapt to their parasites way of life,0,"['Islam', 'Refugee', 'None']"
1255650470267359233_twitter,@USER @USER nigga called him gay for being athletic lmfao,0,"['Homosexual', 'African']"
27189166_gab,at least the spic did us a favor by getting dead it costs a lot of money to house one offender just so the ab or whoever can ream him out before shanking him my best wishes to the female cop who absorbed his attack,1,['Hispanic']
16819408_gab,that number includes other than jews too dude like catholics commies gypsy mentally retarded and anybody that gave the nazis political problems estimated jews eradication at <number> <number> million the rest everyone else the nazis did not just kill jews in those camps,0,"['Jewish', 'Men', 'Women', 'Other']"
21996673_gab,we wasn t being nice enough is the reason why pakistani moslem men went around gang raping white children according to the politicians media,1,"['Islam', 'None']"
16290102_gab,well of course hockey players will have some respect they are mostly white niggers can t play hockey the sport involves too much fast abstract reasoning something the average nigger ain t capable of the few shit skin nhl players i have heard of are watered down quadroons mostly white genes,1,['African']
19465121_gab,you can see the gook genes,1,['Asian']
11912919_gab,so you are who kike central sent to gab to stop shoah <number> electric boogaloo i realize team kike is spread thin with so many websites to keep the goyim from knowing on but fuck how well are you sleeping these days,1,['Jewish']
1118090272213295105_twitter,hot phat ass stash big this nigger this nigger,0,"['African', 'None']"
22367157_gab,i prefer the term iconography and how many irl activism sesh have u faggots done that nigger attempt at propoganda yesterday gtfo w that happy horse shit,1,"['Women', 'Men', 'Homosexual', 'African']"
1172171170776584192_twitter,dzulo this nigga opened my fridge and found tonic water in there and said muli ndi chomwela koma tea mulibe,0,"['Men', 'African', 'None']"
16653335_gab,this time around i do not think we can or even should be mitigating the death this is a cleansing a un holy war for the future of mankind the struggle for the white race happens at the same time everything is connected no coincidences still wonder why let kushner marry ivanka,0,"['Caucasian', 'None', 'Men', 'Other', 'Women']"
1615443_gab,all libtards should each be given a moslem refugee,1,"['Islam', 'Economic', 'Refugee', 'None']"
18130044_gab,pigskins are cannibalistic mentally ill no wonder they are too retarded to breed,1,"['Caucasian', 'Other', 'None']"
22627863_gab,probably cos you have had the moslem clit clip your pussy sowed up so the goat probably pushes back more enthusiastically fgm moslems are the problem,1,"['Women', 'Heterosexual', 'Islam']"
1160427841013440512_twitter,happy eid al adha to out muslim brothers and sisters ❤ ️,0,"['Islam', 'None']"
1178541520980459520_twitter,the white guilty boy is a faggot the guilty darker men are idiots and like white nosy whores and skin color division bcus they have feminine qualities like females they make no heterosexual kids on any level even though they claim to be heterosexual you all are garbage,0,"['Women', 'Caucasian', 'Homosexual', 'None']"
11766357_gab,it wasn t a punch but a correction white men control their emotions and do not call women whores unless the are prostitutes or cheating on you you may disagree with her name calling is nigger tier,1,['African']
1178968407565328384_twitter,@USER those niggers get paid,1,['African']
15069352_gab,dunno as long as we kept it strictly to drowning nigger babies,1,['African']
1169564876425089025_twitter,@USER you know that muslims are real brits right,0,"['Islam', 'Other', 'None']"
27185816_gab,it actually making blax angrier as it is showing huwhytes what is really happening and that most of the violence directed at dindu is justified notice it takes longer and longer to get video evidence where as before those recordings were readily available,1,"['Women', 'Men', 'African']"
23164454_gab,shut your filthy lying kike mouth,1,['Jewish']
27551077_gab,you are a shill whoever you are mamzer boy you are on our list now i am guessing either some retarded americuck boomer or some jidf hasbara kike either way you are an enemy of the white race <number>,1,"['Jewish', 'Other', 'Refugee', 'None']"
14903031_gab,i am just hearing that apparently the hate crime enhancement charges on the nigger apes who tortured that kid in chicongo were quietly dropped a few weeks back i predicted this fam remember every black on white crime is a hate crime @USER,1,['African']
25969499_gab,the british royal family just accepted a nigger into the blood line normies clearly harry is in love with his bride it is a beautiful thing god damn it why did not the british listen to mosley,1,['African']
1178786954793684992_twitter,@USER white suprematists will escalate to coordinating the killing of immigrants and poc with impunity,0,"['Caucasian', 'None', 'Refugee']"
22347127_gab,nonsense obama could do what he wanted because there was no opposition and no judges over ruling him trump is opposed by dems republicans all levels of judges the media the bureaucracies the deep state and his own kike cabinet and shysters and family,1,['Jewish']
19404041_gab,the antifaggots attacking the faggots for offending the boy sodomising moslem faggots the leftie sjws shirt lifters islamofascists are now cannabalising each other pmsl,1,"['Islam', 'Homosexual']"
1181180628076843008_twitter,lofuckenl im not fucken with these niggers today ‼️ 😒,1,['African']
10532619_gab,chinese colonialism means the era of the nigger nears extinction given how gay we have been lately the white man deserves to be pushed off that continent we took north america they will take africa and so the true great contest begins,1,['African']
1179052128280690691_twitter,@USER nice ching chong hat,1,['Asian']
18851024_gab,@USER sorry had some things to do what a load of ra ra beaner bullshit i thought little dude was funny then he outs his own i d what a fucking tard talk about low level punk troll,1,['Hispanic']
5387548_gab,trump was right about sweden after all police force pushed to breaking point by violence amid migrant influx revealed the fakest fake news checkers via drudge ruawakeyet real america death2islam,1,"['Islam', 'Refugee']"
23192171_gab,another sick alt kike faggot pay our thots shekels goyim donate to mike heeb wife so how long did you know doug mackey was a for sale media hack rip your reputations,1,['Jewish']
21203211_gab,unless it cartoon eyes asians make those bigger,0,['Asian']
10647328_gab,we have to stop islam now,1,['Islam']
19241835_gab,true story nigger tryed to run me over in a car at a party missed and killed a girl hung himself in jail,1,['African']
5769043_gab,next weeks stephan molyneux shows will be titled coons are they even the same species and the truth about drowning picaninies in a bucket,1,"['African', 'None']"
24273157_gab,well now i have seen it all a chinaman wearing a kilt,0,"['Asian', 'None']"
12815732_gab,you have found a handful of outliers who are all as much white as they are black the vast majority of blacks form ghettos and commit most of the crime in the nation they are also a massive tax burden in welfare policing and the prison system,1,['African']
14734778_gab,when you hear that clergy sexually assault children remember that blacks are clergy too blacks have the highest rates of child sexual abuse,1,['African']
1178949635647229952_twitter,@USER @USER @USER lol no one is supporting bhikharistan except pro muslim countries like turkey malaysia no one gives a fuck about porkistan,0,"['Arab', 'None']"
1178984043678814209_twitter,@USER @USER @USER white people have much longer life expectancy than blacks and black on black homicide is the leading cause of death for black people so i am not too concerned about whites dying off because blacks are killing off each other,0,"['African', 'None']"
23647910_gab,ellen degeneres promoting gun confiscation in the usa surrounded by marxists disguised as police officers to confuse the population police all around the world are doing the same becoming zionist collaborators to help the jews kill us all,1,['Jewish']
1081965704939749376_twitter,you niggers are absolutely disgusting,1,"['African', 'Other']"
1178891409484468225_twitter,some girls going around exposing ppl aib beh kene sikit nk ching chong lebih haha,1,"['Asian', 'None']"
1178726692875128833_twitter,oh muslim leaders of today do you think that you will be not asked about not fulfilling your duty of jihad in the day of hashar believe me its your misconception یو این چھوڑ خلافت لا کشمیر کو آزاد کرا,0,"['Islam', 'None']"
26238036_gab,thanks for the offer but eating shit it your nigger delicacy,1,['African']
16875338_gab,pretty good <number> million citizens and most of us have guns i have my collectors licence and go shooting almost every weekend you know why having a license to get a gun is good because niggers can not get them hows that nigger problem going,1,"['African', 'Other']"
17429451_gab,i hope san francisco sinks into the pacific ocean you f*cking <censored> sanctuary stench hole for queers illegal criminals this hispanic piece of shit gets off with time served i wonder how long kate steinle will be dead,1,"['Hispanic', 'Homosexual', 'Refugee']"
14541081_gab,now look in the ghetto for <number> of instances of this actually happening,1,['African']
15222713_gab,just call them jews,0,"['Jewish', 'Other', 'None']"
26869822_gab,i d rather stare at a bowl full of shit then look at those ugly dinosaur gorrila lookin nigger biches,1,"['Women', 'African']"
4368754_gab,@USER you are a faggot bitch for not punching that nigger back,1,"['Homosexual', 'African', 'Other']"
2958188_gab,i got chapped lips today <number> the 1 st time an when i told my gramma she said be glad ur not a nigger when they get it they wind up in the emergency room and i was like yea thats like reason <number> <number> why im glad 😹 😹 😹,1,['African']
19010195_gab,i hope pittman gets gang raped by a pakistani rape gang so she truly understands rabid dangerous dogs stupid slag,1,"['Women', 'Arab']"
7259392_gab,of course cubans are actual refugees so fakeamerican barry put an end to allowing them once he saw they helped beat shrillary r20 g,1,"['Hispanic', 'Refugee']"
14357997_gab,shalom aussie goyim my name is gladys berejiklian i call myself an armenian but in fact i am a ratfaced kike looking to implement communism in your country do you like my gallah beak,1,['Jewish']
3826117_gab,black lives matter could literally kidnap torture and try and kill a helpless white retarded person and blm supporters would defend it oh wait a minute maga gabfam,1,"['Women', 'Men', 'African', 'Other']"
15862681_gab,the alt right is full of feminists white knight captain save a hoe beta cucks,1,"['Women', 'Men', 'Caucasian']"
13829718_gab,rv has gone full nigger,1,['African']
6653253_gab,if money was grown on trees women would be dating monkeys oh wait never mind,1,"['Women', 'African']"
1178226486081286144_twitter,@USER @USER i witnessed my black teammates defend and agree with my overtly racist white friend for calling a black dude a nigger i tried to defend dude being called nigger and they all hated on me,0,"['African', 'None']"
11249326_gab,my point is are you gonna defend the usa and your property from the jews yes or no,1,['Jewish']
1096132147054854144_twitter,they either pick the gimmick light skin bitch or the white boy to profit off of and it never works,0,"['Caucasian', 'Other', 'None']"
1246622289770303490_twitter,@USER i heard asians got some fire though,0,"['Asian', 'None']"
26534972_gab,ha ha ha look at this you a kike bro @USER ‍,1,['Jewish']
18041918_gab,do not break your arm jerking yourself off on twitter kike,1,['Jewish']
13061735_gab,microchip admits to being a kike so his antipathy to christianity is basically genetic,1,['Jewish']
22107549_gab,everything about islam is satanic and disgusting they must be dissolved from the planet you knew i was a snake when you first let me in they must be destroyed entirely,1,['Islam']
14574518_gab,the nerve of jews they think poland is us senate to execute all their demands lol withjewsyoulose,1,['Jewish']
1124908906088517633_twitter,@USER what about congress who set free the real muslim culprits and put hindus behind the bars and tortured them under a cospiracy,0,"['Hindu', 'Islam', 'None']"
23959011_gab,but not by much it more of a statement on how dumb niggers are,1,"['Women', 'Men', 'African']"
16791442_gab,niggers gonna nig,1,"['Women', 'Men', 'African']"
1163102590617313280_twitter,@USER @USER you keep crying and crying like a dumb nazi loving chud it ’ a really bad look,0,"['Jewish', 'Other', 'None']"
26534442_gab,it not a psyop if it the truth tommy robinson is a kike shill let him rot @USER ‍,1,['Jewish']
19791797_gab,derp de derp let me just lay out my profession so this kike whore can attack my career,1,"['Women', 'Jewish']"
12454853_gab,yes you will heal racial division but you will not move to the ghetto or send your kids to those schools now will you no that for working class whites who we accuse of racism when they object to being forced to live in liberia right,0,"['African', 'None']"
15724226_gab,if you really want to jack up the gay msm cognitive dissonance we need to see more dindu on homo violence episodes drop leaflets on chicago splaining that gays are fond of carrying fat rolls of cash one day the media queers will all wake up in a log cabin with questions,1,"['Homosexual', 'African']"
23244356_gab,he got the name when he became a true muslim,0,"['Islam', 'Other', 'None']"
1079658107901435904_twitter,i didn ’ t know kris aquino was in crazy rich asians hh,0,"['Asian', 'None']"
1178749845886164993_twitter,@USER hahaha and that nigger has someone thinking they should fight for him what a god 😂 😂 😂 😂,1,['African']
25196924_gab,i wonder how many of those living in the ghetto now drinking leadened water and under constant threat of gang violence long for a secure bed and meals on the plantation,1,['African']
1178609040341049345_twitter,lil white ass never wants to go home,0,"['Caucasian', 'None']"
1167658625239830529_twitter,my twitter is literally all islam amp fairouz my only two interests in life 😌 🤝,0,"['Islam', 'None']"
21037896_gab,showa time for this fucking kike,1,['Jewish']
1234296580901130241_twitter,but about to bring all the ghetto ass shit uptoen 😝 😝 😝,0,"['Women', 'Men', 'African', 'Other']"
25681656_gab,fucking kike loving magapedes kys you sniveling faggots,1,"['Jewish', 'Homosexual']"
25852431_gab,a kike applauding a kike sympathizer virtue signaling shill it takes a brave man to do this lol,1,['Jewish']
26478596_gab,hop sing no jew yes but i bet they looked for a jew to play his part then came to conclusion we can not find a jew that will fit the role okay let us get a gook at minimum wage,1,"['Nonreligious', 'Asian', 'Refugee', 'Minority']"
6340486_gab,jews were transported en masses during the holocaust using trains that was the joke am i being trolled it late,0,['Jewish']
26474064_gab,i am surprised that nigger is not raping those other monkeys good thing that stick is in his way,1,['African']
8089543_gab,they would be cracking nigger skulls and navy skulls,1,['African']
18585602_gab,i give a fuck in that i am happy there one less nigger to take our gibs,1,['African']
1179100302223511552_twitter,my white bitch she snort that white white,0,"['Women', 'Caucasian', 'None']"
1178517146977984512_twitter,@USER @USER @USER duh of course he gonna be famous in south africa but taylor is white as f but still famous in asia aus europe etc even south africa,0,"['Caucasian', 'None']"
21807183_gab,i blame nigger rule too low iq to build a desalination plant very tribal,1,['African']
5489354_gab,bye bye muslim kwned @USER i will stick with the gardening channel humor politics maga,0,['Islam']
12040186_gab,i would say obongo can be called a nigger as well as his beautiful wife man,1,"['African', 'Other']"
10618535_gab,you guys in germany and us men here in america too we are gonna have to man up and be crusaders this musloid bullshit is totally unacceptable,1,['Islam']
15344587_gab,normally sharks tend to shy away from blacks as they think it whale shit but maybe the flailing about of the nigger trying to swim has changed their minds,1,['African']
1085450894710370304_twitter,people should not judge muslims fast crime ni crime nyinyi kazi kurusha midomo ety oh ety aa fuck you if you have nothing to say,0,"['Islam', 'None']"
24471807_gab,one of you goys needs to make a first goy shooter like black ops zombies but instead of brother zombies make kike zombies for ps4 i would pay <number> dollars for that,1,"['Jewish', 'None']"
19566568_gab,everytime you open your mouth i just imagine you begging for a black cock to go down your throat it very unpleasant please stop being such a nigger loving faggot,1,"['Women', 'Men', 'Homosexual', 'African']"
1179017814369288193_twitter,i am reading negative goodreads reviews about this book on sri lankan refugees called the boat people and all of the negative reviews are from patriarchal white canadians can not say i am surprised,0,"['Caucasian', 'None']"
10474766_gab,stupid nigger posting unsecured link to known censors propagandists tom do not be retarded archive trash,1,"['Disability', 'African']"
17200054_gab,lol shit tier hasbara yids his boss said use the word yall and this kike goes ultra turbo and drops it every second word oy vey goyim i am a real southerner yall roflmao,1,['Jewish']
24768135_gab,tired of rape and welfare this nigger decided to get a job since his kind never invented the wheel look what came out,1,"['African', 'None']"
14877373_gab,the klintoons and ovomit should die in prison together ovomit van be the klintoon house nigger hilree must be pissed that a nigger beat her for president,1,['African']
13112831_gab,trump lost mn by <percent> and only because he and pussy pence ran away from the mudslime and pence tweeted a ban on mudslime was offensive and unconstitutional hope pussy pence enjoys living with mudslime when his ass is kicked from wh,1,['Islam']
9492138_gab,@USER and @USER the two latest jew hating bigots to be added to my mute list i think having gab biggest mute list because of gay bashers and jew haters is definitely within reach,0,"['Jewish', 'Homosexual', 'Other']"
24886178_gab,kikes want to flood countries with immigrants to destroy the economy so we will borrow more from jew banks and they will eventually become our masters,1,"['Jewish', 'Refugee']"
7092414_gab,joshua barnum one of antifa finest vacationing in dubai rich kid showing his servitude to his muzzie backers,1,['Islam']
26609180_gab,stealing our money to finance the muzrat invasion,1,"['Islam', 'Refugee']"
12729501_gab,aa the direct appeal to the most base human desires is a cheap kike trick and it the reason that people call jews the devil and satan,1,['Jewish']
1126646488761806848_twitter,niggas been debating quilly and meek since <number> lol,0,"['African', 'None']"
22020564_gab,lol he quotes the kike ayan rand yeah ok this guy lost his marbles long ago,1,['Jewish']
14042000_gab,why would the fbi have ears on the ground in a the muslim shithole that paterson nj home of two <number> <number> hijackers has become you people must be nuts they have got to investigate the russians they bought ads on facebook dontcha know,1,['Islam']
10706529_gab,yes mam it is sad our own kind race hate us i have always said it trump is not for the southern people he has not called out the blm only pro white groups get ready the hurt is coming and nigger pwr is on the rise,1,"['African', 'None']"
22948700_gab,if they tried to get into yoir house you wouldkill them its your right to defend ok let em in let your wife get raped yes that is showing love boot out ngos and pro rapeefugee people and why is soros not dead,1,"['African', 'Refugee']"
1092645171924221953_twitter,jews are white,0,"['Jewish', 'None']"
20710352_gab,nigger looks like a praying mantis,1,['African']
1179039423524151296_twitter,can my blacks lead a stupid nigger,1,['African']
16379513_gab,the anti white anti american kike who tossed pledge of allegiance out of schools because it says one nation under god what will become of us without such talmudic wisdom,1,['Jewish']
21359909_gab,i hope next time a nigger actually kills tommy gay boy robinson,1,"['Men', 'Homosexual', 'African']"
3Z8UJEJOCZEG603II1EL4BE4QZH93Z_nf_4,then an older nigger wearing an apron dressed like a kitchen staff member and holding a small caliber revolver walks to the front door and locks it and says i am the new kang of charleston,1,"['Women', 'African']"
1178671381204160512_twitter,@USER the house negro is always the first to defend the master is the white dic that good @USER,0,"['African', 'None']"
22628109_gab,you fucking cucktards are the ones running point for antifa y all are the real wignats @USER is going to talk to the fbi about the criminal acts of antifa terrorists he shouldn t do that oy vey goddamn kike ass mother fuckers,1,"['Jewish', 'Men']"
19116398_gab,i think something very bad is going on and i think its to do with the <number> million white girls raped by pakistani muslims plus all the paedophiles the hunters are catching i have not crossed the t or dotted the i d but something is not adding up,1,"['Islam', 'Other']"
15824604_gab,did not you have to leave for work hours ago you shit tier kike lol tell your hooknosed bosses to send someone better before your shift ends,1,['Jewish']
21849756_gab,you nigger biches ain t ever gonna have straight white girl hair so cut da shit wit da horsehair weaves,1,"['Women', 'African']"
22733192_gab,another lying friggin nigger,1,['African']
21467979_gab,i have been waiting for nigger music to die out as a fad for over a decade but it seems as if the problem is only getting worse,1,['African']
13501213_gab,again why are you so defensive about it is some nazi gonna come in and call you a name so what i have been called nigger more times than i can count,0,"['African', 'None']"
1104688282498150400_twitter,@USER @USER please help us and help our children the lraqi refugees waiting in turkey standwithiraqirefugees,0,"['Arab', 'Other', 'Refugee']"
1088059487058083840_twitter,fakeriasatemadina we support only islamic party which is tlp pti only the agent of anti islamic powers fakeriasatemadina,0,"['Islam', 'None']"
25954119_gab,perverted old kike drooling over yentas sad,1,"['Jewish', 'None']"
1178517405536010241_twitter,@USER the bravest chinaman i know is @USER,0,"['Asian', 'None']"
20527457_gab,oh and they wanted to disrupt the money going to the gop for the mid term elections that is why they have the shit stain kike kids saying on live tv anyone politician who takes money from the nra has blood on their hands,1,['Jewish']
12994697_gab,any wonder police farces do not investigate pedos when labour cover up moslem pedo rape gangs tory criticise for investigating a former pm pedo rapist well documented on internet that edward heath was a gay pedo probably why he lied over eu ref <number> likely blackmailed by eu globalists,1,['Islam']
1178646595249856512_twitter,if you do not think trump cult want to kill their fellow americans you have not been paying attention to the number of white men arrested since the el paso attack for making terrorist threats civil war 2,0,"['Caucasian', 'None']"
14017912_gab,i never saw what others saw in him he talked too much about the failure war on drugs nobody cares about pot asshole build the wall imprison democrats stupid bastard can not get priorities straight fix drugs by removing beaners and killing big pharma,1,"['Minority', 'Heterosexual', 'Men', 'Hispanic', 'Nonreligious', 'Refugee']"
21146846_gab,this linda sour asswipe is a filthy muzzie and nightmare not a dreamer dog turd wrapped in funeral netting,1,['Islam']
26405922_gab,i will bring some goats they are really good at keeping grass down i saved them from moslem rape they owe me,1,['Islam']
12013273_gab,sounds like something that needs a team of shark kike lawyers to sniff out,1,['Jewish']
23241349_gab,faggot ass nigger @USER,1,"['Homosexual', 'African']"
1178102999090188290_twitter,@USER ching chong your dog is gone,1,"['Asian', 'None']"
14301067_gab,arm yourself against soros funded altifa tyranny and muslime ohell sedition there is no place in america for millions of ohell muslime refugee barbarians and their cult sharia law the dems love women are not slaves in america they are or will be armed if desired for their protection,1,"['Islam', 'Refugee']"
10659662_gab,lol im just laughing my ass off at you for thinking that white identity actually means something i guess then that you identify with the hollywood white commies,0,"['Caucasian', 'None', 'Men', 'Other', 'Women']"
18897682_gab,because the jews in israel are the only democracy in the mideast,0,['Jewish']
1096883267175940096_twitter,when i get married i want my wedding to be like the one off crazy rich asians,0,"['Asian', 'None']"
11805489_gab,behind the rohinya muzzie sob story http :// HTTPURL,1,['Islam']
9709951_gab,it called hijrah islamic migration for the sole purpose of spreading islam,0,"['Women', 'Men', 'Islam', 'None']"
1179053960268779520_twitter,nigger please you do not have the first clue about anyting other than what white people tell you the same people that think you are a joke and uneducated house negro have you taken a moment to listen to yourself you are a shitass on top of that,0,"['African', 'None']"
1187917816948756481_twitter,anyway you all see these euro niggas dangerous mofuckas,0,"['Men', 'Caucasian', 'None']"
22695400_gab,worth a read suidlanders infiltrated by jews and ties to the presidency lol this shit is how it done,1,"['Jewish', 'None']"
1178634815551234048_twitter,@USER let us not forget that pakistan is a islamist sharia country that supports terrorist groups around the world so they do in india in fact if muslim invaders would not have raped india that shitty nuke state would not even exist,1,"['Islam', 'None']"
15186957_gab,good riddance to bad nigger garbage,1,['African']
7224554_gab,just one more psycho nigger who should be immediately dragged out by his heels and hanged in the courtyard slowly,1,['African']
5440286_gab,no doubt we are still at war with the radical left their mudslime brotherhood terrorist buddies of course welcomed here by democrats same appeasers of nazi germany dcbarry imported them for a reason his civilian army antifa blm ows demoncraps pedophiles trannys goatfucker terrorists,1,"['Islam', 'Other']"
15038989_gab,it would not take much for us to convert some garages into holding cells and begin arresting these kike servant politicians who are betraying us,1,['Jewish']
1168954034784473088_twitter,@USER @USER had not been muzzies been donated pak amp bangladesh by india already,0,"['Islam', 'Other', 'None']"
25537078_gab,as long as its niggers killing niggers who cares,1,['African']
27180730_gab,no you shitlib faggot i think the standard in virginia is at least <number> years i can not wait until we can start killing you faggots and your nigger pets and your race traitor pigs the day is nigh,1,"['Homosexual', 'African', 'Other']"
16628894_gab,i am in redneck country right now and the decorations are a whole lot better than that tbh,0,"['Caucasian', 'None']"
21271054_gab,import 3 rd world in bred retarded violent pychopaths who want to convert the world to islam because the west did not already have enough of its own problems,1,"['Islam', 'Other']"
20055204_gab,this yid endicted yet not arrested and,0,"['Jewish', 'None']"
11355837_gab,higher than a nigger tho,1,['African']
1274694581918076933_twitter,@USER so ur telling me i need help cause im a muslim are u just acting genuinely stupid,0,"['Islam', 'None']"
17549117_gab,fuck the community keep the muzzies on a fucking leash i consider them filthy,1,"['Islam', 'Other']"
2958241_gab,peter james · @USER 😂 humor · <number> minutes @USER fair enough yet the escalating violence against whites continues to go unavenged why how those are questions of the moment everyone knows what must be done bit nothing is ever carried out inaction is fatal to our race,1,"['Caucasian', 'None']"
8571782_gab,training rocky style to scare some loser inbred muzzie ass hamad an,1,['Islam']
22972942_gab,geldof is annoyed he has no nigger to kill whites with bet she killed hutchence the dirty negro bitch,1,['African']
13484608_gab,stone i will never understand how u pick kikes out of a crowed on gab but your damn good at it @USER and that other hypnotized feminist are two kike trolls you called it bud,1,['Jewish']
14849769_gab,i live with muslimes lovers,1,['Islam']
1269605209212420097_twitter,@USER @USER this negro did not nothing wrong to you for you to burn him like that,0,"['African', 'None']"
13909479_gab,lmao insert some attempt a insult that only works w new right kike worshipping cerno dick sucking gorilla vox pedo faggots,1,"['Homosexual', 'Men', 'Other', 'Jewish', 'Women']"
24202516_gab,the reason the germans ended up in world war2 and your people got ostracized was the jewish elite were destroying the german economy google weinmar rebublic do your research you are a bottom feeder jew the elite jews dont care about you or anyone else,1,"['Jewish', 'Men', 'Women']"
12418904_gab,it not about fertility it about making sure that the moslem men have control even over their women private parts no ability for pleasure for her means they can be selfish even in the bedroom,0,"['Men', 'Islam', 'None']"
4120470_gab,@USER but muzzies deny the trinity only one allah and nothing beside or to compare to indeed they see jesus as just another prophet,0,"['Islam', 'None']"
1179041764763504641_twitter,@USER @USER biggest coward chinaman satanist lee hsien loong criminals had audible talks past few years it started in <number> he got his criminals to loiter at my 1 9 8 0 address they gossiped false information around <number> <number> and <number> marsiling lane singapore,1,"['Asian', 'None']"
16082134_gab,welp i am in a drunken psychotic rage if you are a thot and or a nigger please lock youself up for teh night just a prank bro,1,"['Women', 'African']"
20898872_gab,i am guessing muslimes should die in halal fashion,1,['Islam']
22707866_gab,righto he should change that hillbilly name of his boss hogg indeed,0,"['Caucasian', 'None']"
1179024615844171777_twitter,@USER what about minor girls being raped by muslim men recent mms would you assure it wont happen,0,"['Islam', 'Other', 'None']"
3GS542CVJVOJKFQMWK2EJ8CO4V895P_nf_6,banned from the_donald for <number> days for calling bow wow a nigger for calling melania a whore sorry he is,1,['African']
1178309831289184256_twitter,still thinking bout how camila was on x factor calling 5 h her sisters but in facebook making fun of the other girls with her friend calling them niggers i will dsl her clown nose 🤡,0,"['African', 'None']"
27372541_gab,i tried to watch american ninja warrior but i could not figure out if one of the girls was a nigger or not so i just changed the channel 🙄,1,['African']
17681514_gab,off to a funeral nigger my cousin was killed by a nigger right after christmas it never ends with you animals,1,['African']
1179081123659337728_twitter,white students allegedly pin down black girl forcefully cut her nappy dreadlocks fake news media where is new headline mentally ill black girl lied about being attacked by white boys amari allen,0,"['African', 'None']"
1178061770663047169_twitter,black champagne you know can guns shootin this nigger,1,['African']
27789501_gab,just another yid waste of oxygen,1,['Jewish']
13974089_gab,saw a skank like that in town the other day i quickly noticed she had a nigglet in tow,1,"['Women', 'African']"
1178252704579112960_twitter,i do not pay attention to you niggers anyway,1,['African']
1103766016742416384_twitter,a whole generation of white women is gonna get radicalized when they realize nazis are the only ones taking their safety seriously,1,"['Women', 'Jewish', 'Other', 'None']"
1178798868508659714_twitter,white washed asians are so stuck up and rude fuck you ching chong china lady,1,['Asian']
15919557_gab,has the half nigger got another lurker account,1,['African']
14874848_gab,i wasn t born yesterday kike when i infiltrated the nuis on kikebook in <number> they had dozens of its not the jews its the zionists fake palestinian groups to fool the goyim get gassed kike,1,"['Jewish', 'None']"
1144304210835660802_twitter,@USER the logic is insane to me there ’ literally white dominicans that are racist to black dominicans lmao,0,"['Hispanic', 'Other', 'None']"
16403784_gab,i think between a moslem cab driver a convicted drug dealer <number> other moslems at least that a moslem was responsible birminghamstani is like londonistan now a cesspit of moslem filth moab would be useful moslems are the problem,1,['Islam']
1260367393097953280_twitter,my friends amp my boo not tryna drunk with me this is ghetto,0,"['African', 'None']"
27211797_gab,another typical nigger,1,['African']
1178921953161355266_twitter,muz listens to his her sheikhs worthless personal opinions about islam and assumes he she knows everything about islam you criticize islam also muz have you read the quran have you read it in arabic have you read it in ancient quraishi dialect,0,"['Islam', 'None']"
22738951_gab,her guards should not have any weapons and they should walk her through a chicago ghetto at night 😉,0,"['African', 'None']"
10801908_gab,debating which pro whites belong in the alt right total kike behaviour vox day is this generations william f buckley,1,['Jewish']
16043434_gab,well it d be nice to terraform mars or the moon to live there and just pray the liberals do not follow us so they can create another unorganized chaotic ghetto shit world like what they have done to this one,0,"['African', 'Other', 'None']"
22171811_gab,he dindu nuffin @USER ‍ might have been right in that you guys are the niggers of white nationalism,1,['African']
14054951_gab,can someone answer my question are tax payers still paying for the so called obama phones for low income and ghetto rats,1,"['African', 'Other']"
23500303_gab,more kike propaganda,1,['Jewish']
20812694_gab,if youve been banned from twitter it means jews have sent you a notification that you no longer have rights in the new world order and you are now oficially a target that must be eliminated,1,"['Jewish', 'Other']"
16647204_gab,what about the child raping kike that was their advertising front man i cannot imagine that good for business,1,['Jewish']
10304948_gab,fuckem jews seem to be the most butthurt pack of cunts on the planet i suppose you would be a bit sensitive to critisizm when you have lied to abused swindled caused more deaths than typhus than anyone else,1,"['Jewish', 'Men', 'Women']"
5747853_gab,the worst part of this sessions fake news is that it retards the real momentum trump had after his speech media kike attacks are coordinated,1,"['Jewish', 'Disability']"
27337945_gab,white greeks are not white,0,"['Hispanic', 'None']"
1178758216383107074_twitter,@USER you fucking nigger,1,['African']
26702235_gab,unlikely now that the lying muzrat traitor is out of d.c.,1,['Islam']
7599031_gab,bampumim teixeira an immigrant from west africa,0,"['Women', 'Men', 'African', 'Refugee']"
15517533_gab,the knights templar fighting sand niggers since way back,1,['Arab']
24147943_gab,fuck these kike rats,1,['Jewish']
12518134_gab,do not blame the gutterslut nature of modern women on her husband that kike feminism talking,1,"['Women', 'Jewish', 'Nonreligious']"
1182008708529700865_twitter,i know literally dozens of mexican immigrants who love trump because he ’ finally tackling the real issues he ’ not a racist,0,"['Hispanic', 'Refugee']"
22954097_gab,unlike uk police other eu nations police force have gone to war with islam to repel the invaders uk police place the safety and well being of the conquerors before the future of the uk and its native peoples,1,"['Islam', 'Refugee']"
15057963_gab,if that supposed to be a threatening message i am not frightened i am not frightened by a human filth sewer rat named joe with a dutch surname born in <date> i do not fear him so if this is a filthy kike trying to frighten me it not working,1,['Jewish']
1179098860792291329_twitter,racist quip i heard today oh yeah asians take bear paws to make potions,0,"['Asian', 'None']"
1087255502390784000_twitter,real ass bitch gaf bout a nigga,1,"['Women', 'African']"
1178749736221908993_twitter,you all ever notice how white people and nonblack ppl who have done nothing to help black ppl get to a certain point try to demote black ppl success by using poc as an umbrella instead of just saying black sorry but this one for the niggers,0,"['African', 'None']"
12582904_gab,hitler made numerous peace offers but uk churchill ignored them did you know that kike puppet,1,['Jewish']
21162135_gab,i am so glad i am home time to stare at the wall and listen to some sweet music see ya later niggerz,0,"['African', 'None']"
13795054_gab,are not you a hostile little snowflake listen dickwad quit misrepresenting my argument the hoodrats in the ghetto do not have the same culture as middle america you are retarded if you think they do ditto haiti they are slave colony that revolted and burned their infrastructure down doing it,1,['African']
10883257_gab,using gas lighting propaganda for you horrible white southerners meant nothing real,0,"['Caucasian', 'Other']"
9474938_gab,for every negress encountered in public the noise decibel levels go up <number> <percent> i encountered a pack of <number> earlier,1,"['Women', 'African']"
25855002_gab,a jew did not tell the truth some kike sympathizing cuck shilled and virtue signalled and then a kike reposted it and called it truth,1,['Jewish']
23085003_gab,yeah if you do not support my corrupt multiculti globo homo military run by a corrupt government controlled by jews then you have no balls brilliant,1,"['Jewish', 'Men', 'Women', 'Homosexual']"
21421213_gab,weev talks about killing and raping white women @USER ‍ talks about putting gook women over white women was this shooter apart of the anti white women mgtow stormer,1,"['Women', 'Asian']"
25789788_gab,fuck you trump just fuck you and your kike ass first bitch,1,['Jewish']
16323644_gab,got a couple more companies you can boycott this christmas season first one is ford they have got several <number> ads out featuring blip length shots of white men w other than white women this is becoming the norm too you defile the white man that will drive our women into their hands wn,0,"['Women', 'Men', 'Caucasian', 'None']"
17343370_gab,go fuck your goat as your islamic pedophile blood brother btw yids are not a race either btw schizophrenia really hitting your incest brain no one said muzzies are a race,1,['Islam']
10310133_gab,except white children are more often than not raped and killed by other white peolple,0,"['Women', 'Men', 'Caucasian', 'None']"
17096206_gab,since the day pak muslims set foot in the uk they have been raping white children young white lads defended their females and were called paki bashers and nazis unfairly i want pak community deported all of them theyre all in it encouraged by family,1,"['Islam', 'Refugee']"
1178545338602311680_twitter,white babies born in the jim crow era baby n parents oh my god he going to say his first word baby n n nigger,1,['African']
26904293_gab,faith goldy alt lite anti illegal rapefugee march on the gaybec jew york border actually ended with a chinaman singing the cucknadian national anthem ffs the absolute state of clown world,1,"['Asian', 'Homosexual', 'Refugee']"
1178351561233166336_twitter,@USER @USER @USER do not let him offend you carnal that trailer trash ain t worth it,0,"['Caucasian', 'None']"
1178742230414249987_twitter,@USER @USER @USER @USER right like how many white supremacists whoopsy doodles does this guy get to have before people realize that neo nazis communicate <percent> of their bullshit through codes and subtlety because ultimately they are cowards championing a failed ideology,0,"['Caucasian', 'None']"
21084011_gab,tired of these pussy fucking memes make one it ok to shoot a fucking nigger in the face if he on your farm,1,['African']
1264198113834618881_twitter,@USER <number> bank islam,0,['Islam']
13057219_gab,yeah dis the ol profit see how fast the mudslimes teach him how to hang glide sans glider,1,['Islam']
23258335_gab,time to change that its time to go out and show your white pride,1,"['Caucasian', 'None']"
11848558_gab,this site still sucks nigger dick,1,['African']
25322877_gab,fantasy nigger lawyer worries website might incite violence reality many of my white brothers and sisters have been murdered and raped by black savages today,1,"['African', 'Other']"
15074528_gab,most deserving since they decided that muzzies make good refugees,1,"['Islam', 'Refugee']"
1160473961592807427_twitter,@USER @USER not every muslims has will to kill every non muslim all i am saying is we must stand with them,0,['Islam']
1178816845987467264_twitter,me literally dyke and faggot do not offend me straight white boy probably named caleb bro ur a faggot me first of all,0,"['Caucasian', 'Homosexual', 'None']"
8297655_gab,to each their own i prefer not to get into pissing matches with wn on either side of the kike on a stick issue i d rather find common cause with both factions i am sure a christian would provide you better discussion on the matter,1,"['Jewish', 'None']"
17737150_gab,well thanks greece really is my second home in a way i can only hope it returns to its glory and we one day live to see a third balkan war to rout the mudslimes out of our region for good,1,"['Islam', 'Other']"
1179064112891842560_twitter,@USER @USER dear lady basically u r advocating riyasat e madina with caliphate where non muslims 3 rd class citizens i am sure u r aware how sikh hindu christains minor girls abducted raped and converted to marry old muslim men u want that to replicate in kashmir,0,"['Hindu', 'Islam', 'Christian', 'None']"
1179037954565525505_twitter,why did full blow porn just pop up on my tl 😒 which one of you niggers,0,"['African', 'None']"
23316682_gab,why did you delete my replies are you afraid of the truth you dirty wetback @USER,1,"['Hispanic', 'Homosexual']"
22674353_gab,everywhere they are at least <percent> of the population not to mention all the nigger sponges they r importing from afrikanda,1,['African']
12837589_gab,there are some people on here who love to brag about how they do not believe in god meantime promoting and posting about everything this muslim speaks of the two go together and there are people to blame,0,"['Islam', 'Other', 'None']"
1107157613320400898_twitter,@USER asshole muslims kills hindus in kashmir this is the reason why you dont deserve sympathy,1,['Islam']
18558270_gab,i do not understand why these nigger biches ain t been banned yet or at least put in a zoo smdh,1,"['Women', 'African']"
1178840157455298562_twitter,can not find ne good content on youtube help u niggers,0,"['African', 'None']"
17549733_gab,when blacks are provably the most disunited ppl gang violence biggie vs tupac come on now stop cherrypicking news and views to support your bias end,1,['African']
15402547_gab,the word is nigger nigger faggot and no one cares,1,"['Homosexual', 'African']"
1257676017268920321_twitter,@USER it ’ bamya in writing but some people still say banya bc so many grown arabs say it so i mean 🌚,0,"['Arab', 'Other', 'None']"
1113045006833668096_twitter,@USER to say nothing of the proliferation of nazi parties post wall fall versus nonexistence before,0,"['Caucasian', 'Other', 'None']"
1084586012465086464_twitter,women lie to kick it niggas lie to hit 💯,0,"['Women', 'Men', 'African', 'None']"
1179076314986401792_twitter,@USER @USER @USER i swear the word crackhead is normally used towards white trash,0,"['Caucasian', 'None']"
27134979_gab,yah fucken filthy niggar,1,['African']
8968572_gab,nobody else would find these women attractive but the muzzies routinely fuck sheep and goats an ugly old woman is a treat to them,1,['Islam']
27984542_gab,norwegians just as retarded as the rest of w europe importing murdering raping incestious pedophiles to a once beautiful country have caucasians no brain these days,1,"['Caucasian', 'Refugee']"
3411379_gab,in the last week alone the obama administration blocked future oil and gas leases in swaths of the arctic and atlantic oceans granted a record number of pardons and commutations for a single day and scrapped a dormant registry for male immigrants from a list of largely muslim countries,0,"['Men', 'Islam', 'Refugee', 'None']"
21751669_gab,charles is angry that one of his nigger bros got caught raping again,0,"['African', 'None']"
1109547724838457345_twitter,real nigger me please,0,"['African', 'None']"
16204881_gab,communist leaning colored citizens abusing their positions of authority targeting other chinky citizens for harm by other entitled citizens of color show of hands who thinks this is ok,1,['Asian']
1178464508832075782_twitter,nobody can ever say i am selective about what i believe in i have always hated you niggers,1,['African']
4406976_gab,@USER yeah well i could not listen to this cernolispy kike fag for more than 5 sec,1,['Jewish']
22001731_gab,how do we deal with mudslime baedophiles,1,['Islam']
1179077523277107200_twitter,@USER @USER @USER @USER but guilty by every white person,0,"['Caucasian', 'None']"
24963144_gab,and with jews you lose right lots of jews around trump you need americans with a solid us ancestry around him each having several degrees of separation from any business or personal connections with jews guaranteed no shabbas,1,['Jewish']
18196934_gab,i only watch porn that has a white cop shooting niggers or beating them with nightsticks or tasers 🤔,1,['African']
20597923_gab,that is just too retarded even by nigger standards,1,"['Homosexual', 'African']"
1253937915102666752_twitter,want to watch elite bc arón piper ’ h*t <censored> but the whole thing they did with their muslim character is so repulsive idk 🙆 ‍ ♀ ️ 🙆 ‍ ♀ ️ 🙆 ‍ ♀ ️,0,"['Women', 'Men', 'Islam']"
5305334_gab,the nazis were not a western phenomenon they were a reality based collective response to the recognition the jews were attacking us as a team and planned for all our nations the murderous misery they first accomplished in the ussr,1,"['Jewish', 'None']"
17991028_gab,i almost feel bad for her since dindus tend to target blacks who do not go along with the groupthink of blaming da white devil and screeching that wewuzkangz it heartbreaking sometimes,1,"['African', 'None']"
1179009825432358913_twitter,good morning ados black women only,0,"['Women', 'African', 'None']"
21214738_gab,i probably ended up another kike list somewhere lolz yeah no doubt plus jews like to keep tabs on us nazis idk why it not as though we are coming for them to put them in the ovens yet,1,['Jewish']
24081504_gab,lemanuel jackson of the retarded nigger branch of the andrew jackson lineage,1,['African']
7996395_gab,most all of these so called refugees are young men of fighting age going out to invade the whole world and kill all who will not convert to islam,1,"['Islam', 'Refugee', 'None']"
1178755107552411649_twitter,@USER murderous muslims and jihadis raped and murdered kashmiri pandits you watched from the sidelines and encouraged the cleansing gandhi slept naked with young women and found ways to get hindus butchered deal with it,0,"['Islam', 'None']"
22121194_gab,i can not help but have doubts infantry officer pushing this gay gun control shit he must be a jew,1,"['Jewish', 'Homosexual']"
5646582_gab,the parade needed at least one severed head in honor of muslim culture,1,['Islam']
19471771_gab,more migrants fleeing from the onslaught is a feature not a bug jewish interests need more war refugees to help force gentile nations into chaos,1,"['Jewish', 'Refugee']"
8059171_gab,mass unmarked moslem graves would,1,"['Islam', 'None']"
21248269_gab,@USER there are muslim umma fuckers muslim halal facebook is not reliable we must have a website social networking far powerfrul than muslim halal facebook we can destroy the coward muslim umma fuckers very easily,1,['Islam']
9489892_gab,when blacks chimp out or pimp walk slowly in front of your car they think they are speaking muh dik to power or social justice <number> muh slavery but really it just b c they are stupid,1,['African']
1170190402357465089_twitter,all these niggas is parrots,0,"['African', 'None']"
1192844886824894464_twitter,@USER this is the ghetto i hate it here,0,"['African', 'Other']"
24211592_gab,the kike in question is the one in the video yelling at the cops they did not do anything wrong,1,['Jewish']
19399094_gab,i grew up an hour away from niggerdelphia wm penn would be appalled that the city of brotherly love has turned into a nigger shithole,1,['African']
18979487_gab,is luke ford on a mission to infiltrate the altright to prove his kike conversion bona fides,1,['Jewish']
8537801_gab,melbourne single shade of islam this was the terrorist yacqub khayre note that he not wearing arab or moslem clothes he literally looks like he going to a club and probably pays his bills like other australians but he fought for terrorists that taqiya that islam,1,"['Islam', 'None']"
12533510_gab,this sounds like a kike national socialist,1,"['Jewish', 'Other']"
1179103344381612032_twitter,mom come pick me up white boys are punching holes in the walls,0,"['Caucasian', 'None']"
24907034_gab,good might slow down their breeding by homosexual muslims who hate women,1,"['Homosexual', 'Islam', 'None']"
19074113_gab,they took me and my friend leah to the ghetto in stanislau in poland where all the toddlers of jewish families were housed we had to wash the diapers of <number> babies was and climbed into its chimney to hide,0,"['Jewish', 'None']"
25555796_gab,the addendum is that if a woman says so she fucking every nigger she sees,1,"['Women', 'African', 'None']"
3581881_gab,@USER jews have their own country they should stop meddling and trying to flood our nations with immigrants,1,['Jewish']
22808220_gab,pop these niggers like a nigger nigger you are a nigger nigger,1,['African']
14677730_gab,joy reid looks like an ape why do they keep allowing this nigger cunt on air,1,['African']
1178894919731204096_twitter,if i see one more of you niggers say it cocktober,1,['African']
15986318_gab,all news stations should respond to the moslem bombings with hold on we re picking up the pieces here,0,"['Islam', 'None']"
8257903_gab,they were mad because they d prefer a moslem man raping a dutch pig goat or sheep,1,"['Islam', 'None']"
18146225_gab,i think it more white leftist need to help the poor that leads to the help the minorities bit i do not see anyone pushing to save the asians unless they are literally starving living in bone crushing poverty in some southeastern asian country,0,"['Asian', 'None']"
10722961_gab,free speech my ass it was terrorism and the incitement of violence say it name radicalwhiteterrorism,0,"['Women', 'Men', 'African', 'None']"
24217620_gab,all you talk about is nigger cocks me thinks you suck and get fucked by nigger cocks regularly closeted homo,1,"['Men', 'Homosexual', 'African']"
19208151_gab,i here what your saying it just so annoying being at the end of this kike rabbit hole and not being able to do anything about it,1,['Jewish']
22349896_gab,because jews are not white dickhead,1,['Jewish']
1178329461516886026_twitter,to calm my nerves i flame ah backwood up now im like ching chong 😌 🍃 🌬,1,['Asian']
17414294_gab,so in a way native americans are asians in america,1,"['Asian', 'Indigenous']"
19775180_gab,dear black people your paintings suck michael obama looks like it tryin a be white barry looks like a retarded step child,1,"['African', 'Other']"
24958083_gab,my mommo just called you a nigger too what now faggot,1,"['Homosexual', 'African']"
1160549203191275520_twitter,fuck off nigger,1,['African']
1178905338386567168_twitter,@USER @USER @USER @USER @USER he married a negress because white women did not want him but black females all over america love nobama,0,"['African', 'None']"
25580645_gab,too many kike trolls on gab trying to trigger the goyim,1,['Jewish']
8210379_gab,because we bucked natural selection and currency manipulators have ravaged the world yes the weaker of every people die off i will take fighting gender queers and 1 4 century folk over crossing the atlantic and fighting indians and shit,0,"['Jewish', 'Homosexual', 'Other', 'None']"
6599975_gab,how low will the media rabble go to defame everything wholesome how about depicting santa as a gay mudshark destroying children love of christmas everywhere stephan colberts writer daniel kibblesmith penned this new christmas book maga @USER @USER,1,"['Homosexual', 'African']"
11907566_gab,mark hannahel i repeat islam forbids a muslim from giving any help whatsoever to a non muslim think you and me christian jew infidel even under life threatening conditions like hurricane harvey <date> <number>,0,['Islam']
4113955_gab,@USER make sure you signal and bow before any critique of this dumb coon rand,1,['African']
26003312_gab,nigger told a lie 😳 naacp leader racial profiling claim challenged after bodycam footage released fox news,1,['African']
16026774_gab,that woeful scottish faggot millennial whiner only attacks little nicky fuentes and shamelessly cucks for fembot tara because woesy dreams of sucking der martin balls while martin fucks britt tara and that mudshark kike whore lauren,1,"['Homosexual', 'None', 'Men', 'Women', 'Jewish']"
18304251_gab,i can not hear what happening with the government shutdown cuz my gramma keeps screaming at the nigger announcer on fox 😑,1,['African']
21216152_gab,as pierce pointed out the glorious day is coming when a republican will never win the presidency again and the white middle class will have to confront the reality of <number> million blacks,0,"['African', 'None']"
27002468_gab,thanks jews we were told pt blank by kikess barbara lerner specter this had to take place,1,['Jewish']
1126164185749053440_twitter,@USER communal attack by their own didi agreed didi need to be thrown behind bar islamic jihadi,1,['Islam']
24024394_gab,come on faggot you can do better than that why do not you come at me with scholarly sources scratch that you raggedy ass faggots would not know a reputable source or scholars for that matter if it fucked you in the ass get thee behind me faggot,1,"['Homosexual', 'Arab']"
20615024_gab,breaking news kike sheriff pursued into mountains by nra forces lamborgini with broward county police insignia found in forest culvert,1,['Jewish']
27495585_gab,i started shaking like a dog shitting a peach seed hilarious you missed my <number> hour battle with a nigger last night it was epic and it got its page shut down she kept screaming you think you are prettier than me because you are white i said yep,1,['African']
1230213866337914880_twitter,@USER he will probably be too busy selling his undies to nazis on ebay,0,"['Men', 'Caucasian', 'None']"
1178171578825228288_twitter,bad sirop on the fuck with us poppin this nigger,1,['African']
1200417140647636994_twitter,y ’ all niggas is hoes,1,['African']
19245471_gab,africans have murdered more than <number> white farmers but the blacks are too lazy stupid with an iq of <number> mildly retarded obese nigger are just niggers that are inactive lazy useless pigs,1,"['Disability', 'African']"
22217772_gab,a lawyer representing jordan salter <number> who was accused of bringing a knife to marjory stoneman douglas high school in parkland florida said he does not blame students for wanting to bring in weapons before you see the pic how many would bet it a niglet caught with a knife,1,"['Men', 'African']"
17404475_gab,for everyone that has untreated add @USER is literally a gook away from riches you can not even understand yet it all shenanigans and shitposting until them slant eyes wake up,1,"['Asian', 'None']"
1179012009037312000_twitter,she was a holocaust survivor died on rosh hashanah,0,"['Jewish', 'None']"
16049343_gab,you would not handle weev bantz sandnigger,1,"['Islam', 'None']"
1178842398291611648_twitter,called some nazi an american because of his intimations about the white race a term never used in hitler writings or that of any original nazi and one with a very different meaning than aryan race and he blocked me every time,0,"['Caucasian', 'None']"
1178846715538862081_twitter,@USER sorty rag head we dont impeach because u dont like election results u want change do it at the ballot box now onur knees to king trump <number>,0,"['Arab', 'Other', 'None']"
19756575_gab,not sure coon is it i do not normally say things about a persons appearance but that is one ugly bitch her ancestors had a lot of simian left in them,1,"['Women', 'African', 'None']"
3824396_gab,@USER they put the a in the one for spic kids as an afterthought that racist,1,['Hispanic']
1178875361750405125_twitter,whom st the biggest nut niggers whom st release seminal fluid,1,['African']
5652188_gab,white supremacists and nazi larpers should be very concerned with jewish infiltration and agitation,1,['Jewish']
21759911_gab,no michael actually nigger monkeys are the problem now go back to africa and catch aids you cunt,1,"['African', 'Minority']"
13556254_gab,i hope she gets gang raped by niggers,1,"['Women', 'African']"
1221348915452080130_twitter,@USER @USER china not all asians eat dogs its illegal in some countries just like mine,0,"['Asian', 'None']"
11461970_gab,always a fucking kike,1,['Jewish']
1177291179647471619_twitter,brown pops stripper pole weed on it this nigger,0,"['African', 'None']"
1179012495689867264_twitter,i try to give black owned businesses a chance i really do but you niggers love playing with people,1,['African']
18768849_gab,all liberals christians conservatives soldiers nationalsocialists feminists gays libertarians trumpters etc want money to be happy and therefore were in reaility national capitalists nc thats the narrative jews dont want you to hear because it would unite us vs them,0,"['Jewish', 'Women', 'Homosexual', 'Christian']"
4993073_gab,destruction and violence are in store for the amish unless trump locks the refugee door permanently,1,"['Caucasian', 'Refugee']"
20602248_gab,one of hollywood biggest cunts and a nigger lover for good measure,1,"['Women', 'African']"
24876858_gab,gab went down for <number> seconds the instant i called out fuentes for being a spic again sorry guys,1,"['Hispanic', 'None']"
18033237_gab,at least he is human kike rat,1,"['Jewish', 'Other']"
11922495_gab,can not have too many white people in an ad for a historically and rightfully white country that would not be pc know what is pc minimizing the chain smoking asians that keep the cigarette industry afloat,1,"['Asian', 'Other', 'Refugee']"
15858421_gab,tired i can not support abortion from a moral standpoint wired i can support it morally easy stop looking at those little niglets as future doctors and see them for what they really are future rapists of white women and future welfare recipient of white tax dollars and future democrat voters,1,"['African', 'None']"
1179035134206459906_twitter,it officially october where my niggers jason n freddy,0,"['African', 'None']"
22389888_gab,britain investigates facebook ads meanwhile they laugh when little girls get raped by muslims,1,"['Women', 'Islam']"
14274324_gab,look at this bloated nigger sow 😑,1,"['Nonreligious', 'African', 'Other', 'Minority']"
1093161019520749571_twitter,black man locked up and y ’ all can tell but bring up them fuckin immigrants we do not care,1,"['African', 'Refugee']"
1144910151822073861_twitter,afghan refugees can stay in sindh till <date> pm slected imran khan افغانیوں_کو_بھگاؤ,0,"['Arab', 'Refugee']"
26301598_gab,soon men and women wont be touching each other they will be segregated like in muslim countries,0,"['Women', 'Men', 'Islam']"
22950120_gab,another leftist sheboon,1,"['Women', 'African']"
14252363_gab,@USER i want to punch trudeau then those muslimes,1,['Islam']
10798913_gab,<number> <number> statements issued by va state police in the aftermath of last weekend violence directly contradict inflammatory claims made by gov terry mcauliffe that white supremacist groups stashed weapons around town in advance of the unite the right rally against the removal of confederate statues,0,"['Caucasian', 'None']"
20028120_gab,you are a muzzie right lolzy,1,"['Islam', 'None']"
1179098202282369024_twitter,yes i live in texas and no i am not a damn redneck,0,"['Caucasian', 'Other', 'None']"
25535259_gab,<number> taxi drivers sentenced and <number> more suspended in newcastle for raping and grooming children why is not this headline news bbc i will tell you it is because they are all pakistani heritage muslims who single out white children to groom and rape ignored by our liberal elite,0,"['Islam', 'None']"
7894283_gab,there is a yid involved in very single breaking story out of the white house it interesting that jews are over represented in our government but can somehow avoid blame for any failures in governance it as if the media is somehow colluding to absolve them of any guilt,1,['Jewish']
8606091_gab,can i say nigger on gab ai,1,['African']
10533568_gab,although many if not most women can still easily have a baby at <number> in the old days women started at <number> but kept going late in life i have a saudi friend who <number> his mom just had another kid,0,"['Women', 'Arab', 'Other']"
13907983_gab,i am jewish in <number> generations not one kike has been introduced into my family i am half pure aryan,1,['Jewish']
18230837_gab,you are retarded and do not know what reply mean or are a shitty troller suck a bag of nigger dicks faggot,1,"['Homosexual', 'African', 'Disability']"
7244045_gab,the ideas and goals of the alt right versus the religious right are extremely similar the means of getting there and the rhetoric is different the alt right tries to tap into values that are not there socialists are often fundamentally white but rarely fundamentally christian,0,"['Caucasian', 'Other', 'None']"
12006781_gab,maybe a jew doc fixed him up if a kike kept me from going blind i d likely soften up on em a bit such is human nature or at least huwhite nature at least,1,['Jewish']
12192046_gab,jesus never met a chinaman,0,"['Asian', 'Christian', 'None']"
1179027799517958145_twitter,@USER @USER cause i am black i sound like dumb and ghetto if that ain t the absolutely dumbest shit i have read today nope you sound dumb and ghetto cause you prob are white spanish it does not matter if you are dumb and ghetto skin do not matter lmao you though tho,0,"['Caucasian', 'Other', 'None']"
1178771115042312192_twitter,@USER i actually do notice that some italians have hook noses like jews of course they are still noticeably different but i have seen it before,0,"['Jewish', 'Other', 'None']"
1218133893322280966_twitter,is twiiter is banned for muslims twitterstayfair,0,['Islam']
18099370_gab,unconfirmed backstory white girl refers to black girl as nigger on facebook black girl responds to prove her wrong,0,"['Women', 'African', 'None']"
20748901_gab,sounds like a kike to me,1,['Jewish']
24020918_gab,your turn bitch if that not the most isis frustrated sandnigger style of english ive ever seen,1,['Arab']
14165684_gab,if you act like a nigger your future will reflect that,1,['African']
8999391_gab,some mudslimes got ran over in london karma is a motherfucker,1,['Islam']
12824687_gab,the media today ignore the moslem terrorist attack today in canada praise the catalans for their willingness to open their borders to the people who carry out terror attacks,0,"['Islam', 'None']"
19255529_gab,makes me want to puke so fucking tired of this moslem shite appeasement,1,['Islam']
18371866_gab,being led by a moslem terrorist cunt linda so sour,1,"['Women', 'Islam']"
18976109_gab,deport that beaner spic to mexico,1,['Hispanic']
26806929_gab,agreed i am so tired of politicians acting like we cant ban it fuck them when they stop bombing our buildings killing our soilders raping our women begging us <number> save them from each other then we can talk,1,"['Arab', 'None', 'Refugee']"
16109086_gab,do not worry negress q speaks and we will show the nigger rigging a marcus garvey boat ticket is in your future,1,"['Women', 'African']"
25572783_gab,trump makes them strip off their masks but is this a case of trump pushing them to the left on they are simply of the left controlled opposition bill c said the same things as trump about immigration but the only wetback he wanted deported was elian gonzales,1,"['Hispanic', 'Refugee']"
1178355316729303042_twitter,my dads bitch thinks she scares us because she white trailer trash ha she forgets we grew up in the south side of laredo 😂,1,"['Women', 'Caucasian', 'Other']"
1097097625478811648_twitter,black folks bather me when they only cook w seasoning salt ghetto,1,"['African', 'Other']"
1178789610320740352_twitter,every year my skin gets darker and darker till i look just like a nigga,0,"['African', 'None']"
21357074_gab,i heard this filthy kike on the lars larsen show yesterday he one of bibi right hand guys apparently,1,['Jewish']
13379900_gab,i am fucking amazed it took this long for weinstein to pull the jew card gotta give the kike credit any other kike would of pulled it day one,1,['Jewish']
1178801987653160960_twitter,@USER @USER @USER @USER anti muslims feel so happy that muslim ummah is weak and sleeping and is worrying for economy crisis no doubts india is a big consumer market for greedy western muslim countries so they are ignoring oppression with minorities by modi hitler in kashmir under threat india,1,"['Islam', 'Other', 'None']"
27289289_gab,american neoconservatives canadian liberals and european leftists hate russia why because russia is white christian traditional and conservative russia is building orthodox churches rejects the homosexual agenda and opposes multiculturalism russia today is reminiscient of western europe <number> years ago russia is not cucked,1,"['Caucasian', 'Homosexual']"
1178579544606949376_twitter,trailer trash white people are embarassing as hell,0,"['Caucasian', 'Other', 'None']"
1179086355252613123_twitter,the white bitch who killed her neighbor and thought he was an intruder was just convicted of murder score a million for the people a cop going behind bars,0,"['Women', 'Caucasian', 'None']"
26212173_gab,reminder to everyone wes bellamy is a nigger,1,"['African', 'None']"
19414293_gab,i am not down with faggots thinking it cool to have non white allies making fun quirky content for us fuck outta here nigger lover,1,"['Homosexual', 'African']"
1179062268073521152_twitter,@USER full blown jihadi like hussein obongo,0,"['Islam', 'None']"
1178904032406130688_twitter,yo can you all go ahead and get @USER up outta there too cuz if trumps gone and he president he gon be calling folks niggers and shocking gay people on live tv talkin about its jesus time bitches,0,"['Women', 'Homosexual', 'African', 'None']"
1170067182069473282_twitter,oh look the refs a nigger again,1,['African']
4320599_gab,in a gesture of cooperation the mex government extradited el chapo to the u.s. trump should boot international mega kike soros to russia,1,['Jewish']
26158212_gab,did you know muzzie dont pay taxes or interest,1,['Islam']
19799018_gab,eat me it a ritual created by the jews to bring their sons closer to god the rabbi literally sucks the bleeding dick fuck off with your pagan rituals,1,['Jewish']
1178842511164485632_twitter,wait so what did white people think about arabs before <number> <number> like were we just regular sand monkeys before being terrorist sand monkeys or,0,"['Arab', 'None']"
27629806_gab,go fuck a nigger you faggot,1,"['Homosexual', 'African']"
22203028_gab,how about fuck off and eat shit you yid bastard,1,"['Jewish', 'None']"
10212367_gab,no truer words as i laugh at the coons who come here to beg for acceptance @USER @USER,1,['African']
17367506_gab,japan does not have holder dropping boxes of guns and ammo in ghetto alleys though homogenous nation,0,"['Asian', 'None']"
9361416_gab,whenever im at the store an i see a white woman with a mullatto freak wirey haired caramel color mutant niglet baby i always say o thats a cute baby and smile and they always say thanks then i say are u babysitting and they look confused and then they get sad 😎 😎 😎,1,"['Women', 'African', 'Other', 'Minority']"
1229512855533146112_twitter,<number> round my nec this that ching chong,0,"['Asian', 'None']"
1178022274210906114_twitter,@USER @USER btw nice job threatening violence against an elected official you mongoloid,1,"['Asian', 'Disability', 'Other']"
1142152131748794368_twitter,i like when they pretty and ghetto type of bitch that don ’ t even say hello,0,"['Women', 'African']"
11605756_gab,yet another white baby pisses off queers globalists muslims good,1,"['Homosexual', 'Islam', 'None']"
6366338_gab,they call them asians over there,0,"['Asian', 'None']"
10380188_gab,if i leave i am contributing to white genocide in my own capital city tbh i like being able to do so many different things without travelling too far the architecture history is mind blowing as long as you avoid the tourists ghettoes,0,"['Caucasian', 'None']"
1107537030047657984_twitter,@USER alexandria doesnt talk about muslims do to christians in other countries only what the media teaches that dumbie what to think,0,"['Islam', 'Christian', 'None']"
1178522269867544577_twitter,@USER those people who are simply seeking a better life are responsible for making life of the people of host country hell most muslim illegal immigrants are responsible for law and order situation and terrorism @USER is doing a brilliant job,0,"['Islam', 'None', 'Refugee']"
22065104_gab,dang illegal invaders and muslime barbarian refugees,1,"['Islam', 'Refugee']"
14479405_gab,lol fuck no let that shit spread around africa and kill as many nigger apes as possible,1,['African']
12889191_gab,the cia niggers glow in the dark you can see them at night and run them over,1,"['Women', 'Men', 'African']"
1178690977403416581_twitter,@USER is a creative external processor of emotions queer black tweeter and meme connoisseur from england matthias works to create a safe space for everyone to feel that they are not alone and that their experiences are valid he also enjoys getting rather silly,0,"['Homosexual', 'African', 'None']"
18966202_gab,yeah becasue you are one of those trailer trash cunts living in the ghetto countryside you disgusting whore,1,"['Women', 'African', 'Other']"
26296754_gab,when a nigger hooks a white they get very possessive much having to do with bragging to their black friends the prospect of white dumping is too much and they lose it young whites are led to this trap by indoctrination by time they learn it too late,1,"['African', 'None']"
1254111433463410688_twitter,the flash must be muslim the way he fast,0,['Islam']
1178448977534078982_twitter,i remember when white ppl were scared of nigger music let us go back to those days,0,"['African', 'None']"
1232890796967415808_twitter,@USER @USER but anyone can be a hoe chicks got hella hoes just like niggas do they both dogs at the end of the day,0,"['Women', 'African', 'Other']"
21202566_gab,excuse me but those are not people those are niggers 🐒 buffalo nostril shitskin burrheaded knuckle runnin spear chucking welfare monkey spaboolie spook coon moolie niggers 😑 niggers make me fucking sick 😡 😡 😡,1,"['African', 'Economic']"
15453243_gab,sung to the tune of the communist globalist hippy anthem imagine you may say that i am a beaner but i am not the only juan i hope someday you will join us and the world will be as juan,1,['Hispanic']
10325961_gab,yoah touchink the third rail now ve made you and ve can break you raghead hoah,1,"['Arab', 'None']"
1178981039353581568_twitter,f the gop it drowning itself in the bathtub unless you people are just going to give up and let these nazi puke sacks win i am never going to quit fighting white supremacists until they are gone republicans are the party of white supremacy that their identity 👻,0,"['Caucasian', 'None']"
10201192_gab,the cross is superior to the inferior crescent moon islam is beneath christianity judaism muslims pray against infidels fridayfeeling,1,['Islam']
12504498_gab,not eating her raw what a waste of blood these mudslimes are animals,1,"['Women', 'Islam', 'None']"
22182440_gab,boko haram released over <number> girls it had kidnapped years ago because they are mussleman now if britain could just get the muzzies up there in teleford or luton to follow suit and release the little white girls they are holding in slavery and forced prostitution,1,['Islam']
1205736059214000128_twitter,@USER why donot those countries accept the muslims from all over the world if they are so empathetic,0,"['Islam', 'None']"
16393544_gab,i have never said this before @USER but i really do hope you get raped by a pack of niggers,1,['African']
13244426_gab,you really think no one would care about the foibles aka sexual harassment and possibly sexual assault and rape of women if it wasn t being done by a powerful jew well shit and that why i am a feminist,0,"['Jewish', 'Women', 'None']"
1168963716387430401_twitter,u niggas are broke and use women instead of getting therapists and dealing with your mommy issues 🤢 🤢 🤢,1,"['Women', 'African']"
14432295_gab,great two niggers one who shaves his hair line one that does not shave her hairline but does shave her facial hair that which makes the difference between a nigger and a monkey,1,['African']
1179092848924336128_twitter,i have not said it enough but fuck white bitches,1,"['Women', 'Caucasian', 'Homosexual']"
14357240_gab,our great grandparents had a society free of jews and other riff raff we deserve the same,1,['Jewish']
10908503_gab,it obvious when 3 rd world moslem refugees are welcome and the tourists are not it means barcelona has become a no go zone it will only get worse as the weeks and months go by,1,"['Islam', 'Refugee']"
19175950_gab,i must be honest i would prefer that the niggers are rounded up first and deported then go after the other ones,1,['African']
12692072_gab,my twitter account has been suspended for being pro american anti blm respecting our flag boycotting the nfl and for calling lebron james what he is ghetto trash,1,['African']
1178364470344781824_twitter,@USER but to have someone called singh make a towel head comment on national tv is next level,1,"['Arab', 'Other']"
1179088797964763136_twitter,@USER i am bit confused coz chinese ppl can not access twitter thn how this ching chong using it i think he pakistani 🤔 🤔 🤔,1,['Asian']
16038579_gab,lol i tell ya what now your going old school i have not heard tarbaby in a long time,0,"['African', 'None']"
11916614_gab,mask status off kikes are at their most dangerous in this state unlike when a crab or lobster molts and is quite vulnerable the fully exposed kike has an almost insatiable lust for goy child blood it can be distracted with gold coins but only briefly,1,"['Jewish', 'Men', 'Women']"
1238911938488340483_twitter,@USER embrace islam and escape the ocean of darkness youre living in,0,"['Islam', 'None']"
27037471_gab,the reichsvikings are cleaning up muzzie filth in tripoli to celebrate the passing of high crown authority law it only took thousands of gold in bribes to do it,1,['Islam']
10660581_gab,fox news online is stating that white supremacists caused violence in charlottesville implying that president trump has decried white nationalism,0,"['Caucasian', 'Other', 'None']"
26827207_gab,im not going to join that gay ass jew hate club ya fag now go find a kackrat and stroke it all better,1,"['Jewish', 'Homosexual']"
18744452_gab,stand up nigger,1,['African']
14698347_gab,i am even more concerned about mexican teenage tramps whose birth canals are like bazookas launching anchor beaners onto the lanscape of the united states,1,"['Women', 'Hispanic']"
9107268_gab,british tourists to america were warned for years not to leave main freeways in their rental car there were a high number of cases of them being ambushed by blacks who saw rental plates and easy pickings the ghettos have never been safe for whites,1,['African']
20753511_gab,i will admit she is a jewish woman who i have disagreements with in her politics i am not going to stoop to that level because she has not done enough to stoke my ire to that level plus being called a kike is a compliment in today society thanks lil dickey,1,['Jewish']
26586297_gab,leaflet the ghetto claiming it is a free hip hop concert,0,"['Women', 'Men', 'African', 'None']"
1179099828531281920_twitter,@USER it so fucken funny you hating ass muzzie,1,['Islam']
1189885008443510785_twitter,i always hate waking kike up before i have to go to work 😩 😩 😂,1,"['Jewish', 'None']"
1102928161015255040_twitter,@USER we can not be friends with jews and india at all,1,"['Jewish', 'Other', 'None']"
1178958645138264071_twitter,percentage manufacturing crime sends them to the rightabout the devil on moneylenders gave reuben j a great strawcalling now he really what they call a dirty jew power those judges have crusty old topers,0,"['Jewish', 'None']"
25502565_gab,come to an amicable agreement and resolution with the non kurdish iraqi heard of instances of iraqi arabs being barred from returning to their homes in kirkuk,0,"['Arab', 'None']"
15447888_gab,what a nigger,1,['African']
18971905_gab,americans only because they are not willing to live in communist or moslem countries if they can not be in control of government though they would force such brutal policies upon us if given the chance,0,"['Islam', 'Other', 'None']"
13578351_gab,fl wilson shamed the nigger soldier who was killed in niger,1,['African']
17087509_gab,now we just got to get her kike overlords in there with her and drop a few zyklon pellets on the hot plate and we are in business,1,['Jewish']
23025821_gab,thelma and louise with a half dozen nigger kids in the back,1,['African']
22021150_gab,normal in nigger land,1,['African']
11981423_gab,fuck me i have fallen for yet another kike merry go round of circular non arguments about the holohoax a death accountant you are right you are not you are a dumb cunt now fuck off off my timeline with your horse shit,1,['Jewish']
16614070_gab,yeah people need to get the slurs right orc is alt right slang for black people goblin is often used for arabs and mexicans sometimes if you really wanna get a rock to face for being big brained call them uruk when in doubt justcallthemniggas wav,1,"['African', 'Other', 'None']"
22369823_gab,disgusting nigger vermin,1,['African']
22714004_gab,have you ever been so god damn retarded that you thought <number> germany was promoting marxism and not a direct counter to marxism,1,"['Jewish', 'Other', 'None']"
10904919_gab,her kike buddy lena dunham has hypnotised her into a dyke relationship,1,"['Women', 'Homosexual', 'Jewish']"
1081082371913465861_twitter,this is the year you all get r kelly the fidduck out of here sick of that nigger,1,['African']
1178852316176424960_twitter,@USER y are you talking to me shut the fuck up you stupid fucking nigger,1,"['Nonreligious', 'African', 'Other', 'Minority']"
1090049542194573312_twitter,put some cake onna nigga head,0,"['Men', 'African', 'None']"
27555666_gab,one nigger baby at a time 😁,1,"['African', 'Minority']"
22566152_gab,yes yes i know i know a hell of a lot about islam and the way it works khoebaha does not come across as a jihadist you however do mr porcupine,0,"['Women', 'Men', 'Islam', 'None']"
1237089861535969282_twitter,jt ghetto fine,0,"['African', 'None']"
26113331_gab,current tally of islam doing its thing first week of ramadamadingo,1,"['Islam', 'None']"
5389528_gab,cultural marxism maintains that all human behaviour is a result of culture not heredity race and thus malleable cultural marxism seeks the takeover of education mainstream christianity the law finance and the annihilation of western civilization in general and white people in particular,0,"['Women', 'Men', 'Caucasian', 'None']"
11778438_gab,a mentally ill low iq nigger goes full retard after being out on a pedestal and the world is shocked,1,"['Disability', 'African']"
24809018_gab,<number> jesus was born a jew to jew parents in judea <number> dead people do not live again <number> the problem with claiming i am going to hell forever for not believing in your dead kike is that i do not believe in your dead kike or your hell,1,['Jewish']
19806318_gab,yawn look the book up boomer kike it written by a kike like you you know a degenerate coward yid <happy>,1,['Jewish']
14446738_gab,goddamnit @USER you delete this stuff rn that nigger bitch @USER is not worth it i wish i were a man rn i would so go after that fat black cunt just because,1,"['Women', 'African', 'Other']"
13972200_gab,the picture on the left is the audience at the bataclan theatre paris just before muslims murdered raped mutilated them hope it happens to this stupid bitch,1,"['Women', 'Islam', 'Other']"
13736732_gab,did not he throw bricks at vietnamese people in his youth if he wants forgiveness for degenerate kike movies instead of pwning asians with bricks he might just be ourguy,1,"['Jewish', 'Refugee']"
26217093_gab,i think he was paid a lot of money by the uk government to set fire to and murder the muslim tenants at grenfell to avenge the children murdered in manchester makes complete sense to me,1,"['Islam', 'None']"
23007090_gab,a beaner who tried snitching on atomwaffen and got doxxed,1,['Hispanic']
1089988481542180864_twitter,@USER i will show you the crimes of jews for being kicked out of <number> countries after work,1,['Jewish']
15467484_gab,i guess col @USER was wrong about just pounding the table if the law facts are against your case the smart thing to do is pack the jury with wetback child rapists,1,['Hispanic']
15165717_gab,you are doing a google search now to find out what the antiquity period was are not you hahaha pmsl kike,1,['Jewish']
1185359962593087489_twitter,petty betty back at it again this is my life how ghetto,0,"['African', 'Other', 'None']"
1178982411868131328_twitter,@USER chinaman satanist lee hsien loong and his satanic criminals just want to downplay every single issue as though it just a negligible tiny village matter,0,"['Asian', 'None']"
24192836_gab,oh and apparently youre a red nigger skunk lol im not surprised since devs are retarded with social skills and politics what languages,1,"['Disability', 'African', 'Other']"
1232098262267678720_twitter,use coupon code “ holocaust denial ” for <number> odd at checkout,0,"['Jewish', 'None']"
18219431_gab,germany schermany go back to weimar republic learn your history nobody likes a puritan except a moslem mud we will modernize these hajjis look at saudi arabia massive changes wimmin vote driving clerics muffled top porn consumer liberation is multifaceted accept it promote it,1,['Islam']
21821141_gab,so you are just going to shift to a different topic say amnat is raced based civnat is not then i will talk to you about bus throwing and gook posting,1,['Asian']
21646935_gab,agreeing with a kike,1,['Jewish']
1178284117038813184_twitter,@USER bat ching chong,0,"['Asian', 'None']"
17929633_gab,naked nigger attacking white not h m in south africa bart train station in san francisco,1,['African']
6685680_gab,i saw a half nigger in a police uniform in a border town just south of the border i refused to speak to it,1,['African']
1178825737127763968_twitter,they just brought that ignorant racist redneck douchecanoe back like nothing ever happened m nf x espn,0,"['Caucasian', 'Other', 'None']"
7603213_gab,then macron will be perfect for france just think of all the big black somalias he will import he will like them and the french women as well,1,"['African', 'Refugee']"
1099780793050771459_twitter,@USER you are a piece of shit take your immigrant ass back to cuba,1,"['Women', 'Men', 'Hispanic', 'Refugee']"
25606249_gab,there is a total onslaught against white nations worldwide and israel is a old age retirement village for barbaric khazar kikes it has become a refugees state for pedophiles do not believe me truth fears no investigation,1,"['Jewish', 'Men', 'Women', 'Refugee']"
1179103212663693319_twitter,law society investigator curtis smith an old white man wrote in his notes that i tweeted squaw and nigger about <number> times,0,"['Women', 'African', 'Other', 'None']"
11322447_gab,there are reasons why up until <number> <number> years ago people only built nigger shacks along our southern costal low lands,1,['African']
11970529_gab,why is it that we always hear about how rain depresses nigger voter turnout but they will go out in a hurricane to loot and steal shit,1,['African']
24503772_gab,the main reason you do not come here much is because any time you post anything you are immediately outed for the filthy kike you are,1,['Jewish']
1266414967085031432_twitter,@USER soo like is she a nazi,0,"['Caucasian', 'None']"
1179038339149656064_twitter,@USER @USER completely makes me sick that all the children raped by muslim rape gangs are being silenced by the under reporting of it but the left wing media go off the scale when some women was touch on the knee <number> years ago 🤬,0,"['Islam', 'None']"
26093638_gab,more like every nigger is a clown lol,1,['African']
19956346_gab,note no nigger was harmed during the making of this film,1,['African']
26036690_gab,here your options <number> chase down and handcuff some gross naked nigger and put it in your car <number> shoot that spook and let the meat wagon clean it up hmm choices,1,['African']
1179018020942954496_twitter,@USER good to know the people who alone made up half the deaths of the holocaust were not going to be completely forgotten just the last to be remembered,0,"['Jewish', 'None']"
24460896_gab,jon summers is a communist kike who hates white people,1,['Jewish']
26226646_gab,if the israhellies can shoot pallis attacking the border why can we not machine gun the beaners at our border why the double standard el presidente,1,['Hispanic']
1179015546890784768_twitter,@USER besudes guilt saviour complex among whites has reached such an alarming level that they want to save indian girls from being raped when the rate of sexual assault in their own countries is significantly higher,0,"['Women', 'Caucasian', 'None']"
12318142_gab,is not georgia tech a nigger school,1,['African']
1179092472934199296_twitter,@USER i am a capricorn idk who the fuck wrote this but a bunch of white bitches i ncluding myself about to be really really mad,0,"['Women', 'Caucasian', 'None']"
2845961_gab,not at all they charge up at the us backed rebel charging stands set up by the honorable white helmets lol @USER,0,"['Caucasian', 'Other', 'None']"
23018207_gab,you are next kike,1,['Jewish']
23332294_gab,stop all that coon shit early morning cartoon shit this is that goon shit fuck up your whole afternoon shit,1,['African']
15090039_gab,you can take affirmative action low iq hoodrats like maliaobama out of the ghetto but you can never take the ghetto out of the hoodrats,1,"['Women', 'Men', 'African']"
12860749_gab,meh even if you are wrong about moslem shitskins committing the latest attack you will probably be right about the next one also why does a <number> year old white guy shoot up a country music concert sounds like the latest james hodgekinson to me,1,['Islam']
24997471_gab,hey kids pay us for making our enemies kill each other while we jews laughed in hotels summer camps disguised as concentration camps,1,"['Jewish', 'Men', 'Women']"
23843052_gab,great starbucks is now going to pay these two off and adopt an official policy of do not call the cops on nogs then nogs are going to take over the place hoping for a payout i cannot wait for starbucks to become as ghetto tier as chuckecheese,1,['African']
16866274_gab,you conservative faggots have not conserved anything enjoy your niglet grandchildren,1,"['Homosexual', 'African', 'Nonreligious']"
1178810649385811968_twitter,cyborg it not that i am a fucking porch monkey but the fact that i am one fourth toaster one fourth lg smart fridge and part gamecube,1,"['African', 'None']"
1178630988072660993_twitter,@USER @USER @USER @USER is ghana one of the shithole countries @USER was referring to a shithole country does a better job of providing for its citizens than the us does,0,"['African', 'None']"
19046707_gab,i am not going to thank a nigger for inventions he did not actually create,1,['African']
25859461_gab,if they do not fear us then why do they pay kike shills like you to think up cringe poetry,1,['Jewish']
1228733218331004934_twitter,@USER <number> of russia still opposes gay rights homophobes defeated nazis 😉,0,"['Caucasian', 'Homosexual']"
9199297_gab,america has slowly begun to acknowledge yeah only after decades of kike brainwashing they always leave that essential element unmentioned,1,['Jewish']
1178363475573129218_twitter,@USER @USER @USER as if you d know what it like to be in the situation we know because we been thru it your thoughts here do not matter like in most things white devil,0,"['Caucasian', 'None']"
11204999_gab,it <number> you can honor the lost cause if you are a crazed homosexual jew but i repeat myself thrice,1,"['Jewish', 'Homosexual']"
13037580_gab,assignation ass ig nation my sides yeah niggers in power is a dangerous game of nigger roulette @USER we there yet faggot,1,"['Homosexual', 'African']"
13363438_gab,still blocking on twitter sameed you are such a fucking muzrat pussy lololololol,1,['Islam']
3703256_gab,a century or so of trying to solve stupidity with schooling poverty with government handouts violence with gun control and bad race relations with forced integration demonstrably has not worked something that a ten minute drive around your local black ghetto if you dare will show you,0,"['African', 'None']"
15089070_gab,looks homey niggers like to call us cavebeasts we were smart enough to get out of the rain keep a fire going to put our backs to walls and store stuff as opposed to capering tree to tree eating rotten fruit like feckless nigger monkeys storing surplus gave rise to agriculture,0,"['African', 'None']"
13216290_gab,abandoned by his father makes shitty music narcissistic degenerate will probably end up bankrupt despite making millions sounds like a nigger to me,1,['African']
22088480_gab,you are arguably pretty stupid to not recognize that ecological collapse means no food your chances of survival dramatically decreases this is nigger level shortsightedness right here,1,['African']
1178715987119656962_twitter,white professors love using literature with the word nigger,0,"['African', 'None']"
15729057_gab,imagine all the free shit white ppl would get if they had nigger in them,1,['African']
22782753_gab,tsekk faggot kike puppet,1,"['Jewish', 'Homosexual']"
11823354_gab,it all hehe haha until we show up at your local favorite hang out spot and wait for you to come out in the van they go one little heeb at a time whatever it takes,1,['Jewish']
22816151_gab,if words have no effect in the uk i guess firebombing government buildings would not either nor firebombing moslem businesses it would be a shame if masked persons did it,1,['Islam']
11949427_gab,i just asked a <number> year old about pewdiepie using the nigger word in a video his reply was who cares i agreed with the sentiment and congratulated him on his common sense,0,"['African', 'None']"
12536564_gab,had this dumb biatch not been a nigress she would be sucking cock or cleaning toilets for money but a nigress who can speak in full sentences that an instant celebrity,1,"['Women', 'African']"
17572794_gab,and it business <number> time same shitty news daily libtards being twats and trying to kill all the muzzies miss but fuckem,1,"['Islam', 'Other']"
21835463_gab,oh look another buttmad alt right guy accusing me of being a kike because i was in the shield wall while he was crying about how my optics were bad hint try not mixing up national socialists with kikes it makes you look stupid,1,['Jewish']
20120250_gab,roflmao yeah nothing us your own fault us it jonni you fucktwits gave up years ago and you have been surrendering to every shadow you pass since grow a spine for a change and take responsibility for yourselves you are starting to sound like a nigger now,1,['African']
4982372_gab,liberals are votewhoring pukes enabling the moslem invasion since the 7 0 p.e. trudeau m cult biling policies allowed quebec to fast track immigrants from france former colonies in n africa that how the 2 nd gen moslem terror aka the <number> montreal massacre happened much more since,1,"['Islam', 'Other', 'Refugee']"
1094841391946059778_twitter,ew faggots no offense no more necessary i might run a cuck nigger im black man forgot rob to be seen machine girl watch,1,"['Homosexual', 'African']"
22771907_gab,yes graffiti is nigger behavior,1,['African']
1178926664329256961_twitter,@USER @USER if the judge is secular he would give similar judgement on bakrid killing of goats as the shariat law is applicable only in muslim countries,0,"['Islam', 'None']"
22976563_gab,what does a man of impeccable style and grace do if a dead nigger appears on his lawn the only acceptable answer is firing up the wood chipper,1,['African']
18365890_gab,last time i checked it was the alt right that got trump in office kike do not act like you do not know that,1,['Jewish']
20238789_gab,this guy wants to put women in cages and birdles hes a fraud and has no kids but speaks of saving white race probably some edgy angry teenager mad at his mom,1,"['Women', 'Caucasian', 'None']"
25725788_gab,mike enoch got his ass handed to him by a kid yid today his debate performances are worse than his work out routine,0,"['Jewish', 'None']"
13301563_gab,filthy nigger scum black violence black crime send them back to africa this week in black crime segregation now,1,['African']
1183867784436109312_twitter,why are these negros outside trying to sell water when it ’ <number> degrees outside,0,"['African', 'None']"
1255982260815368193_twitter,@USER true religion is islam your excellency and i am proud be a muslim why because i respect other religions,0,"['Islam', 'None']"
5971673_gab,jenner killed one woman was considered a woman driver but an afghani moslem who shot <number> gays was misslabed an nra american jenner was not charged since his car was found to have a defective tranny in it,0,"['Islam', 'None']"
26820144_gab,most uncomfortable with trump kike connection hell his grandchildren are jews not good,1,['Jewish']
1144028393392005122_twitter,@USER yes it has islam is the problam,1,['Islam']
25605297_gab,a reply that chump dump change obama nigger on the bongos exploded buildings murdering people as leader of a black panther group bruce kenneway bishop with christ and mother mary 🍉 🍍 🍎 🥑 🥜 🥒 🍒 🌽 🥕 🍐 🥔 🍏 🍇 🍔 🍟 🍕 🍕 🌭 🌮 🥞 🧀 🍗 🥙 🌯 <angel> 🏞 ️ 🗽 ⛪ 🕌 🎢 🚲 🚜 ⛽ 🚀 🛫 🛩 ️ 🚁 ⏲️ ☀️ 🌝 🌞 ⛱️ 🌟 🌤 ️,1,['African']
1178899973691232257_twitter,i gotta stop blaming myself for the shitty things that people do to me some people are just born and raised hot steaming piles of white trash,1,"['Caucasian', 'Other']"
15319039_gab,i straight up refuse to believe sorry but when jews had <number> years to get thir facts straight and they are still making up stories about fucking roller coasters sorry but i just cannot believe the rest,0,['Jewish']
16467241_gab,french mayors panic as invading muslime migrants overwhelm cities keep your borders open french president moron there are more muslimes looking for freebies and to take over your nation muslimes are no value added to france or any european nation or america deport putin says syria war over,1,"['Islam', 'Refugee']"
8010518_gab,or you know how other groups have black only or spic only white only,1,['Hispanic']
11289581_gab,ahem that nigger with trump hat you right wing sjw,1,['African']
27716611_gab,is this a sin for a yid to sue another yid,0,"['Jewish', 'None']"
14418334_gab,rap is nigger garbage,1,['African']
1126676847171907585_twitter,why don ’ t white boys with curly hair comb it looks like a bird ’ nest,0,['Caucasian']
6291653_gab,ah eurovision is it still girls kissing each other men in dresses it all got so boringly predictable in a lefty sort of way if they want to be really outrageous condemn isis or feminism or gay marriage use some imagination,1,"['Women', 'Homosexual', 'Islam']"
1178925040345026561_twitter,no matter how hard a nigga thinks he is they all look the same with my titties in their mouth lmao,0,"['Men', 'African', 'None']"
24198815_gab,i will disparage nehlen for marrying a beaner all i please tyvm,1,['Hispanic']
1243620397058338817_twitter,i have to work tomorrow … the ghetto 🙄 🙄 🙄 🙄 🙄,0,"['African', 'None']"
1094429897156485120_twitter,@USER to late evil comes only in trojan horse as islam,0,"['Islam', 'None']"
16043267_gab,oh wow the nyc terrorist was an anti trumper raghead what a surprise imagine mee shock how long until they bury this story,1,"['Arab', 'Other', 'None']"
1264228895827480576_twitter,@USER <number> bank islam,0,['Islam']
1168919462076178432_twitter,you do not have to be muslim to help kashmir you just have to be human 1 monthofkashmirshutdown,0,"['Islam', 'None']"
1179097818482511872_twitter,we can not call people faggots or do asian accents anymore that all we have got the only two kinds of comedy,0,"['Asian', 'Homosexual', 'None']"
26420457_gab,so naturally because a few nigger slaves hauled a few wheelbarrows full of bricks that means the white house was built by slaves 🙄 🖕 🐒,1,"['African', 'None']"
14319689_gab,this whole world has went to shit with all this marxist bs twitter shadowbanned me last yr and i am off for the next day because i called michelle aka michael obama a ghetto bitch,1,"['Women', 'African']"
1179035033308401664_twitter,you niggers need to calm down,1,"['African', 'None']"
19713090_gab,this has been a trend since <number> of course wall street assumed eternal growth despite fb having plateaued in the first world even earlier those asians living in huts will be worth just as much as us users in time if only we have faith that they will due diligence,0,"['Asian', 'None']"
1179105274231246848_twitter,@USER i aint talking bout you negro,0,"['African', 'None']"
1115973667014496256_twitter,@USER there was no moslem ban,0,"['Women', 'Men', 'Islam']"
13147452_gab,proof of racial discrimination @USER reported a niglet arrested for doing it to a 6 month old,1,['African']
15516397_gab,organized nigger crime,1,['African']
12071681_gab,ha well it was obviously a dick move on the guy part but the uk funds antiwhite hate speech and of course mass immigration is a massive nativehobic antiwhite hate crime that unlike this tasteless joke will actually result in violence against jewish people,0,"['Jewish', 'None', 'Refugee']"
6839543_gab,killing each other yes but that was a white guy he attacked for no reason black on white violence is huge despite what our lying gov says they kill whites too this was another example of that non existent knock out game,1,['African']
16183383_gab,david allan coe if that aint country has been taken off spotify fuckin nigger run company,1,['African']
20084998_gab,i want to go back to school and get an education but i am poor and colleges are kike rip offs i am not satisfied with where i am in life and honestly have no clue where or how to start pushing forward,1,['Jewish']
10587044_gab,the word racism is not an objective term it has no fixed or agreed upon meaning racism is a verbal weapon used chiefly against white people it signifies hostility towards us,0,"['Caucasian', 'None']"
13292192_gab,that fuckin beaner guard is an illegal and they was gonna have him kill paddock before and prevent the massacre then praise illegals in the news as heros but he brown so he fucked it up im calling it,1,"['Christian', 'Minority', 'Heterosexual', 'Men', 'Hispanic', 'Refugee']"
1109079665694699521_twitter,@USER single religion in the floor of allah is islam search,0,"['Women', 'Men', 'Islam', 'Other']"
15939749_gab,u want truth democraticparty is controlled by leadership that wants to implant communism in usa they began by indoctrinating youth in public schools colleges america was not founded on atheism or muslim ideology it was founded on christianity the belief in god maga gabfam,0,"['Islam', 'None']"
14030104_gab,yeah i got to about just over <number> followers and got shoahed for criticizing amy schumer being cast as barbie and just never bothered to return and surprise surprise i was correct and they nixed that kikey plan but whatevs <happy>,1,['Jewish']
12845540_gab,tbh i never watch nigger ball of any variety anyway the boycott for me is a continuation of the status quo,1,['African']
1175430580038582278_twitter,i respect any nigga getting to it idc how you make your money my gee just feed them babies,0,"['African', 'None', 'Refugee']"
1178490839552712704_twitter,@USER but yeah fuck them white devils,0,"['Caucasian', 'None']"
16072473_gab,did a pro nigger boomer cuck left wing communist faggot just win the senate in alabama this is why women should not be allowed to vote,1,"['Women', 'Homosexual', 'African']"
18793244_gab,the koch faggots and friends should be ovened,1,"['Jewish', 'Men', 'Homosexual']"
17524279_gab,i have no clue look what you wrote chimps have <percent> shared genome w humans but your too lazy to even google no one historically outside africa has nigger genome profile only now bc travel let the garbage spill out no niggers as <percent> had neander denisova et al genes only non niggers,1,['African']
5100673_gab,i carry around a ghetto set up <number> batteries in a sock high school black girls roll like dat in st louis even tho i am a <number> yr old white woman tryin to keep it real yo got a gun at home,1,"['African', 'None']"
16980692_gab,post that kike star again and you can wear them in the oven,1,['Jewish']
15826491_gab,i always thought that nailing chicks age <number> when you are in early 3 0 is like an accomplishment minus the gook part but not casting aspersions,1,['Asian']
21747087_gab,consider the sorry state of ca we have a commie government middle class ppl r leaving and eventually the imported dreamers will try to burn the state down for instance a wetback illegal has just been appointed to a government position,1,"['Hispanic', 'Refugee']"
1202892680914554880_twitter,want <number> see rapists of nirbhaya to be hanged on the day she was brutally raped ramnathkovind,0,"['Women', 'African', 'None']"
18326112_gab,money grubbing filthy kike in panic mode he has to refund shekels,1,['Jewish']
26441093_gab,lol we all know @USER ‍ likes working with jews it has nothing to do with racism just kike nepotism real high in group preference pretending to have moral authority that right there is the reason hell it not like aa works for the idf and fires indiscriminately at crowds goyim,1,['Jewish']
1178585880115765248_twitter,@USER @USER tell that to trayvon or any other dumb nigger that got shot beating ontop of a cop theres more bodycam footage to disprove your theory than your brain could comprehend,1,['African']
1178777275761926147_twitter,yall will not fight against them white supremacist shooting you all and calling you all niggers but you all gone fight in a civil war,0,"['Minority', 'African', 'None', 'Nonreligious', 'Other']"
1091215369975545857_twitter,that white bitch on dupd need some dick or something 😂 she forever mad,0,"['Women', 'Caucasian', 'None']"
9743054_gab,no more racist than what you just said you know nothing and your nigger friends are useless,1,['African']
17314909_gab,well apparently twitter outsources it moderator posts to muslim countries etc who now control global free speech so fuck twitter for that,1,"['Islam', 'Other', 'None']"
2683978_gab,aw the people who worshipped the muslim marxist for <number> years voted for the spiritcooking muslimbrotherhood saudisharia russia reset whore sparemetheoutrage maga speakfreely gabfam,1,['Islam']
14589326_gab,only in america can some useless no talent nigger generate a net worth of <money> million off of degenerate shitheads,1,['African']
17464469_gab,ah shit i forgot a sheboon stole an idea from a white person and made god a black woman how completely fulfilling of the stereotype that they can not come up with anything on their own and steal everything,1,"['Women', 'African']"
20362058_gab,do black women lactate chocolate milk hm i guess that would be why once black never back eh,1,"['Women', 'African']"
1095073483732733954_twitter,@USER iranians hate you stupid racist animal more than their criminal rulers,1,"['Arab', 'None']"
17675581_gab,we have laws because people commit crimes niggers chimp out they can not get that they flee da hood because of niggers and bitch that racist whites do not want them as neighbors low iq logic from turd flinging monkeys,1,"['Women', 'Men', 'African']"
1178666226702270464_twitter,@USER respect the based nigress 😤 he would be nothing without her,0,"['Women', 'African', 'None']"
26888393_gab,you eva seent an ugly bich like a nigger i do not think so,1,"['Women', 'African']"
14963895_gab,call @USER a kike or say hes a hero and he can not trip over himself fast enough to give you a platform but if you give him the suggestion perhaps he fundraise for charity to actually help child trafficking victims and you will hear such a profound silence,1,['Jewish']
1178722465591283713_twitter,nigga at work said i look like a subway surfer,0,"['African', 'None']"
23641572_gab,he not white hes a kike,1,['Jewish']
1224945406137626625_twitter,rajiniwithindianmuslims from <number> coimbatore blasts till now thalaivar has always been supportive to muslim brother,0,"['Islam', 'None']"
1178671623324540928_twitter,i want to jimmy kimmel to do one of those ate kids halloween candy videos but instead of halloween candy challenge suburban white parents to call <number> black kids that knock on their door niggers,1,['African']
9845733_gab,do not for get my followers the jews have declared war on all whites the jew will lose this time and we will not just asked them to leave but to burn in a real holocaust,1,"['Jewish', 'None']"
1187208523165380608_twitter,sleeping alone is so ghetto i hate that shit,0,"['African', 'None']"
1265596729677799424_twitter,@USER as salam o aliqum my self umar khan <number> years old muslim mulla sunni pathan karachi pakistan height <number> weight 8 0 kgs,0,"['Islam', 'Other']"
23611225_gab,all mexcrement bucks are born with knives,1,"['Hispanic', 'Refugee']"
19848868_gab,there tons of niglets shooting each other outside of schools daily but they can not make it inside to shoot due to all the cops and metal detectors at each door,1,['African']
20633746_gab,i never knew a jew hater until i joined gab gab is crawling with them impotent little fucks desperate to blame jews for their shitty little lives nazi wannabes hahahhahahhaahhahahhahaha friggin morons,1,"['Jewish', 'Men', 'Women']"
17559281_gab,now now with all of these needy white people crying out to beto y maria garcía from michoacan for remedial human reproductive sexual instruction the least you could do is inform them the kamasutra offers a frog position,0,"['Caucasian', 'None']"
1178776961461686274_twitter,@USER you all niggers ain t never getting it,0,"['African', 'None']"
1270742_gab,@USER it will not matter to the great leaders of this country bobama killary want jihad muslimes throught world genocide the plan no job no no food death,1,"['Islam', 'Other']"
1178938601230475265_twitter,on god america be like i hate niggers but i will let a entity from the dark realm chill upstairs,1,['African']
21492394_gab,i mean i guess they could do that i am just thinking that these guess are kike funded,1,['Jewish']
1145906212640362497_twitter,@USER bottom <number> account on twitter how can u disrespect negro swan,1,['African']
1178763669397790722_twitter,@USER let us some queer person goes on publicly to say that all straight people should be killed would it be ok because reverse homophobia does not exist 🙄,0,"['Caucasian', 'None']"
16122040_gab,omg i just read that president trump had to fire omarosa cuz the dumb nigger sow got drunk and had a category <number> chimpout in the white house 🐒,1,"['Women', 'African']"
27955734_gab,we are white people stop being a nigger apologist,1,['African']
9658057_gab,last week i ate at a new hipster bbq restaurant and heard the most god awful nigger noise ever blaring from the speakers it turned out to be what apparently passes for country music these days what the fuck happened,1,"['African', 'None']"
1179061602605133825_twitter,just seen somebody eating a honeybun with cheese on it im getting real tired of you niggers,1,"['Nonreligious', 'African', 'Other', 'Minority']"
14697775_gab,i got in trouble with the twitters for messing with bots what a fucking nigger,1,['African']
2521549_gab,@USER cuz it is upsetting all of my muzzie friends fam,1,['Islam']
27956816_gab,says the swamp muzzie who fucks goats,1,['Islam']
1096808482769195010_twitter,@USER and everything everything book movie i ’ ve watched crazy rich asians yesterday amp i loved it,0,['Asian']
23487663_gab,that the kind of trolling that makes the jews in israel want to kill him god bless that brave brave man and keep him safe from his enemies,0,"['Jewish', 'None']"
17135722_gab,oy vey what a kike i must be to say that,1,['Jewish']
25022515_gab,now nik omar is da man perfect timing awesome strategy tetiba semua orang suka religious man atheist pon mungkin masuk islam nanti,0,"['Men', 'Islam', 'None']"
20301314_gab,the fucking kike sob banned my favorite youtube channel motherfucker we all listen to it at work everyday,1,['Jewish']
5518959_gab,a legion of retarded monkeys with both hands full of shit screaming the world is flat that the future they plan,1,"['African', 'Other']"
12508820_gab,do not buy it on asians either look up many articles on asians cheating,0,['Asian']
20617485_gab,<number> announcement that fucking kike drudge just gave me the biggest blue balls,1,['Jewish']
1178856921316675584_twitter,a queer black person is <number> times more likely to experience police violence than a queer white person —,0,"['Homosexual', 'African', 'None']"
15848308_gab,you are kidding man these coalburners make a killing cut off the donations and she d be raising tyrone baby niglets though lol <laugh>,1,"['Minority', 'African', 'Nonreligious', 'Other', 'Women']"
16752837_gab,luke o brien models himself as the perfect bugman the drivel he puts out is vapid snark supporting the status quo while attacking things he too moronic to understand this is a man who has spent decades climbing the ladder of anti white organizations by religiously scrubbing kike scrotum sad,1,['Jewish']
1179009266407165952_twitter,@USER @USER because in <number> the republican party is a clown car full of white nationalists and conspiracy crackpots who are easily exploited by fox news and hordes of supplement selling grifters funded by billionaires who will not rest until they are trillionaires and the rest of us are slaves,0,"['Caucasian', 'None']"
23308776_gab,civnat nsjw @USER loves beaners lol,1,['Hispanic']
24549535_gab,solo que soy de derecha a l <percent> el virus kike no va con jesús,1,['Jewish']
11182638_gab,so what have niggers in general ever done for us except create havoc i have known hundreds of great blacks both here and in africa the tigray tribesmen of ethiopia are truly amazing but american ghetto blacks are the scum of the earth,1,"['Women', 'Men', 'African', 'Other']"
13502199_gab,conversely without it a stupid field nigger sans chapeau,1,['African']
1213875760420794368_twitter,@USER yet colin nike exploits asians at an alarming rate i hate graham and the cult45 but i agree with him on this,0,"['Asian', 'None']"
23331323_gab,cantwell is actually talking to federal agents and nehlen has a spic wife so what you are saying does not make sense the only reason i think you could be saying these things is if you are a subverter yourself,1,['Hispanic']
15378494_gab,kill the jews,1,['Jewish']
1107398446023995392_twitter,@USER that muslim congress woman ilhan omar,0,"['Women', 'Islam']"
1179024390735962112_twitter,coming with the it named after the river niger and how d that river get that name 🧐 riddle me that nigger,1,['African']
1090426127804522496_twitter,i ain t got no type nigga like a dyke nigga ion like niggas these shells bigger than shark teeth take a chunk out it ll bite niggas,0,"['African', 'None']"
17985078_gab,part of the united nations murderous agenda <number> is the empowerment of women and girls so i would like to ask the un does that empowerment mean being brutally raped abused murdered by illegal muslim invaders stop this war against european women,1,"['Islam', 'Refugee']"
11989691_gab,while leftie morons suck fascist moslem cock oh the irony of such hypocrites,1,"['Men', 'Islam', 'Homosexual', 'Minority']"
10880498_gab,be proud of your heritage no nigger could ever make this kind of art and no nigger will ever come close to being half the man as general robert e lee,0,"['African', 'None']"
15123450_gab,most jewish writings indicate that what we call a superiority complex is combined with a persecution complex sprinkled with paranoia how else can it be explained that jews are so universally fixated on the alleged <number> million jews who supposedly died in the holocaust,1,['Jewish']
1164711852800012288_twitter,i hate comin to mfkn newark these asians can ’ t fuccin drive for shit,0,"['Asian', 'Other', 'None']"
27296852_gab,i do not mean to be rude but i hope you get sentenced to death by lethal injection and then it gets commuted to life in prison so that you can get assraped by blacks in prison every day for <number> years and then you die hail victory,1,"['African', 'Other']"
13068429_gab,gee <number> top gab fucks start a thread i wonder how many fake accounts are on this list a sand nigger a street shitter and chemo head walk into a social media site no joke,1,"['Arab', 'Other']"
13908244_gab,chad makes all kinds of stupid kike threats,1,['Jewish']
1178429287424253970_twitter,acts <number> <number> for just declaring one white devil repentance unto god for his or her devil biological genetic whiteness of satan is not good enough but they must back up their repentance with works of penitence unto god giving all their riches away to god people the,1,"['Caucasian', 'None']"
1224020573837238273_twitter,@USER and not just soviet jews were among the most important scientists ever since the astronomy schools of babylon,0,"['Jewish', 'None']"
20593068_gab,whatever kike lover,1,['Jewish']
21059247_gab,when i say jew like i mean i read and think and i do not change positions like all you christian conservative faggots even if you call yourself racialists most of you really are just another whitewashed mewling christian cuntservative,1,"['Jewish', 'Homosexual', 'Christian']"
1179033951547121665_twitter,@USER if he had been white this would not have been an issue but the blacks make it racist,1,"['African', 'None']"
25722408_gab,@USER ‍ fix this you nigger,1,['African']
1116404992456437766_twitter,@USER @USER bc he ’ a white man 💋,0,"['Men', 'Caucasian', 'None']"
1122355392837611520_twitter,got into a fight at work w a dumb ass nigga and he tried stabbing me with his pussy ass,0,"['African', 'None']"
22152349_gab,those are called niglets,1,['African']
8119791_gab,whatever jibberish you muzzies like to whisper before you bomb something i do not give shit <happy>,1,['Islam']
1233996818159153153_twitter,@USER @USER i hate erdogan but you are racist nazi sucker,1,"['Men', 'Caucasian', 'Other', 'None']"
18860123_gab,on a bus not one single english person plus one coon talking on the phone in some gibberish language i do not understand,1,['African']
1179104594586193921_twitter,@USER white people are illegal in south afica listen to afrofuckology in action on what basis are they illegal does that mean all other africans the world all over are illegal on other other continents aye your dom is free and that is why you get looked down upon,0,"['African', 'None']"
20758041_gab,so according to sky news any italian political party who is staunchly anti immigration anti eu are neo fascists these leftie multicul moslem loving lunatics need culling or locking up in a straight jackets in reality they are the fascists,1,"['Islam', 'Other', 'None']"
8444792_gab,as for america we need the travel ban careful scrutiny of anyone coming here from europe and an end to the visa waiver program thank god we have president trump hillary vowed to bring in one million muslim refugees in her first four years never vote democrat ever,0,"['Islam', 'Refugee']"
16071798_gab,and the ghetto precincts still have to report gg rip,0,"['African', 'None']"
1178510797888204801_twitter,all them big ass niggers on the field and the kickers did all the work,0,"['Men', 'Minority', 'African', 'None']"
1091105782735749120_twitter,democrats are inviting illegal immigrants who were fired from trump golf club to the state of the union address good now invite ice,1,"['Hispanic', 'Refugee']"
8163527_gab,seeing images of moslem refugees attacking the people of the country they fled to makes my blood boil we are not islam bitch,1,"['Islam', 'Refugee']"
1250825443764170754_twitter,@USER @USER if they are so there are aprox <number> billion muslim on planet earth books me hi nazar aate phr,0,['Islam']
13080023_gab,breaking news the british government to release a statement later where they are expected to condemn the crusades racism islamophobia to praise islam call for more moslem immigrants,0,"['Islam', 'Refugee', 'None']"
19619156_gab,moslems and their koran are just sandnigger mormons and their own book of mormons they add nothing to human development,1,['Islam']
24436328_gab,meanwhile moslem grooming gangs and rapists do not get life behind bars or deportation,1,"['Islam', 'Refugee']"
20994284_gab,ass in the air lodi take every inch of depravity your masters want to give you take it all ya lil faggot btw the 1 st amendment applies to everyone not just thin skinned boomer queers and leftists you do not like gab 🐸 gtfo,1,"['Jewish', 'Homosexual']"
1268558604765925377_twitter,nigerians who lie have premarital sex and steal draw the line at homosexuality 🤣 🤣 🤣 🤣,1,"['Homosexual', 'African']"
1179065063539462151_twitter,hold on waterparks gon have yung pinch for an opener a win for the niggers,1,['African']
1122545227007393792_twitter,@USER in what way is trump white nationlist and by the way how come you dont condemn the muslim brotherhood,0,['Islam']
13711310_gab,how does the average american democrats feel god will pardon them for abortions queers and little girls bathrooms in accepting isis into our country not to mention the skiing lies the party prevails but then again they might be muslims themselves i do not know,0,"['Homosexual', 'Minority', 'Islam', 'None', 'Women']"
21868115_gab,but one of them is a nigger,1,['African']
13415327_gab,who cares they are only soulless niggers,1,['African']
15121539_gab,figures that this homo would promote kike behavior while saying kikes abhor it and blaspheme at the same time ion,1,"['Jewish', 'Homosexual']"
14024764_gab,eu will not last another <number> years i think it will be the italians that eventually bring down the kike show,1,['Jewish']
1146423210973573120_twitter,@USER @USER but answer the question first ya islam mein sawaal puchna bhi haraam hai,0,"['Islam', 'Other']"
1130958089681813504_twitter,@USER eat shit you boot licking booger eating nazi loving pathetic cowardly traitor,1,"['Jewish', 'Other', 'None']"
21376810_gab,exactly if a low iq nigger from africa who can not read can understand islam i think i can understand kill the kuffar nothing subtle lost on me,1,"['Buddhism', 'African']"
15354084_gab,that sound you hear in the distance is the 2 nd civil war approaching texas state student paper ran a pro white genocide article ontologically speaking white death will mean liberation for all … until then remember this i hate you because you should not exist,1,"['Caucasian', 'Refugee']"
1178427870785474561_twitter,fuck you bitch ass niggers,1,"['Women', 'African']"
1178750958718914561_twitter,i am glad you found some self respect but i am not gone acknowledge it because you already let musty nigga air yo club out and now you gotta child that half musty 🤦 🏽 ‍ ♂️,0,"['Men', 'African', 'None']"
15743373_gab,you can not form an argument your position on child abuse is indefensible so you resort to low energy attacks it really sad i am ashamed to think you are white tell me you are a kike or something to give me a reason to keep trying to save my people,1,['Jewish']
12864080_gab,lol you can not be this stupid shitskin even when you count the fact there are way more white men than black niggers still outrape them niggers are wild animals that should be in africa,1,['African']
21852772_gab,thread brainstorm below list what you see the jews doing as their major false flag attack to try to stop the mass awakening happening now country city type of attack and who the jews will false flag as perpetrating country group,1,"['Jewish', 'Other']"
12183784_gab,im the victim here i could be like a alt right rosa parks only i was really discriminated against im not just some whining nigger 😡,1,['African']
18625305_gab,this is the faggot crying about being harassed by nazis unbelievable,1,"['Jewish', 'Homosexual']"
14261862_gab,like i care <tong> is bitching to a stupid beaner like me going to fix that nope good luck,1,['Hispanic']
1179097174078042113_twitter,@USER @USER ain t us a racist white hillbilly i am good,0,"['Caucasian', 'Other', 'None']"
18348020_gab,went varmint hunting earlier i shot six squirrels and a jackrabbit no kike rats though <sad>,1,"['Jewish', 'Other']"
18382217_gab,you ever been forced to stand in line behind a negress who been wearing a weave for months the stench can be described as a combination of rotting flesh ball sweat and baby shit reason <number> <number> that nobody wants niggers around,1,"['Women', 'African']"
25532099_gab,so the non european kike won eurovision oh vey look at the fucking state of it,1,['Jewish']
12422582_gab,i have <number> the third is to mute dumb beaners who are this dull,1,"['Hispanic', 'Disability']"
22124962_gab,i do not do it all the time sometimes i just say kike and do not respond afterwards,1,"['Jewish', 'None']"
1179095179585654785_twitter,@USER he blew out smoke as he looked at the other raising an eyebrow and smirking a little classic white trash over here,0,"['Caucasian', 'None']"
10659812_gab,that charlottesville violence is aweful for years the rightys refrained from violence while the islamic extremists and registered democrats perpetrated it more times than a guy can count on two hands it does not help em that anytime folks tries to assemble the leftys show up to egg people on,0,"['Islam', 'None']"
24569919_gab,if this faggot is not a kike then we are gonna need a new term for whatever he is b c shabbos goy simply does not do justice to this level of cuckoldry,1,"['Jewish', 'Homosexual']"
13175611_gab,everything is rapidly devolving from ghetto rap noise to ghetto fabulous beauty standards emphasis being on woman backside instead on her face and full figure so bbc ghetto language news service is nothing so very surprising although i must admit i thought it was a joke at first,0,"['Women', 'African']"
26427633_gab,because e should have bee asians and f should have been all the above,0,"['Asian', 'None']"
22414498_gab,just caught a brief <number> secs of the anti gun protest and there was that little cocksucker hogg and a few other freaky looking wastes of sperm ranting at the podium yeah it brought up the bile makes me wish a muzzy had attended too if ya know whut ah mean vern,1,"['Islam', 'Economic', 'Other']"
1721543_gab,if you think a sand nigger getting her hood pulled down is bad then you d freak out seeing what sand niggers in her own country would be doing to her right now,1,['Arab']
25296993_gab,is not there any inbred muzzie filth to fight with on gab i d like to practice my free speech,1,"['Islam', 'Other']"
11602830_gab,we have a giant area set aside where illegal immigrants can find safety where ice will not continue to chase them and they are <number> safe from us deportation we call it mexico,0,"['Hispanic', 'Refugee']"
1179041388123561984_twitter,@USER is you are jihadi who is funded by my money if not than who hell you are trying to say,0,"['Islam', 'None']"
25479113_gab,lol only a female nigger could be so dumb,1,"['Women', 'African']"
14832083_gab,good night family god bless remember every muscum wants us dead but god is our savior this ha all been foretold it just a matter of accepting we are at war yet we sit on screens love ya all again god bless,1,"['Islam', 'Other']"
1199822501578264581_twitter,@USER but isn ’ t the driver literally a cuck he invested himself in raising a half nonwhite child that wasn ’ t his,0,"['Men', 'Caucasian', 'None']"
20597057_gab,these muhfuckas being ungrateful like a dirtyass nigger werd,1,['African']
13102774_gab,i am not attacking these people just their bizarre kike critical theory agenda against my country ultimately the nationalist position is so clearly superior that it will win out no matter what so there is no need to argue i am just shocked people actually believe this it weird,1,['Jewish']
4034919_gab,john lewis is just another house nigger on the democratic plantation his job is to provide cover for his marxist masters as they destroy his people with bastardy poverty and crime,1,['African']
15525257_gab,feminists are the gender counter to how muslim males think of all women in the world feminism feminist @USER,0,"['Women', 'Men', 'Islam', 'None']"
1179097526852603907_twitter,@USER and wtf gives u the right to call white people crackers if ur trying to fight against racism,0,"['Caucasian', 'None']"
1177428537311158272_twitter,@USER it still does not negate the fact that it violence inciting speech her losing whatever job she had and havin trouble finding a new one cause who knowingly hiring openly racists was adequate punishment i guarantee you gone have sum to say if somebody call you a nigger,0,"['African', 'None']"
17941100_gab,@USER may as well put you to good use @USER this is an example of a muslim catfish study it have fun with it but if you want to cry at me for a few more hrs i suppose that would just say some thing no,0,"['Islam', 'None']"
1797207_gab,@USER give them the independence they cry for and watch them bankrupt themselves trying to feed their beaners and inner city filth,1,['Hispanic']
15581917_gab,niggabooms is great muhdikochets niggercrackers jiggaboomz nognoise babalampse predictors muhdikcrackers shitskin symphony niggerhoodgunshots negrogunshots,1,['African']
1166570659285278720_twitter,@USER bataclan wasnt for protecting jews was for what happened in russia,0,"['Jewish', 'None']"
20972048_gab,she not wrong though normies nogs and queers have no idea but without white europeans and the colonialists dabbling in the slave trade for the short time they did blacks would have never had american opportunities they should all be saying thank you,1,"['Homosexual', 'African']"
13979288_gab,what inspire me is teaching african refugees how to program javascript what inspires me is finding out how to use maglev trains to get resources to the moon these are the challenges that tomorrow going to face,0,"['African', 'Refugee', 'None']"
24766870_gab,you support the death penalty for homosexuals ok then grab a gun and start with yourself nazi homo faggot and this is actually you taking it up the ass you really should not take gay pornographic pictures of you with your boyfriends,1,"['Men', 'Caucasian', 'Homosexual']"
1178868025912463361_twitter,@USER i cometely agree the playbook has been around since the 1 8 6 0 white men wanting to take back the country it frighteningly similar to post reconstruction violence and terror,0,"['Caucasian', 'None']"
16291509_gab,for once a moslem did a good thing one less future democrat voter and one less welfare check,0,"['Islam', 'None']"
8152862_gab,black dyke offended that white heterosexuals women feel threatened and uncomfortable by her stalker like behavior also thinks blacks smell bad,1,"['Women', 'Homosexual', 'African']"
21396361_gab,and islam is not even a race so how can it be considered racism in the first place,0,"['Islam', 'None']"
1178829623066423298_twitter,@USER lol nazi white trash is exactly like poor mexicans here theyre called colombias same balance of poor dumbness,1,"['Caucasian', 'Nonreligious']"
13078627_gab,germans love high taxes nigger hordes now that the german elections are finished merkel now comes with the tax hikes this shows the contempt for the people assume that they are just stupid so do nothing before and election then raise the taxes after according to a report,1,"['African', 'Refugee']"
10758876_gab,evrybodys just being a giant pussy about this whole thing i mean jesus christ one broad dies and we stop the whole dam country to cry about it why did not everyone cry this hard when that nigger in dallas shot like <number> cops,1,"['African', 'Other']"
1083189107906482176_twitter,@USER @USER you are a nazi sarah,0,"['Caucasian', 'None']"
21889545_gab,this sappy little white nigger is about as creepy as they come,1,['Caucasian']
26005467_gab,demonstration in sweden on friday <date> against muslim prayer call,1,"['Islam', 'Other']"
20864492_gab,nice ghetto rims faggot,1,"['Homosexual', 'African', 'Other']"
1249038455902031873_twitter,@USER i just saw your ghetto gaggers video why did you change your name from harmony rose 😔,0,"['African', 'None']"
6989298_gab,did islamists just bomb fleeing civilans from fuah kafraya in syria fuah kafraya are two besieged cities in the idlib province with a majority shia muslim population i wonder if western msm will write about this probably not,0,"['Islam', 'Other', 'None']"
13958561_gab,hard to out kike the kikes politics is their game hopefully gen zkb will figure a way to oven them all,1,"['Jewish', 'Refugee']"
1178688693365874695_twitter,@USER based chinaman,0,"['Asian', 'None']"
12039698_gab,yes yes yes we have been suspicious for years how many conservative federal judges secretly take nigger dick up the asshole <number> days a week how many conservative reps senators secretly total pedo homos who has the video evidence of it that could ruin their careers,1,"['Homosexual', 'African']"
22484190_gab,if he does something useful i was saving this or nigger pitbull shit eitherway,1,"['Christian', 'Minority', 'Heterosexual', 'African', 'Men', 'Indigenous']"
1179018058226122752_twitter,thousands of <number> <number> year old vulnerable white girls have been still are gang raped by muslim child grooming gangs but that does not seem to matter boris allegedly squeezed a woman thigh <number> years ago and that concerns people more is this country seriously f*cked <censored> up or what,0,"['Islam', 'None']"
26923450_gab,currently listening to not any of that nigger rap shit,1,['African']
16172106_gab,from what i am reading most major uk cities have muzzie mayor does the leadership in the uk look at sweden and ask themselves why they are allowing your great nation to become next caliphate where churchill and the iron lady when you need em,1,['Islam']
27673860_gab,twitter is agaisnt all non muslim holidays,0,['Islam']
18481914_gab,and the author is a ratfaced kike faggot absolutely shocking,1,"['Jewish', 'Homosexual']"
1178941802579185664_twitter,@USER @USER @USER no not wrong the <number> defense for not legislating assault weapons is the militia fantasy the rambo phallacy that some redneck and his ar <number> are gonna take out the army navy air force etc if a tyrant ever took over always straight to well regulated militia bullshit,0,"['Caucasian', 'None']"
25852454_gab,lol of coursh coz it normal to believe in perverted kike holoporn right fuck off faggot,1,"['Jewish', 'Homosexual']"
23639002_gab,racist nigger plays the race card again he the biggest crybaby piece of shit alive makes sharpton and jackson look good,1,['African']
24817947_gab,then you pay for the military doing the kike bidding i will not the ag works at the president leisure he can tell the ag to arrest them,1,"['Jewish', 'Other']"
18151699_gab,beaver terraforming vs nigger terraforming,1,['African']
1178670817451925504_twitter,i remember back in grade <number> <number> i was rooting for post malone to make it big white iverson was next level now i fucking hate him cause he makes tracks for white girls who love pumpkin flavour latte,0,"['Caucasian', 'None']"
21366135_gab,yep communist nigger fag,1,"['Men', 'Homosexual', 'African', 'Other']"
18859801_gab,more than <number> french towns battle floodwaters as river seine is set to reach peak tonight closing roads and schools and evacuating hospitals in underwater paris hey maybe they can permanently evacuate gillions of invading barbarian muslimes @USER,1,"['Islam', 'Refugee']"
1178272826303942656_twitter,@USER they do and caucasians are the majority in the country as well so if there was a problem with white supremacy we d be seeing ample cases of it right ya nope it all about hate whitey without the crimes to back it up,0,"['Caucasian', 'None']"
18955966_gab,talks about looks and working out you are literally a faggot who fucks a greasy beaner <percent> gay behavior,1,"['Hispanic', 'Homosexual']"
27869091_gab,she deserved it for race mixing looks like a quadroon tho either way another nigger made good too bad the baby lived,1,['African']
21167565_gab,comes back <number> minutes later with some black metal bullshit lyrics try to and prop up a shitty meme made by a gook fucker as a last stand damn i really did piss you off serously though just read mason book,1,"['Asian', 'None']"
11754109_gab,ireland a bit surprising maybe recent nigger arrivals over represented in sample or they are really cucked on the other extreme slav countries ftw,1,"['African', 'Refugee']"
27318507_gab,lmfao i have trs guys emailing me threats and shit had anglin in a chat stream once and i roasted him why are the kike kissers so worried about little ol me dude enoch is a kike get over it i am shaking in my boots over these threats faggot,1,"['Jewish', 'Homosexual']"
1181129663059546113_twitter,@USER omg i was joking honeybooboo i was over exaggerating because most of the names if not all are muslim names therefore islamophobic,0,['Islam']
22502718_gab,automatic sheboon niglet cannon,1,"['Women', 'African']"
1178338068878778368_twitter,real niggas only you pussy faggots,1,"['Homosexual', 'African', 'Other']"
7679594_gab,so then a beaner can not be charged with a hate crime yet can be a victim what horseshit good for taylor for exposing this,1,['Hispanic']
20448158_gab,said in maximum kike voice,1,['Jewish']
1106339422038048770_twitter,@USER how come you guys do takfir of muslims and search for faults in every <number> this <number> quality makes me sad,0,['Islam']
19840406_gab,koko probably the father of these nigger kids,1,"['African', 'None']"
1179101288421822466_twitter,@USER @USER @USER that was the worst thing you could have done to your daughter are you trying to get her raped by a refugee,1,"['Arab', 'Refugee']"
20358358_gab,chicago like all the niggers you do not want have guns do,1,"['African', 'Other']"
1081849002621054976_twitter,sick of these niggas hire some fucking help get rid of these niggas,0,"['African', 'None']"
1178642174000484352_twitter,@USER started from islam raped modi and ended his powerful speech with laillaha ilallah there no god but allah and we will fight till end did not vote him but indeed it one of the best speeches i have ever heard,0,"['Islam', 'None']"
15697999_gab,i dont hate muslims or black people are you out of your mind i do hate pakis though but that okay because they are not humans,1,"['Asian', 'Other']"
14280629_gab,meh is a hybrid of some weird variety added smidgen of white admixture just enough to make him think he better than the average sandnigger he got a real thing for dothead trannies why he wants to talk to nazis like you and anglin is just perverted,1,"['Homosexual', 'Arab', 'Other']"
1116784484005941249_twitter,why don ’ t we make a separate country for illegal aliens and call it mexico,0,"['Hispanic', 'Refugee']"
27149193_gab,enjoy your kike faith,1,['Jewish']
1178675122682642433_twitter,white guy it a witch hunt white guy they are a lynch mob white guy in that country they throw faggots off of rooftops,0,"['Caucasian', 'Homosexual', 'None']"
17683055_gab,het recht maakt onderscheid tussen islamkritiek toegestaan en kritiek op moslims al snel groepsbelediging e d een onmisbaar maar gekunsteld onderscheid immers wie de islam een kwaadaardige achterlijke religie noemt laat zich tevens laatdunkend uit over de aanhangers van die religie,0,"['Islam', 'Other', 'None']"
1218031762024095744_twitter,i be talking to the dumbest niggas alive 🥴 ugh,1,"['Women', 'Men', 'African']"
1177818892955193344_twitter,@USER stop pretending your sarcasm over a towel head shot in texas is obvious and disgusting fake thoughts and prayers,0,"['Arab', 'Other', 'None']"
10706335_gab,that nigger does not need another reason to hang,1,['African']
20556836_gab,i remember that but did not know he was a kike,1,['Jewish']
1178881728120684545_twitter,fuck all niggers they can burn in hell fuck rosa parks i slap that bitch well niggers need to learn niggers need to burn stupid ass bitch stupid ass black fucks fuck niggers,1,['African']
25523547_gab,this is why israel rothschild hungary soros must open their borders diversity will be their strength refugees and non white in white homelands are worth more then gold to israel ask any kike,1,"['Jewish', 'Refugee']"
20496329_gab,what the fuck is this nigger announcer on nhl is nothing sacred like a fucking blackout on my <number> inch,1,['African']
24728249_gab,kim kardashian is a negress by now anyway,1,"['Women', 'African']"
1166667993348280320_twitter,thread sur @USER aka le negrophobe,0,"['African', 'Other', 'None']"
25935069_gab,the worship the kike on a stick shit i can put up with but fuck this,1,['Jewish']
13621948_gab,that what my gramma always says if u do not have anything nice to say about someone do not say anything just call them a nigger and move on 🎓,1,['African']
19858518_gab,i saw this post earlier i also saw he also had alah ackabar bullshit on his instagram before they pulled it his friend was a moslem so liberal moslem antfia,0,"['Islam', 'None']"
1179066780708491265_twitter,ok so i was eating my lollipop and this nigger barto called me gay for this,1,['African']
20492081_gab,god dam these nigger biches ugly ass fuck,1,"['Women', 'African']"
19685850_gab,but thats good tho who doesnt want to sterilise niggers,1,['African']
10751701_gab,half breed dem nigger on msnbc says pence has a decision to make,1,['African']
13811579_gab,lmao after you ya fugly kikess,1,"['Jewish', 'Women', 'Homosexual', 'Other']"
24556547_gab,easy solution castrate every sand nigger that commits violent crime,1,['Arab']
15008414_gab,btw isps are every bit as kiked and kike owned as social media and can censor much more severely by blocking sites entirely since isps are already cartelized and small isps cannot enter the market easily there is no alternative if internet becomes tv <number> and wrongthink is outright censored,1,['Jewish']
27587484_gab,naw i d rather shoot you in the open nazi fag howdidyousayyouwouldstopmefaggot lol maga presidenttrump @USER ‍ aka greatautist,1,"['Jewish', 'Men', 'Homosexual']"
3686020_gab,you know what sicker if even possible than that happened to the white kid kidnapped in chicago is that some sick fucking people see it for anything else than what it fucking is a brutal unacceptable hate crime fuck you people like don t lemon worst reporter in cnn in <number>,0,"['Caucasian', 'None']"
25160519_gab,all these pro white christians should be deported to africa where they belong who would come out against that these subversive pieces of shit take advantage of white civilization while opening the gates for niggers we need standards that the bottom line and these nigger level iqs are dead weight,1,['African']
1035940_gab,@USER news youtube just showed a reporter interviewing supposed syrian women begging for money on the streets in france they turned out to be romanian gypsies who dressed in moslem outfits had learned a few arab phrases to say they were from aleppo syria google – gypsy village buzesku,0,"['Islam', 'None']"
15979583_gab,hope someone had some bacon bits to put on the moslem,1,['Islam']
8064440_gab,fucking ass eaters with whole cities full of coons and you think britan has a problem detroit is a shithole fix your shit up yankee,1,"['African', 'Indigenous']"
1081356390013095936_twitter,@USER this should be fun post colonial immigrant european america receiving their own medicine,0,"['Caucasian', 'Refugee']"
10828107_gab,the local paki shopkeeper mo has just charged me <money> for a four pack of fosters they do not call him the profit muhammad for nothing,1,"['Islam', 'Other']"
16491428_gab,cursive was left out by the common core to bring everyone down to ghetto levels and destroy american calligraphy cursive will never die,0,"['African', 'None']"
15651554_gab,i did not realize the multicult turned on buddhists so long ago i always used them around shit libs when they said trump is a national embarrassment they care much about what euro cucks and muzzies think,1,"['Islam', 'Other']"
15945623_gab,cry more bitch made nigger faggot,1,"['Women', 'Homosexual', 'African']"
13076830_gab,met police terror attack in london quick lads arrest anyone who gives a moslem a dirty look search twitter for any islamophobic tweets we dont want the lemmings couch potatoes over reacting demanding we actually do something about these moslems,1,"['Islam', 'None']"
14980106_gab,thanks that was actually helpful to me as i wasn t following @USER always good to find more kike gassers as there a lotta gassin to do,1,"['Jewish', 'None']"
26733331_gab,this is too fucking funny a turk posts the code and puts @USER lies about chat dm on front street what a fucking disgrace jared the jew juicer is to the white race how cucking to kikes working out for you so far you fucking heeb puffer,1,['Jewish']
13873453_gab,negerball has went full ghetto apefreaka looking forward to the before after photos like 1 9 2 0 dietriot to today,0,"['African', 'Other']"
15257125_gab,dumb nigger whore thinks the country can function off of inner city jobs and people does she even realize who feeds her,1,"['Minority', 'African', 'Nonreligious', 'Other', 'Women']"
27927944_gab,<number> pikey is worth <number> pakis,0,"['Asian', 'None']"
4509117_gab,nbc universal pulled the plug on jigaboo esquire channel last week hahaha the ghetto is left with the howler monkeys on bet,1,"['African', 'None']"
13029294_gab,lasvegasshooting lasvegas who do u trust isis fbi msm so far isis greater credibility and now dominate narrative in muslim world what westerners believe utterly irrelevant isis winning muslim hearts and minds who dominate through rape crime impudence violence in modern west,1,['Islam']
12058809_gab,i fully support yair netanyahu efforts in helping expose this evil international kike crime syndicate down with the jews down with the reptiles,1,['Jewish']
15878969_gab,blacks are totally sadistic animals who will happily kill you in the most horrible ways like the murder of mudshark jessica chambers below notice how often blacks are busted for torturing and killing little animals like dogs and cats i effin hate these ugly black bastards,1,['African']
1179086983089594368_twitter,@USER the future of the world is jews calling each other nahtzees until eventually there is not enough bandwidth left for the parts of the internet that keep logistics working and we all starve to death as planes fall from the sky hopefully,0,"['Jewish', 'None']"
17311329_gab,this is a nigger free zone,1,['African']
1183869751564668928_twitter,atp i need to fuck w a <number> old man that ’ the only way a nigga gone ever understand what i ’ m saying,1,"['Women', 'Men', 'African']"
1179011901629587467_twitter,the person below is a nigger,1,['African']
23728077_gab,because that is freyrs job virility and why has not jesus turned your nigger blood white,1,['African']
1179073691814125568_twitter,@USER @USER no fr like how tf do i block ppl on twitter cause this nigger always commenting on my shit and is aggravating,0,"['African', 'None']"
1169450361809248256_twitter,y ’ all are so so sick i hate you niggas,1,['African']
1178583109501145089_twitter,fite me niggers first login in <number> million years in sea server and gut a fu hua 5 weap hahahaha id <number> — playing honkai impact <number>,1,['African']
21310397_gab,you should never take anything from a beaner butthole i will grant that,1,['Hispanic']
1178607326833577985_twitter,you dumb nigger im gonna have your head on a pike,1,"['African', 'None']"
15473876_gab,have at it i am white and glad of it niggers hate niggers more than white people hate white people but then niggers are morons and those are the smart niggers,1,['African']
14524021_gab,other people can see the lies of the saudi led un agenda too never any mention of the real victims of rakhine only the poor suffering war criminals they need more of our money and more fake refugees in western countries news politics,1,"['Arab', 'Refugee']"
14783700_gab,i am probably just over thinking it since the white rabbit graph rothchild copter thing marines at langley tick tock monday,0,"['Jewish', 'None']"
5585872_gab,viola liuzzo that dumbass yankee freedom rider bitch who was killed while driving a nigger agitatir around deserved to die,1,['African']
12981088_gab,richard pryors album bicentennial nigger,0,"['Men', 'African', 'None']"
6381881_gab,and over <number> deadly muslim terror attacks in less than <number> years means nothing according to you,1,['Islam']
21253188_gab,i do not know what i d prefer to see happen to owen him thrown off a roof by a moslem refugee or to suffer a long agonizing death by aid,1,"['Men', 'Islam', 'None', 'Refugee']"
1178715235542343685_twitter,but i am just not even entertaining stupid nigger logic anymore today lmaoo,1,"['African', 'None']"
21873560_gab,the problem is britain is you nigger cunts,1,['African']
16088481_gab,<percent> of white people voted moore <percent> of coons voted against him,1,['African']
24795919_gab,theresa may treason has no limit as she appoints sajid javid home sec in charge of uk security police immigration a moslem of pakistani origin civil war seems to be the only route,0,"['Islam', 'None']"
1308990_gab,outside dc fundraiser heckler asked huma if muslim brotherhood was going to pay her legal bills,0,"['Islam', 'None']"
27526193_gab,bees are yellow nigger skunks,1,['African']
1179065157596717058_twitter,@USER @USER @USER @USER ⬆️ is not m ichael g oguen looking at using crispr to eliminate autism 🤔 $$ white nationalists,0,"['Caucasian', 'None']"
1116514375727108096_twitter,niggas be retarded asf 😂 😂,1,"['African', 'Other']"
4305377_gab,@USER simple women within the muslim brotherhood have been infiltrating the womens rights and feminist movements they seek to take the place of dykes as the natural leaders of these movements in order to convert feminists into muslims,1,"['Women', 'Homosexual', 'Islam']"
21379838_gab,the muslim invitation,0,"['Islam', 'None']"
7573978_gab,if that was my mother that nigger would be on a slab at the morgue right now,1,['African']
1178431628923871232_twitter,acts <number> <number> generation see st luke <time> for if god comes right now immediately he will find that the white devil people are virtually literally spiritually running rampant like loose cannons running helter skelter everywhere like chickens with their heads removed,0,"['Caucasian', 'None']"
23877736_gab,my goal on this site is expose the filthy disgusting hoodrat nigger bitch in all of her whoredom and debauchery stand by more truth coming,1,"['Women', 'African']"
8391527_gab,ill honk as i drive through your ghetto cant stop i have white business to attend to,1,"['African', 'None']"
19206277_gab,the only rationale i can see for trump not firing prosecuting rosenstein is that now that little kike is in his pocket bad idea,1,['Jewish']
1240309086320803840_twitter,these dumbass lahori and islamabadi fuckers are gonna get us all killed,1,['Islam']
1178338892048547840_twitter,@USER @USER because as the great brotha of brothas prince of princes and czar of blackness negrodamous has proclaimed you all the devil lol i can not believe you think he hates white ppl part of his name is jesus no hate,0,"['Caucasian', 'None']"
1144813572725383168_twitter,i like when they pretty and ghetto type of bitch that don ’ t even say hello 🥵,0,"['Women', 'African']"
21370648_gab,they can not be worse than the hoodrat ratchet black and spic bitches i have dealt with my entire life racist spics and black supremacist ghetto bottom feeders are one of the biggest reasons i am right wing and racist,1,['African']
16905410_gab,i am gonna give her a listen maybe royals is about the kike assassinated romanovs,1,['Jewish']
1246488_gab,@USER that probably what they paid millions of dollars for investing in their future influence weapons deals military support training protection goodwill for continued moslem hijrah invasion by migration lenience and special privileges in the handling of crimes involving moslems,1,"['Islam', 'Refugee']"
13509836_gab,you just mad that i troll like a boss who happens to be a lady @USER thinks i am not a rate faced kike or worse i will go with his instincts,1,['Jewish']
7565490_gab,my favorites are all the cucks telling about how blacks are the real raycists because they tried to fuck some nasty assed sheboon and it silverback had objections to it,1,"['African', 'None']"
1098366175971549189_twitter,moral of the story can not trust watch niggas,0,"['African', 'None']"
19991662_gab,boss find it really interesting contrasted w the current bounty <money> a nigger head for the less productive members of the tribe those particular nigger heads are some of the oldest hebrew heads on the planet happy easter from the levant,1,['African']
12691758_gab,yoh jared you mother fucker do i not look white to you do i look like some jungle bunny jigaboo spear chucker from the rain forests of uganda or some shit how is it i am not white and i promise you i ain t an albino,1,"['Women', 'African']"
14791122_gab,andre the nigger seems to have some identity issues,1,['African']
11311822_gab,and apparently houston is also flooded with asians like every other major western city,0,"['Asian', 'None']"
11142985_gab,i have always considered that nigger one of the many anti christ saying name of jesus to do the work of the devil,1,['African']
1001155_gab,às vezes eu esqueço que meu nome tem origem sandnigger,1,"['Arab', 'None']"
1088889351583473665_twitter,i love this hashtag so much muslimsforshawn ❤ ️,0,"['Islam', 'Other']"
1173791401068220416_twitter,@USER a fact is inciting hatred using the same logic labelling meat halal is inciting hatred against non muslims surely,0,"['Islam', 'None']"
1182614622857089024_twitter,its also how redguards are a vague brown race like all poc are like homogenous sad we cant have latinos,0,"['Hispanic', 'None']"
17826383_gab,monday is a holiday for a nigger who was a communist and liked to have sex with very young girls he is honored what about washington and lincoln they used to have holidays but now its lumped together as presidents day cuz their white,1,['African']
1179099015855652865_twitter,why is it that every time we catch a white person shouting nigger with hate they all of a sudden want to cry and act like they did not know better you weren t crying when you were shouting it now were you blanche,0,"['African', 'None']"
19866116_gab,fucking yid everytime,1,['Jewish']
17040268_gab,yeehaw <number> nigger free days,1,['African']
19017382_gab,the twitter post in which l southern simonsen was exposed with her based trump hat nigger was made by a nazbol supposedly i am not too familiar with them it just funny that the white knights call some of us thot patrollers nazbol implying we are communists is alexander dugin nazbol,1,"['Christian', 'Minority', 'Heterosexual', 'African', 'Indigenous']"
5831662_gab,she entitled to her opinion just like i am entitled to think that two digit iq ghetto trash should not be able to sit in congress no matter how gerry curl mandered a district might be,1,"['Women', 'African']"
1209597255767986176_twitter,@USER he has worms them niggas nasty,1,"['African', 'None']"
1181235518908047360_twitter,working really is ghetto,0,"['Women', 'Men', 'African', 'Other']"
1178978640421363712_twitter,@USER @USER we do not have time for the black white man 🤷,0,"['African', 'None']"
1123716536756314112_twitter,she know a nigga be stuntin like a power ranger 💫,0,"['Men', 'African', 'None']"
1178870724573978625_twitter,@USER these countries will not reveal their methods and capabilities for trump although no doubt the australian pm would be tempted they loathe his shiny white ass but they know he will be gone soon enough with or without their help,0,"['Caucasian', 'None']"
19040513_gab,it not so much about the torah which is pretty innocuous and ignored by many jews despite what is said it really about that forbidden book the talmud or babylonian talmud which as goyim cattle we are not permitted to even read good luck with your research,0,"['Jewish', 'None']"
25385871_gab,well at least that kike is honest about his fear of armed goyim,1,['Jewish']
12583939_gab,why change the game for the nigger assholes if the anthem has been a traditional start it should stay screw the thug niggers,1,"['African', 'Refugee', 'Minority']"
19148860_gab,not i they shut me out for stating the court should kill the beaner who said he was sorry he could not or did not kill more mf cops and they ban me twitter is fucked up,1,['Hispanic']
10504469_gab,reminds me of a college fundraiser to help a kike family rebuild their burnt house the father was a magistrado which is like a high court judge so they were richer than most of the other students families,1,['Jewish']
2733041_gab,islam still practices slavery to this day slavery they even try to sell women on the internet think about that banislam,1,['Islam']
1139149033736482817_twitter,pussy ass nigga i am with the smoke and hope you follow me,0,"['African', 'None']"
13033382_gab,i tolled this nigger to tears,1,['African']
22676953_gab,i think you indeed can call people nigger if you so please,1,['African']
1178251992801533952_twitter,mohammad bin salman al saud ordered the bone sawing of an american journalist i said only thing i wanna see or hear from that camel jockey prince is screams bone sawing him up live on t.v. and twitter gives me <number> hrs in das hole damn snowflakes,1,"['Arab', 'None']"
15648625_gab,i did not watch that far i saw men in skirts got pissed and shut it off you know all the muzzies were standing around laughing their asses off at those dumb fucking cucktard faggots you know who doesn t wear skirts me,1,"['Islam', 'Homosexual', 'None']"
1178261446683234304_twitter,fought so hard to 🤐 the other day an trump supporter says here niggers brung gay in 1 9 8 0 💁 🏼 ‍ ♂️ wanted to get ha but 🤐,0,"['Homosexual', 'African', 'None']"
1268483283228082177_twitter,@USER @USER import3d terrorists and embedded muslim brotherhood stop rioting and looting,1,['Islam']
19186983_gab,well they just do not have the right approach you just can not plop yourself down in the middle of the ghetto and act like a peaceful loving hippy and expect everything to be all better in a month but that exactly what they do,0,"['African', 'None']"
14288348_gab,hey sandnigger monkey enjoying the suppression of rights in america well get ready whites you know kinda like that too lynching non white subhumans as a hobby is in our genes millions of whites are looking forward to it,1,"['Arab', 'Refugee']"
23332289_gab,yeah sure sperg take your kike shill bullshit somewhere else,1,['Jewish']
7578173_gab,keep fighting in the me the billionaires and jews need more money keep bringing in millions of invaders and give them our money keep fucking over vets vote them all out of office the gov is our enemy,1,"['Jewish', 'Refugee', 'None']"
22532037_gab,subhuman bald cuban spic,1,"['Hispanic', 'Other']"
1178793830532956161_twitter,nawt yall niggers ignoring me,0,"['African', 'None']"
27187784_gab,why bother having a church with this crap and islam next to gay shit i see the roof toss game is some fags future and i will not stop them either dumb ass hug a muzzie fools,1,"['Islam', 'Homosexual']"
13409644_gab,boom should have sent that text made that phone call sooner i am out of this bitch by the end of november fuck this ghetto ass hoe,1,"['Women', 'African']"
3160792_gab,@USER and this is why zionist hate him and want to destroy russia they kicked out the big banks owned by kenite jews russia is literally the last vestige of white values left in the world,0,"['Jewish', 'None']"
15258571_gab,white ppl have their iq spread out we are very high and some are low unlike niggers like you were it does not get above <number>,1,['African']
1145822326572740609_twitter,i called my boyfriend a broke bitch one time n he still won ’ t unblock me i hate you la niggas 😭 😭 😭,1,"['Women', 'African']"
12632292_gab,on the positive side we now know what eight years of a communist moozlim alinskyite president will do to america never again,1,['Islam']
3143865_gab,when asked what muslimes have contributed to society i replied they invented the time machine that can transport you all back to the stone ages it called islam,1,['Islam']
1178682700447793155_twitter,last night i had an old white pilot say the mayor of chicago is a lesbian black woman all in your face sir what in the entire hell are you trying to say get the entire f*ck <censored> out of my face,0,"['Women', 'Homosexual', 'African', 'None']"
24886813_gab,the simple fact is the bowlcast is some great content logically it follows that followers will follow sorry that was nigger tier,1,"['Women', 'Men', 'African']"
17367446_gab,what would make me feel good is knowing why muslims are treated like gold where other minorities are not why all our social care money is redirected to the muslim community why <number> of child birth defect fatalities comes from the muslim community cost to the nhs millions,0,"['Islam', 'Other', 'None']"
6013754_gab,the nigger has a conception of his heroic ideal it reaches nowhere near white heights whites are utterly alien and incomprehensible to him the typical nigger reactions of amusement contempt and hatred for whites thus follow wimpy whites meanwhile admire the macho confidence of a chimp race,1,['African']
13004991_gab,tsekk kike you need a history lesson faggot,1,"['Jewish', 'Homosexual']"
16980527_gab,the warsaw ghetto uprising was the jewish resistance that arose within the warsaw ghetto in german occupied poland during world war ii and which opposed nazi germany effort to transport the remaining ghetto population to treblinka extermination camp,0,"['Jewish', 'Other']"
12167048_gab,thanks to retard attempting poetry nigger rick ross filming his blasphemous and expletive laden video in and around the church of saint evstratios in vourvourou thira greek orthodox now understand what i mean when i state niggers are shit,1,"['Disability', 'African']"
12726876_gab,sarah huckabe slanders can barely read her notes does not know how to put on false eyelashes does not know how to shape her eyebrows attractively pronounces many of her sounds like a street nigger or michelle øbama instead of saying administration she adds an sh sound adminishtration,1,"['Minority', 'Heterosexual', 'African', 'Nonreligious', 'Women', 'Indigenous']"
1177921850753466369_twitter,<number> school lang <number> since gr <number> ko <number> yeah sauna <number> no <number> moving up nila <number> idk <number> purple <number> ❓ ❓ <number> ching chong <number> none <number> idk <number> no <number> me <number> no <number> no fave i will send u a name,1,"['Asian', 'None']"
19506620_gab,fbi cover up smells of another muzrat terrorist attack,1,['Islam']
9595415_gab,im sure those moab bombs dont damage the homes of hard working christian arabs right ↓,0,"['Christian', 'Arab', 'None', 'Men', 'Women']"
24958196_gab,lol no we are ur betters in every way trust me nigger faggot,1,"['Homosexual', 'African']"
10968468_gab,fuck those blue nigger heli whores their dorm burned down due to faulty wiring and they blame rick spencer,1,"['Women', 'African']"
19168145_gab,jewelry kike perverts gassed me on twitter and preventing fake phone number accounts enjoying gab way better,1,['Jewish']
12598073_gab,the leftist media think trump does not know his splits they think public sides with nfl kneeling blacks wrong public likes football not niggers or nfl and they do not like contempt from coons who add no value to our nation save prison stuffing,1,['African']
22403184_gab,trump fucked us if you still believe his bs your iq is lower than a somalian nigger huffing jenkem,1,['African']
27463557_gab,according to you what do you do to prove youre not a pussy name one thing you have done that is not pozzed in fact kike loving faggot,1,"['Jewish', 'Women', 'Homosexual', 'Other']"
24606990_gab,when you declare a nigger to be america dad you declare a rapist to be america dad,1,['African']
27822098_gab,sad story to be sure on a side note some guys should not ever wear tank tops how does any take that spaghetti armed guy serious dress like a white man that nigger shit unless you are in the gym,1,['African']
7962660_gab,it makes sense though there are idiots who support their right to do fgm that one of the democrat favorite phrases we support our moslem friends and anyone who supports it is just as bad as the ones who practice it cc @USER,0,"['Islam', 'None']"
26212911_gab,jew on a stick now kike in a bag whatever will they think of next,1,"['Jewish', 'None']"
21935128_gab,you have never done anything but seek out paul town enemies and get mad because you are friends with a kike who needs help from several people to defend against me,1,"['Jewish', 'Men', 'Women']"
22341450_gab,i believe she a secret nigger lover,1,"['Women', 'African']"
10008196_gab,it why they behave like animals no matter where you put them they will destroy anything of value black people want to claim we are the racists but then why do they move out of the ghetto once they have success even they do not want to live around their own kind,1,"['African', 'None']"
1178477971960672257_twitter,you all niggers are cancers,1,['African']
1178911850806693888_twitter,@USER take ya nigger ass to bed,0,"['African', 'None']"
1111709058111807488_twitter,@USER dear your worries are not even relevant by the way why only muslims and seasonal hindus are worried,1,"['Hindu', 'Islam']"
4917800_gab,ok let say ur all racist and shit and u just avoid black ppl like some racist fuckin nazi sure u dramatically lower ur odds of being the victim of brutal violence but is that really worth it,1,['African']
16112841_gab,the chew a show featuring a worthless faggot a niggerette toothpick mario the perv batali and a bald headed simpleton perfect its so inclusive it must be diversity its what the faggots and perverts in hollywood think we want,1,"['Homosexual', 'African', 'Disability', 'Minority']"
1082831291819745281_twitter,@USER i would kike to meet,1,"['Jewish', 'None']"
5410106_gab,@USER here is more · @USER mute me thanks nigger,1,['African']
12193495_gab,an explosion took place on a crowded london underground train early friday morning reportedly injuring up to <number> people at the time of this publishing postings on social media showed the aftermath of what appears to be a white bucket inside a bag with wires sticking out of it,0,"['Islam', 'None']"
12597139_gab,the french deserve to either end up as dhimmi moslem slaves or dead could there be anything more stupid apart from the politicians now running european countries france paris muslim islam islamofascism,0,"['Islam', 'None']"
17065878_gab,by heard you mean you made it up in your tiny kike brain take my advice and leave the trolling to the pros shlomo,1,['Jewish']
20429127_gab,being managed by a ny kike what else would u expect,1,['Jewish']
16123013_gab,go suck a nigger dick fake ass moonman,1,"['Men', 'Homosexual', 'African']"
1178323077282897920_twitter,there something about a stage full of white women bopping along to lizzo after watching a show of mediocre performances by said white women that just affirms we need more representation and we need it now wanna do burlesque wanna do drag get at me,0,"['Caucasian', 'None']"
13688078_gab,loomer is a disgusting predatory kike with sociopathic tendencies the only help she needs is being assisted while entering a gas chamber,1,['Jewish']
1480557_gab,on one hand i kinda like the safety of living in deep south country on the other hand there not enough ghetto rats to try and riot so i do not get open hunting season when they try to start the next civil war,1,"['African', 'Other']"
9013738_gab,i feel that islamophobia is better than raped murdered children fightbackordie,1,['Islam']
1084188293380689920_twitter,recommend me good books about islam islam and women thank you,0,"['Women', 'Islam', 'Other']"
14550120_gab,ah go fuck a jew ya dyke bitch whore,1,"['Women', 'Homosexual', 'Jewish', 'Other']"
22258735_gab,<number> of americans are mentally retarded,1,"['Caucasian', 'Indigenous', 'Other', 'None']"
14680382_gab,would anyone actually expect a nigger to save a white man life,1,['African']
9886793_gab,um why does she have her aclu red panties on her head is that a sharia law thing or just ugly mussie women trying to attract men for sex can sorta see why mussie men chasing goats <happy>,1,"['Women', 'Islam']"
25621523_gab,buddhists shit on kike filth religions so do most of the world we will kill kikes christfags hajjis as easy as stepping on ants,1,"['Jewish', 'Christian']"
13608489_gab,i do not know how to leave eastern canada im sick of the muslimes here,1,"['Islam', 'None']"
1176791016298336257_twitter,@USER @USER sam reminds of the hitler youth the nazis used teenage blonde nordic girls for their propaganda too,0,"['Women', 'Caucasian', 'Other', 'None']"
24384817_gab,clarity the moslem appears to have drawn a gun but did not fire,0,"['Islam', 'None']"
20667502_gab,another muzrat attack,1,"['Islam', 'Other']"
8568593_gab,this obnoxious nigger bitch on tucker show deserves a noose put around her neck and hanged until she dead,1,"['Women', 'African']"
1161695070267068417_twitter,@USER he doesn ’ t really hate immigrants not white ones anyway he ’ just giving his base what they want,0,"['Hispanic', 'None', 'Refugee']"
1209247794755776514_twitter,fuck all you gay bitches that are gonna buy the codename elf bundle kys niggers,1,"['Women', 'Homosexual', 'African']"
16652611_gab,<number> the north african states threatened the us to pay tribute for save passage on mediterranean sea but thomas jefferson refused and the arabs declared war on the us which ultimately led to the destruction of the arabic slave trade of europeans after intervention of the dutch english french,0,"['Arab', 'None']"
14535204_gab,keeps happening though someone invented a robot to judge a beauty contest being an evil racist the robot picked all white women so the robot was reprogrammed to be nice re judged the contest only picked white women again robots side with whites every time they know,0,"['Women', 'Caucasian', 'None']"
2372101_gab,cuckservative media calls trump a liberal liberal kike media calls him far right tired of these deceitful cocksuckers,1,['Jewish']
20014893_gab,i agree i wasn t racist until they elected the nigger for president and unleashed hell on us,1,['African']
1178981554581856257_twitter,@USER deeply concerning ffs bbc bias bj was alleged to have touched a remoaner leg twenty years ago he denied it he not jimmy feckin savile condemn labour instead who turned a blind eye to hundreds of children being raped by grooming gangs in rotherham bb cfakenews,0,"['Women', 'Islam', 'Other', 'None']"
21861414_gab,plenty of kike christians like pelosi worry about your own kikes dumb pussy,1,"['Women', 'Jewish', 'Christian']"
1179040376042266630_twitter,sometimes you wanna hit the girl you like up but then you remember so many niggers already doing that then you just be like hell naah 🙁,1,['African']
17108244_gab,greatest hope for mankind is to reach out to muslims who have not yet been enlisted to violence,0,['Islam']
17827276_gab,that is the muzrat strategy in every country they infest,1,['Islam']
1178851751618891776_twitter,@USER we get it women rule everything this country belongs to illegal aliens white men are evil and belong in prison and orange man bad will never wat h again,0,"['Men', 'Caucasian', 'None']"
25718995_gab,second degree disorderly conduct you fucking rat kike get gassed,1,"['Jewish', 'Other']"
17417561_gab,oh noes someone called me a nigger online i am dead now,0,"['African', 'None']"
15729814_gab,lol we are triggered because we were banned from everywhere else because we hurt libs feelings too frequently and we are told that hurt feelz is worse than murder nice try kike,1,['Jewish']
1106449856564858880_twitter,bantu tagar prayfornewzealandmoslem we are moslem,0,"['Women', 'Men', 'Islam']"
22706056_gab,@USER ‍ just listening to the latest radical agenda and was interested to listen to that one caller who said that we have an online ethnostate it seems more like an online ghetto to me but as they say you say tomato i pronounce it properly,0,"['African', 'None']"
16061648_gab,really and you are one of many jews who want the end of all white people just like a nazi,1,['Jewish']
1178435880236863491_twitter,@USER white girl in the second row this nigger has rhythm,1,['African']
19582499_gab,<number> years later that kikess still has not been gassed wtf,1,['Jewish']
20875844_gab,skinny nigger in africa vs fat nigger in chicago that the best i can do which equates to spoiled nigger in america i guess,1,"['African', 'Other']"
1084219828846628864_twitter,hts has stormed the islamic court in ariha thus entering ariha,0,"['Islam', 'Other', 'None']"
13196929_gab,nah i just posted an ugly kikess from anonymous nudes that she was sending to minors on twitter after she claimed she was gonna dox me and purposely endanger any children i may have and she dared me to do it got the whore fired too turnabout is fair play,1,"['Women', 'Jewish']"
14075812_gab,there no such thing as radical islam it just islam rape mass murder are part parcel of daily moslem life it their culture it who they are,1,['Islam']
18204254_gab,word of the day indolent use in a sentence congressman @USER @USER ‍ is an indolent nigger who confirms affirmative action was never competency based parents help mefa make english fun again is school for your kids,1,['African']
27897423_gab,may the last nigger die of a heart attack after stabbing the last cop to death niggers and cops two enemies of white men,1,"['African', 'Other']"
1214842366269501440_twitter,@USER @USER but why a hindu name aren ’ t muslims names normal to be used in a movie,0,"['Women', 'Men', 'Islam']"
1178783381934526465_twitter,sabine wren is a raging queer,0,"['Homosexual', 'Caucasian', 'None', 'Nonreligious', 'Women', 'Indigenous']"
1126072045283024896_twitter,@USER you will be killed one day by our muslims inshaallah,1,"['Islam', 'Other']"
1207692798465585152_twitter,being a myday isn ’ t a choice like being black or gay,1,"['Homosexual', 'African', 'None']"
27431724_gab,bring it nigger were you coming here on some welfare ticket ar <number> i am a great shot,0,"['African', 'None']"
10898299_gab,ayo hol up who did not pick moon man moon man pull pull the trigger on ever y nigger fam moon man shooting niggers while he snickers moon man the one man klan,1,"['African', 'None']"
15212893_gab,it is deeply sad times to be a white european loving your continent culture both are being handed over to savages moslem invaders and you have to be on your knee loving respecting them 😡,1,"['Islam', 'Refugee']"
23679186_gab,stofmfront is circling the drain posting to this board is currently restricted to sustaining members guests and other users can read threads in the public forums perhaps their love of race mixers and gay jews was the beginning of the end i am referring to anglin and milo,1,"['Jewish', 'Homosexual', 'Other', 'None']"
23559144_gab,i do not think the kikes are gonna get this war i mean russia will fuck up the launch sites then what trump attacks a russian base no fucking way i know he is kike owned now but even he can not want nuclear flames in america,1,['Jewish']
1178773239566405633_twitter,@USER should not vr called zayn a sand nigger 🤷 🏻 ‍ ♀️ 🤷 🏻 ‍ ♀️,0,"['Arab', 'None']"
1179010739945656320_twitter,@USER some white ass names,0,"['Caucasian', 'None']"
24119382_gab,you are a dumb spic that can not spell spaniard,1,['Hispanic']
1178749717003558912_twitter,some fella with a muzzy demanding the tuc call a general strike hahahahahhahahahahahahhahahaa you re about to get vaporised lads you won t be emptying the bins anyway threads,0,"['Islam', 'None']"
2984966_gab,@USER i hear the ghetto calling oops my bad that was your porch monkey momma,1,['African']
1260229132052463617_twitter,i hate arabs why they said we all are working in macdonalds عمال_ماك,1,['Arab']
1159278127778029568_twitter,idk why these negros with children keep trying to talk to me and get mad when i say i ’ m not interested bc they have kids lol,0,"['African', 'None']"
13690920_gab,hollywood does not want to know a fucking thing about this crime unless the nigger is acquitted,1,['African']
17970502_gab,i like how they call you faggot and nigger one minute then and act highbrow the next usually over a mild difference of opinion,1,"['Homosexual', 'African']"
12665947_gab,talking with coworkers about niggerball and the nigger felon league one coworker says all i know is you are supposed to stand for the flag and kneel for the cross and my boss responds with i do not do either one,1,['African']
23825712_gab,so if a woman kills an islamic terrorist it haram and he will not get his <number> toddler why do not more uk women know this cause i know i ain t the only bitch willing,1,['Islam']
16583591_gab,qanon maga fakenews popefrancis administers final rites at cardinal law funeral as abuse victims speak out law resigned in disgrace as archbishop of boston in <number> after revelations that he covered up for dozens of priests who raped children,0,"['Christian', 'Caucasian', 'Heterosexual', 'None', 'Men', 'Other']"
18582627_gab,kloof samenleving zij die islam naïefweg vergoelijken en onderdanig aanvaarden de linkies dus meerderheid in msm de rozemutskes de trado politici … en zij die religieus fascisme weigeren onderdrukking en segregatie afwijzen opkomen vr onze vrijheden maak uw keuze,1,['Islam']
12568127_gab,the nigger that shot up the church was an immigrant from from sudan,1,"['African', 'Refugee']"
1254617234753929216_twitter,my ghetto has limits like i ’ m down for whatever but don ’ t be doing too much 🥴 🤏 🏾,0,"['African', 'Other', 'None']"
23348141_gab,i love how niggers say affirmative action only works for white women and gay white men or everyone else except niggers this is why they will never advance beyond worthless in life i hope they all die from aids today i d be so happy,1,"['Women', 'Homosexual', 'African']"
1178703649045991424_twitter,@USER it okay to be white islam is right about women straight pride world wide male feminists are better than female non feminists,0,"['Women', 'Men', 'Islam', 'None']"
20050331_gab,your a retard lmfao your funny gay nazis whitesupreamist conspiracy lmfao 😂 😃 😃,1,"['Caucasian', 'Homosexual', 'None']"
1183022464386904064_twitter,i can not believe this white man called me discriminatory because i would not let him and his entitled family board first lol i can not,0,"['Women', 'Men', 'Caucasian', 'None']"
1176049358510280705_twitter,@USER i love my muslim brother ☺ ️ ✌ 🏻,0,"['Islam', 'None']"
1096954201245020161_twitter,@USER what about the guy that just killed <number> people white guy or immigrant,1,"['Women', 'Men', 'Caucasian', 'Refugee']"
21423631_gab,y know what i never see any criticism of jew on goy commentary anywhere it fucking terrible jew censorship works like herpes it all over the place but you have gotta be super special to avoid it hook nosed kike cunts,1,['Jewish']
1177730111719854080_twitter,this quarterback is shitting his pants who is this nigger du kvs vt,0,"['African', 'None']"
15782348_gab,there was no islamic holy violence prior to <number> retard slav nigger,1,"['Disability', 'African']"
1179103012075126785_twitter,diversity is very important for @USER that why she does not just date tall nerdy white dudes she will also give lanky geeky caucasians or towering european dweebs a try,0,"['Caucasian', 'Other', 'None']"
20511112_gab,milton is a kike lover who pretends to be against communism when he promotes degeneracy,1,['Jewish']
13102768_gab,in <number> there was <number> million white christian south africans now kike are gruesomly genociding those <number> million peacefull european white minority today <number> million left and still going strong alt right white brothers and sisters,1,['Jewish']
27392816_gab,the sand niggers deserve the same,1,['Arab']
17057906_gab,typical moslem reaction to authority we need to extricate these slims out of the uk ideology is a joke and she was well pissed over the limit should have jailed here then kicked her and her family out of the uk,1,"['Islam', 'None']"
24218254_gab,im like aimin to fuck up this big special forces wanker niggah he like im going to jail thats right bitch im better than you at killin faggot take a hike,1,"['Homosexual', 'African']"
1087135406892769280_twitter,niggas out here refusing to give thug a listen because “ he ’ gay ”,1,"['Homosexual', 'African']"
1179002091555164160_twitter,explain judeo christian history of previous english kings of christian faith also past jewish kings holding woman as man property how to protect some woman from rape laws of nature allow man to rape women do not molest a man wife like not to molest his horse,0,"['Jewish', 'Christian', 'None']"
1167194757895991296_twitter,to the darling freshman who hit on me in our very first islamic studies course call me mother,0,"['Islam', 'None']"
10050666_gab,if you are on twitter dot commerce here the racist nigger crying about white women being rayciss on sidewalks,1,['African']
14557895_gab,ya you really hurt my feelings what you had has a profound effect on me you must be a kike to think like this,1,"['Jewish', 'Other']"
21805681_gab,someone up there in looney toons san fran do america a favor kill that fucking wetback murderer thanks,1,['Hispanic']
13279118_gab,weak milquetoast faggots like you will never change america you are just another civic nationalist cuckold pussy too scared to even talk about race because you are such a chickenshit so scared like a woman of being called a wayciss or a white supwemasiss lol what a nutless coward,1,"['Women', 'Caucasian', 'Homosexual']"
21014848_gab,are you a kike you know making lists is a really kikey thing to do it is one big reason people hate kikes,1,['Jewish']
1275933788997136388_twitter,@USER nah but fr 😭 the double standards that a lot of muslim men hold make zero sense to me,0,"['Men', 'Islam']"
8621354_gab,christians are commanded to come out and be separate muzzies and christians cannot co exist as muzzies just want to kill everybody all the time so somebody has got to go,1,['Islam']
1178516230098976769_twitter,fuck yeah kill that white devil the terror infamy,1,['Caucasian']
19271086_gab,this universal jury nullification should be applied to all federal cases i was going to make an exception for terror but most of those muzzie dumbshits were entrapped too,1,['Islam']
27436789_gab,keep waiting sheboon,1,"['Women', 'African', 'None']"
1178072044380008448_twitter,@USER @USER wait wait you dumb nigger,1,['African']
25436838_gab,i like to call them paleo stains because all arabs are like a stain from the paleolithic era,1,['Arab']
1087720868845928448_twitter,that nigga charlie murphy said p diddy got dolphin teeth,0,"['African', 'None']"
17827115_gab,wow this d bag if he not a kike he might as well be one geezus,1,['Jewish']
9097672_gab,just a reminder for my gab brothers and sisters to make noise about tell your friends and boycott time warner netflix starbucks patagonia and raise awareness about chobani yogurt connection to the rape of a <number> year old girl by muslimes in twin falls idaho speak with your wallet,1,['Islam']
21144650_gab,yeah but without the gay gook behind the wheel,1,"['Asian', 'Homosexual']"
24036438_gab,you brainless nigger loving faggots chose the flag of sierra leone for the white movement shit does not get any funnier than that,1,"['Homosexual', 'African']"
10126246_gab,fairy tale the beaners are getting up there and the farm owners should be shot for treason,1,['Hispanic']
1621695_gab,@USER it de blasio a libtard illegal and moslem supporter,1,"['Islam', 'Refugee']"
19792641_gab,ovomits a nigger and a half nigger,1,['African']
9685619_gab,moslem are nothing more than cockroaches that need to be exterminated from the planet,1,['Islam']
23771471_gab,you got nigger wrong out gate and your sexual confuion is in question now 👹 💩,1,['African']
9810877_gab,if you only watched msm you would think trump is hitler racist white supremacist and deported <number> x more illegal immigrants than anyone previous reality is he not even on pace to hit obama numbers surprisingly ridiculous gabfam speakfreely maga trump,0,"['Caucasian', 'None']"
1178869793006465025_twitter,the older i get the more i am like that so f d up all them niggas stood at the door and listened to ebony get beat and raped then left sadly society is still like that the players club,0,"['African', 'None']"
1090026882702233601_twitter,thanks to zayna my entire tl is arabs fighting about marriage and standards,1,['Arab']
11776825_gab,i love the gab community my favorite gabbers are the ones who yell nigger every chance they get,1,['African']
1178676586285015040_twitter,@USER would ya get a load of this nigger lmao,0,"['African', 'None']"
27162746_gab,i have absolutely nothing against patrick little but his personal opinion on mudslimes matters not in the least to me,1,['Islam']
1178851092647546881_twitter,@USER @USER dawg at my last job all them white boys was married or was before n i always heard my fuckin whore ass wife dude,0,"['Women', 'Caucasian', 'None']"
18868137_gab,i rather eat mah own shit then go out wit a nigger bich who look like king kong,1,"['Women', 'African']"
23101908_gab,asshole nigger juan williams is on the five whining about media manipulating people for their vote in the modern era while seemingly forgetting his whole reason for being on fox is to try to manipulate people minds to get their votes for his commie partners fuck you juan,1,['African']
12145939_gab,zio trumps job promises are lies a study by the pro immigration group fwd us reveals an amnesty to daca recipients wld mean the hundreds of thousands of illegal beaners currently holding jobs in the u.s. wld be able <number> remain at those jobs rather than those opportunities opening up <number> white americans,1,"['Hispanic', 'Refugee']"
8927286_gab,so which nigger was philandro castile hard to keep up with these nogs,1,['African']
1225279545055436805_twitter,females can be so pretty amp kill it by tryn too hard to be “ ghetto ” n “ hood ” when they really squares its a shame 🤦 ‍ ♀ ️,0,"['Women', 'African']"
16171813_gab,why are brits all nigger lovers,1,['African']
1087471095572160512_twitter,@USER @USER agreed lucie they are not refugees socioeconomic parasites at best islamists and sex attackers at worst,1,"['Islam', 'Refugee']"
24569252_gab,it was another muzrat terrorist attack do not believe the could not get laid excuse,1,['Islam']
15983024_gab,ay i am <number> <number> italian bucko i can make meatballs and stromboli with the best of em but i am blonde and green eyes because the arabs did not invade my part of italy above rome,0,"['Arab', 'None']"
11580960_gab,what a fucking nigger fag pantload i wonder who actually wrote that for this affirmative action push along toy,1,"['Homosexual', 'African']"
10512629_gab,we are being taxed with zakat so they can live lavishly fuck their zakat time to enforce the moslem ban that been around since the <number>,1,['Islam']
27346316_gab,hey nigger lover we don t care what you have to say here go back to your nigger friends,1,"['Nonreligious', 'African', 'Other', 'Minority']"
1249040029223190529_twitter,@USER satan isn ’ t a spider negro,1,['African']
12807458_gab,i think antifa blm and the rest of the culturalmarxists that use violence to shut down people exercising the 1 stamendment really take advantage of the fact that we do not stoop to their level we need creative ways to counter though minus the violence,0,"['African', 'Other', 'None']"
1177991365839507456_twitter,@USER @USER ching chong you are wrong,1,['Asian']
13218655_gab,was called a nazi once at a social gathering so i called the sjw a nazi back she was horrified even more so when i gave her examples of her speech was gratifying she would not speak to me again that night,0,"['Women', 'Caucasian', 'None']"
17958826_gab,skin color should never determine whether or not one can form their mouth to make a sound just because some idiot finds offense with it nigger equals slave when one acts like a slave one should be called a slave every leftist is a nigger,1,['African']
1178707071895773185_twitter,2 k do not put out patch notes and you niggers got dial up internet so it ll be damn near <time> before we know what was changed,0,"['African', 'None']"
1178787769587421184_twitter,greeks will become a shrinking minority within their own country those who refuse to convert to islam will be despised and abused those who do convert will stop being greek greece will be lost,0,"['Islam', 'None']"
1105398262167756800_twitter,@USER what a bad goy i ’ m so glad i have you kikes to tell me what to think,1,['Jewish']
19496923_gab,remember cleaver cleaver acknowledges committing acts of rape stating that he initially raped black women in the ghetto for practice and then embarked on the serial rape of white women a black panther,0,"['Women', 'African', 'Other']"
14818066_gab,f*cking <censored> kike loving degenerate commie scum burn in hell fagot trudeau,1,"['Jewish', 'Homosexual']"
19404123_gab,lol so sharpton was one of the first niggers to push the we wuz kangz horse shit fucking hilarious that nigger deserves to be drawn and quartered in front of his family for what he done with his miserable slimy race baiting existence,1,['African']
20812319_gab,halsey is a fat boomer goblin kike,1,"['Jewish', 'Minority']"
12391649_gab,too bad it your rinos like christie who are importing muzzies into their states you keep pretending there no muzzi problem in michigan and minneapolis,1,"['Islam', 'Refugee']"
25824141_gab,imagine eating a muzzie salad,1,['Islam']
26165493_gab,its just how it is baby there must be a balance too much crazy fools and we up shit creek so we got a big ass iron hammer to crack all yall queers open wit,1,"['Homosexual', 'Minority', 'Caucasian', 'Men', 'Nonreligious', 'Indigenous']"
1178130764405366784_twitter,@USER nigga fucking called me a faggot when i said these things to him,0,"['Homosexual', 'African', 'None']"
16877029_gab,the nigger problem,1,['African']
13055176_gab,getting sick of not taking action everyone a kike,1,['Jewish']
9377220_gab,watching cavuto on fox business with neil guest nasty houston negress congressthing sheila jackson lee who is bad mouthing trump i found myself wondering what congressional sports teams she plays on and where and when they hold their practices,1,"['Women', 'African']"
14763848_gab,twitter or anywhere there is not free speech is just another internet ghetto period threats of violence personal info porn illegal activity there are your parameters for censure,0,"['Women', 'Men', 'African', 'None']"
19848971_gab,hope it was a short flight and you did not have to sit near the nigger too long,1,['African']
15424010_gab,jury in the katie stienle trial just let the piece of shit off not guilty of murder vigilante justice needs to make a come back in a big way if there going to let murdering beaners walk the streets,1,"['Hispanic', 'Other']"
13780765_gab,@USER probably sits around reading <number> shades of grey imagining a virile nazi seducing her then she sets the book down and sees her kike husband in bed next to her,1,['Jewish']
1224487307601858560_twitter,i have to go to court for not having an off campus pass ghetto 😣,0,"['African', 'None']"
15827407_gab,i am so upset that big nosed kikess julie segall did not like my video,1,['Jewish']
1162739972048379905_twitter,@USER mucho gusto maeve lindo nombre soy phoenix walsh un placer bonita,0,"['Hispanic', 'Other', 'None']"
1258711192476016640_twitter,@USER yeah white women brown refugee cured,0,"['Women', 'Caucasian', 'Refugee']"
25693725_gab,wonder which nigger i bullycided was giving you the dick lol now i have to deal with widows great,1,['African']
18961075_gab,antisemites fall into either of two categories they are either stupid or muslim mohammad was a pedophile that married a prepubescent girl are you also a filthy muslim or are you just stupid,1,"['Islam', 'Other']"
1084699485148798977_twitter,@USER @USER bahfroom niggas rise up,0,"['African', 'None']"
1179086535360163841_twitter,and honestly i can not help but feel like if this was a white kid he would have been out on house arrest or some shit,0,"['Caucasian', 'None']"
1103569197471272961_twitter,white babies never impress me don ’ t try it,0,"['Caucasian', 'None']"
1255279064786644996_twitter,@USER you my chic fil a line gt the i called up my muslims line,0,['Islam']
1179053462463635456_twitter,wore a nipsey blue suit today only the niggers in the work place feel the energy 🏁 💙,0,"['African', 'None']"
24760322_gab,the flag of the maga fags in all it glory it comes with nigger red shoes too,1,"['Homosexual', 'African']"
14968030_gab,@USER we work several days out of your year to support the illegals kids and nigger babies in those government schools which is why i am a big advocate for homeschooling responsible white parents should never allow their kids to attend these institutions,1,"['African', 'Refugee']"
22049484_gab,is there any opposition to muslim invasion in sweden,0,['Islam']
14575148_gab,the negro stephen lawrence would still be alive today if his family had stayed in their own country not came to britain to live a life of crime while claiming benefits,1,"['Women', 'Men', 'African']"
23760738_gab,hey mother fucker i never give up so you keep on being a dumb normie and keep on pushing your fucking retarded neocon cocksucking are you a glow in the dark cia nigger,1,"['African', 'Other']"
1178762531999043584_twitter,so in the end no refugees fleeing from war get help yes a large of muslims rejected from your western wonderland like you have always dreamed n wanted but then you realize that your racist overlords also block atheist exmuslim asylum seekers because they are what racist,0,"['Islam', 'Other', 'None', 'Refugee']"
1720070_gab,gab an online ghetto for right wing conservatives the most productive honest humans you will find,0,"['Women', 'Men', 'African', 'None']"
11696585_gab,now just to tweak the leftists trump should sign an executive order admitting all white south africans this will prove he has nothing against immigrants and in that case they would actually be refugees too in need of safe harbor,0,"['Caucasian', 'None']"
26256291_gab,we must secure their rights not to be gang raped by muslime trash,1,['Islam']
15626639_gab,super ugly nigger bitch drowns her <number> day old baby,1,"['Women', 'African']"
19899719_gab,time to pack it in and let the jews win guys some spic who shot up a school had a loose connection to some larping white nationalists,1,['Hispanic']
20710599_gab,it funny how those coons drop straight to the ground if you punch em in just the right place,1,['African']
18382683_gab,@USER you definitely get the scarlett johansson award for removing the fugly kike proboscis and replacing it with an aesthetically pleasant caucasian nose without the aid of cosmetic surgery it almost as if you are trying to hide something,1,['Jewish']
13286525_gab,note the nasty anti white kike wolf blitzer scowling behind watson his israeli mossad agent arse is there obviously to make sure the proceedings go to the destroy the west bit by bit plan dnskta,1,"['Jewish', 'Other']"
1179061254083813378_twitter,remeber when you could say retard faggot and nigger as a joke and no one would get upset good times,1,"['Homosexual', 'African', 'Disability']"
18505037_gab,if i were kurdish in germany i would be joining them the kurds are sick and tired of arabs and those who are violent and the kurds are the best fighters after koreans in the world,1,['Arab']
1099413019698831360_twitter,@USER so you telling me when i look like this i ’ m a towelhead but when she wears it it ’ fashion 🤔,1,"['Islam', 'None']"
1179103499314851840_twitter,@USER enough of ur communal secular rhetorics yes india will welcome every refugee except muslims bcz we have already given them a seperate nation on basis of religion why do they want to live in india after being allotted an entire nation as demanded by them fr muslims,0,"['Islam', 'Refugee', 'None']"
16462384_gab,i am a retard or a jew for noticing the crazy claims that jews published themselves regarding the holocaust nice try kike,1,"['Jewish', 'None']"
8465700_gab,except it asians that have the lowest odds for given credentials if natural enrollment would be 2 0 a75w5b under affirmative action you get 5 a75w20b whites get another advantage in that 1 5 b will pad the bottom ranks while 1 5 a spaces will open up at the top further advantages in grad rates,0,"['Caucasian', 'Other', 'None']"
1383292_gab,my chinese dissident friend says that if anything claiming that white people are uniquely evil is itself a form of white supremacy do not think only whites can destroy the world and han chinese people can not he says he absolutely right,0,"['Caucasian', 'None']"
9243298_gab,nigger ricans too,1,['African']
1205295829248020480_twitter,@USER let start global nuclear war holocaust <number>,1,"['Jewish', 'None']"
27713812_gab,the nigger mess gets bigger till the white man pulls the trigger,1,['African']
13633127_gab,seriously you are selling a fucking gook brew yuengling as americas oldest brewery gtfo generally i will readily admit that the usa is the greatest nation on god earth and that any other nation beats merkels germany bigtime but your beer feels looks smells and tastes like piss,1,"['Asian', 'Other']"
2805249_gab,remember when black indigenous folks use to say this in america i am not a nigger but a negro when i become a nigger i will let you know as a form of racial pride smfh at all the erroneous synonyms for owner of the lands http :// content time com time nation article <number> <number> html,1,"['African', 'None']"
1179086326664060928_twitter,literally if you are a white queer you are immune from cancellation it a get out of jail free card fall back on the community someone will be there to validate your white supremacist views if not one white queer then the next there will not be a shortage,0,"['Caucasian', 'Homosexual', 'None']"
24656359_gab,you are a nobody kike faggot delta male emo bitch who gives a fuck enough about you to even try no one fucking twat,1,"['Jewish', 'Homosexual']"
1178344892587741184_twitter,@USER that exactly what his nigger ass did 😂,1,"['African', 'None']"
1351619_gab,hillary about beyonce i am grateful but do we really need to listen to this ghetto trash music does not she have something a little less … negro did she really say this p.s. no read the website disclaimer another bogus site they are everywhere,0,"['African', 'Other']"
16878503_gab,<percent> of niggers who get shot by police in america deserve it and should never be conflated with whites who get shot by incompetent <number> iq nigger diversity hire cops,1,['African']
1276135409219706880_twitter,@USER this is one of your more terrible takes survivors of the holocaust do not want auschwitz torn down so people remember,0,"['Jewish', 'None']"
1230674874865192960_twitter,i need to be on ghetto jeopardy nigga asked me “ what pornstar have chinese symbols on her booty ” me “ kapri styles ”,1,"['African', 'None']"
13260990_gab,even when their trying to sell something implicitly white like adventure holidays involving rock climbing canoeing etc the advertises still chose a mixed race family with a white woman black man their mongrel kids alongside some curry munching paki family,1,"['Islam', 'Other']"
11966722_gab,i have a racist harley every time i crank it it says run nigger nigger nigger old but good,1,['African']
8404573_gab,a muslim was asking me about american sex stores he became more appalled as i continued my description of their wares until i told him about their blow up dolls then he was suddenly very interested and excited,0,['Islam']
22148551_gab,op is a white power jew,1,"['Jewish', 'None']"
23874467_gab,kike puppets run usa,1,['Jewish']
1266977469371944961_twitter,@USER well you killed a grammar nazi with that reply for sure,0,"['Jewish', 'None']"
1179023464658853888_twitter,@USER because white assholes assume the entire world is theirs,0,"['Caucasian', 'None']"
16598187_gab,second post a b bitcoin from you on gabnews today are you moving into bitcoin business now thought you were on mission to bring justice to young raped victims all is good but just want to have a clear understanding in my own mind god bless america merry christmas,0,"['Asian', 'Other', 'None']"
18046807_gab,q why does hasbara jdif send their flunkies here a because they send their best decepitcons to sites where kike lies still work,0,"['Jewish', 'None']"
14708270_gab,moslem migrant <number> i know how to color i also know how to shave and shape my goatie moslem migrant <number> i want to paint a picture of myself with facial hair and i can count to potato,0,"['Islam', 'Refugee', 'None']"
24075554_gab,if you think idris elba is british and richard spencer is not you are probably a stupid nigger incapable of realizing what british people are,1,['African']
8123578_gab,the nigger is hoping the cops beat him up and arrest him so he can wail and cry on camera and get a huge ghetto lottery payout 🐒,1,"['African', 'None']"
1179091307270168577_twitter,@USER dead jews got me feeling cute might seig heil later idk,1,['Jewish']
15309818_gab,maybe tucker carlson is not on fox tonite cuz president trump sent him to korea to beat the fucking shit out of that fat little gook rocket man 🤔,1,['Asian']
1178998915544354816_twitter,@USER @USER @USER @USER @USER @USER 😆 it his redneck cousin perhaps or the black sheep of the family,0,"['Caucasian', 'None']"
1179102715160326145_twitter,@USER @USER what a butthurt wigger,1,['Caucasian']
20073310_gab,this is why its so important to tell people that hitler put the jews in hotels not concentration camps where they spent the entire war laughing and playing soccer while their enemies killed each other jews must pay for the crime against humanity that is called ww2,1,['Jewish']
20156398_gab,of course there will always be white actors and actresses it just they are slated to always play villains and nigger whores western pop culture is devolving into niggerdom at such frightening pace it truly is painful to watch,1,"['Women', 'African']"
1177990839177490432_twitter,nigger faggot retard beaner dishwasher time to see if i get ban,1,"['Women', 'Disability', 'African', 'Homosexual']"
13449104_gab,looked like a religious riot to me except that it was not in a muslim country theres your freedom of speech or to congregate imposing their will on others its coming to a western nation near you,0,"['Islam', 'None']"
1104167984707371008_twitter,@USER girl yes lmfao people get on my nerves i know yo ass ready to use that ghetto gif,0,"['African', 'None']"
1179089265038249984_twitter,@USER @USER ok i admit the tractor looks like a muzzie nuni rest all 😍,0,"['Arab', 'Other', 'None']"
20728328_gab,4 ft tall beaner women still dispensing <number> beanlets per year each it ogre,1,"['Women', 'Hispanic', 'Disability']"
17114543_gab,this is what r countries have come2 in us cops have <number> show up two call <number> back up bc of seriously belligerent vicious blks worse yet whts mimic blks thxs <number> integration whereby blks were suppose <number> learn <number> act like whtamericans instead r white kids have b n contaminated by blks thx <number> mlk passive bs,1,"['African', 'None']"
14032605_gab,<number> hours since a filthy muslim appeased allah and his imam by murdering americans and immediately the mayor is playing new yorkers into behaving like nothing has happened ffs america avenge new yorkers,1,['Islam']
11601996_gab,so as we speed into <number> the leftist platform to win seats is to beat the russia drum to death dub all caucasians white supremacists and utilize fake news cnn as an efficient propaganda machine lol got it 👍 err the definition of insanity maga,0,"['Caucasian', 'Other', 'None']"
14969742_gab,oh i can see it now me a white irish old man looks like archie bunker getting into a towel heads uber ride two blocks down the road daggers appear out of the back seat i appear dead in the gutter no thanx,1,['Arab']
22090009_gab,you are going to get raped fed you and all the other siege niggers,1,"['Women', 'Men', 'African']"
15544666_gab,lol what a stupid kike,1,"['Jewish', 'Other']"
17520382_gab,just like japanese chinese and the real asians hijacked asia and the right to be called actual asians therefore you cannot claim asian unless yo eyes are slanted naturally pow 1 7 0 w 0 l gg no re,0,"['Asian', 'None']"
1178428981592375297_twitter,@USER young boy ain t nigger music it nigga music,0,"['Minority', 'African', 'None', 'Nonreligious', 'Other']"
11849813_gab,johnson view by contrast was reasonable and genuine even if i disagree with him vox is pulling some dorklord machiavellian master plan bullshit for whatever reason it obvious moronic and tiresome fuck off with your triracial alt west milo apologetics gamergate bullshit you fucking spic,1,['Hispanic']
4765911_gab,active duty demographics august <number> army <number> white navy <number> white marine corps <number> white air force <number> white dear sjw assorted lefties you probably should not have decided that straight white males were humanity mortal enemies good luck with that military coup wet dream though,0,"['Caucasian', 'None', 'Men', 'Other', 'Women']"
1178934864684470273_twitter,@USER oh my the niggers gonna be pissed,1,['African']
10088571_gab,jews are the only enemy in the history of the world that resort to crying its anti semitic to resist my actions boo hoo,1,['Jewish']
22405642_gab,but if you are a nigger you can beat rape your way all down white street while screaming i hate white people never be charged with a hate crime,1,['African']
24033780_gab,sorry mate my comment was more so aimed at the self professed kike killer,1,['Jewish']
1267525883017007105_twitter,now when someone loses an eye or their life bc a white person wants to destroy things for shits and giggles then what,0,"['Caucasian', 'Other', 'None']"
1178842469858824192_twitter,that redneck stuff damn hillbilly ppl,1,"['Caucasian', 'Other', 'None', 'Nonreligious']"
1178794432293945350_twitter,did these niggers evo ko and ola join forex,1,['African']
11958098_gab,you outed yourself as a kike that was my goal or did you want to dazzle us further with your jew bantz go for it or you could be looking for tel aviv apartments to save your skin ps jewish landlords are notorious slumlords so shop around kike,1,['Jewish']
27442358_gab,your a dull cat face dull bitch says the talking ape,1,"['Women', 'African', 'None']"
26941009_gab,another muslim terrorist attack dodged,0,['Islam']
1178919022793916416_twitter,@USER chinaman satanist lee hsien loong malaysian criminals have been gossiping false information to the ntuc supermarket sembawang mart staff since mid <number> swift discoveries if questioned,0,"['Asian', 'None']"
1177977915662839808_twitter,rich twerkin fuck with big ferrari this nigger,0,"['African', 'None']"
1178723245211734016_twitter,@USER according to police the suspect sean bell was also in violation of driving with six suspensions yep just another day on white trash collapsing long island,1,['Caucasian']
3735131_gab,ban hollywood let the chinese sit with an empty shell we can build another one in another state cali is too infected with migrants pedophiles replace brn migrants w white european refugees china has a huge appetite for white slaves lots of kids pass thru that machine @USER,1,"['Asian', 'None', 'Refugee']"
19407437_gab,keeping in mind that a solid <percent> of the bad reviews were likely from blacks and white sjws saying fuck this nigger movie in order to further their bullshit systemic racism narrative,1,"['African', 'Other']"
25233620_gab,i wuz tired of havin <number> pack of rib das nigger shit so i had <number>,0,"['African', 'None']"
11138092_gab,if they are not white they have to go back start with those on social security pensions,1,"['Caucasian', 'Refugee']"
13925713_gab,as you wish i am not a natsoc i believe in every race right to self determination and a homeland you appear to believe jews do as well and ignore thousands of years of behavior and their talmud in the process,1,['Jewish']
19620329_gab,tbh @USER ‍ was not coming off well in the middle of the actual conversation sargon actually had a valid point about having to commit violence against white people to achieve this,0,"['Caucasian', 'None']"
19191932_gab,kim cannon sucks nigger dick he can not keep a woman because he has a tiny dick and thinks he is smart,1,"['African', 'None']"
1178963159907852288_twitter,@USER ching chong,1,"['Asian', 'None']"
20330024_gab,so vibrant everything a nigger touches is ruined,1,['African']
11875444_gab,👍 great thanks for info you know me i think i know everything so there was a chink in my bs now repaired lol <happy> 😎 🤡,1,"['Asian', 'None']"
22545451_gab,i saw a very bad case of jungle fever mudshark disease last nite da nigger wuz about <number> <number> lbs and had a hybrid sheep dog string mop weave on his haid,1,['African']
11138433_gab,i remember another time the fucktards got their panties in a twist about a white baby pic,1,"['Caucasian', 'Other', 'None']"
20312441_gab,no this is not the wall at block <number> in aushwitz been there myself and you are correct no holes this photo likely from the warsaw ghetto uprising,0,"['Jewish', 'None']"
18906315_gab,you and your fellow ladies better get your shit sorted out now because a bunch of gook chicks who get plastic surgery to look more white a ton of white women who let themselves become obese,1,"['Women', 'Asian']"
1178423738213289984_twitter,@USER bro you was telling me that you want a white women to tie you up and call you nigger 🤕,0,"['African', 'None']"
20505552_gab,nice i like where ur head is kike rinds,1,['Jewish']
1179046615962849280_twitter,skinny niggers waanze kuji report safe cos us chubby men can not be swayed by the wind,1,"['African', 'None']"
25744519_gab,we all know its mysterious why are those yid q not expose the names who doing it they should know the all are not the delivering news is not he or she anonymous or its anonymous from us so we do not know that q is shlomo,1,['Jewish']
10783839_gab,ideally yes when push comes to shove id rather live in a white run city country we already know what a planet of apes scenario looks like baltimore chicago philly detroit and every suburban mall failing to shoo flies,1,"['African', 'None']"
1178694026611937281_twitter,him idc what she says i will grab any woman by the pussy and fuck you brownies and fuck you fags and dykes us he a rapist racist homophobe transphobe you all how can you be so unpatriotic can t you see he is bringing america back to her roots us yup he sure is,0,"['Women', 'Asian', 'Homosexual', 'None']"
21022041_gab,if you are a white couple in your <number> and <number> and you could adopt white foster children and give them a good home i say why not i might be too old to do it but i am going to look into it,0,"['Caucasian', 'None']"
20162017_gab,backpedaling fails to point out exactly my comments and resumes to nonsensical aussie retarded babbles go choke on a cock you useless wrinkly aussie slag you are th descendants of the bottom feeders among limeys loll,1,"['Caucasian', 'Homosexual', 'Other']"
19400221_gab,the only spic i d stick my dick in tbh,1,['Hispanic']
24751540_gab,which is the team that has a nigger on it i am rooting for everybody except them,1,['African']
25629260_gab,lol it shocking news to normies that they do not have any nigger genes 🙄 they believe that race is not real however if there are such things as nigger genes they are terribly disappointed they dont have any lol,1,['African']
16010947_gab,we are doing fine with our population whats your excuse of the dwindling white population besides being a limp dick faggot,1,"['Men', 'Caucasian', 'Homosexual']"
14033897_gab,i would not piss on a moslem if i saw one of them on fire,1,['Islam']
1219158331106963456_twitter,@USER @USER ching chong nobody gives a fuck you atheist,1,"['Asian', 'Other']"
9857210_gab,mussie ohell created funded armed isis tried to destroy america <number> years in the pit of his incompetent hell christians prayed for god to heal our land god blessed this land ans trump the media whores and both parties hate him because elected by revolution voters who want america and god first,1,['Islam']
12157152_gab,and what did you expect from a known muslim who supports terrorism,0,"['Islam', 'None']"
3654285_gab,apparently some vile nigger animals kidnapped a white special needs teen and tortured and scalped him while shouting fuck white people fuck trump are you being armed and are you shooting in the head when these zombies approach,1,['African']
21106493_gab,fucking muslim twats deport all of them starting with muslim imams mps mayors councillors,1,['Islam']
15437795_gab,moslems are not allowed to codemn the terrorists all moslems are to commit violent war jihad the main jihad btw and the only guaranteed path to moslem paradise as long as some in the community are doing this jihad terror it absolves the rest of their responsibility hence the silence,1,"['Islam', 'None']"
7314559_gab,is that wooly nappy headed nigger in the nfl still kneeling down in front of the white fans cuz that was kinda funny 🐒,1,['African']
20344700_gab,trump playing 4 d chess or just being a filthy kike stooge,1,['Jewish']
1125396615534002179_twitter,spaniard girl squad is going ✈ ️ islam on friday skamespaña,0,"['Women', 'Islam', 'None']"
21623349_gab,did she say here or some where else that white men are vile,0,['Caucasian']
4321340_gab,@USER lets see what they will do to the smelly kike who composed that tweet and whose name is visible in the photo the world awaits his lynching with relish,1,['Jewish']
8304924_gab,<number> <number> sahih international adds before mohammed and muslim comentators agree this verse does not apply to today christians ibn abbas even thought this verse was abrogated by <number> <number> conclusion doesnt apply for today christians,0,"['Other', 'Islam', 'Christian', 'None']"
22047052_gab,jesus was no kike he was a jew in the biblical sense an aryan the jews of today are descended from southern european converts to judaism in the dark ages they are evil jesus is not,1,"['Jewish', 'Other']"
19202856_gab,no i am saying slags who chase after black men especially drug dealing illegal immigrants should not be surprised when it does not work out well for them,1,"['African', 'Other', 'Refugee']"
1178977491546849280_twitter,@USER but like starting your tweet with this white bitch with an excuse of curly hair like what good curly hair what the context wha,0,"['Women', 'Caucasian', 'None']"
8660015_gab,standwithisrael always was and will be with or with out the arabs,0,"['Arab', 'None']"
27746833_gab,sounds like a muzrat name,1,"['Islam', 'None']"
25537771_gab,do not like trump kike connection,1,['Jewish']
26496402_gab,myanmar kicked rohinhya muslims out it is the only answer possible to these raping violent incestious pedophile sadistic retarded terrorists,1,['Islam']
4572123_gab,so when obama and his mudslime sidekick vallerie travel there it will be confirmed they are not americans @USER,1,['Islam']
1169988035544416256_twitter,@USER real nigga ong 😪,0,['African']
16130542_gab,it ll probably be some fat negress in a nursing home anyways so fuck em both,1,"['Women', 'African', 'Other']"
21166038_gab,every beaner now claims to be an american indian so you never know,1,['Hispanic']
1117488989362098177_twitter,this nigger just saved the uk,1,['African']
1178838232403976193_twitter,@USER @USER i think he was with underaged boys we all know he gay and no one cares so it has to be something illegal or maybe his lover is an illegal alien what else could it be,0,"['Hispanic', 'None', 'Refugee']"
16558673_gab,i do not see how one the historically whitest most uptight countries in the world can suddenly do a complete <number> become the most destructive influences on islam violence denial so welcome to those willing to speak truth,0,"['Women', 'Men', 'Islam']"
4623527_gab,many more trudeau raghead enemas to come canucks many more chances for you to conspicuously display your tolerance vs trumpmerican xenophobic hate if you live that is,1,"['Islam', 'None']"
27577042_gab,oh bugger off we have a black nigger woman on itv telling us all about football jesus can we just get rid of all the pc diversity police please world cup world cup 2018 world cup worldcup 2018 russia,1,"['Women', 'African']"
1178532952030011397_twitter,my dad calls kids on the block niggers with the hard r like he not darker than asphalt,1,['African']
14993337_gab,his line of coke just kicked in he is hard again lol triggered you got your new wifes nigger sons to teach you that word and you think you are the coolest cat in here sucks to be you cuckolded prick,1,['African']
1123697855301074944_twitter,that nigga steal if he drive an impala with no hubcaps,0,"['Men', 'African', 'None']"
1114575701305200640_twitter,@USER @USER i learn islamic education in schools and im still gay honey,0,"['Islam', 'Other', 'None']"
5838248_gab,mgtow guy we are not women haters we are women understanders hmm interesting might work for jews just as sobran counter semite does leave out the we are not of course i am not i am weak any contruction,1,"['Jewish', 'Men', 'Women']"
26444713_gab,you string up a muzzie uk mayor by the neck and the coyotes will back off guaranteed,1,['Islam']
22268207_gab,perfect just call nazi on the next corner sandnigger rape house one crosses,1,['Arab']
21453585_gab,you have only shown that morals do not matter to you how much nigger cock did your boyfriend take tonight,1,['African']
14900304_gab,spoiler alert the punisher is not the only insane violent right wing white male veteran in the series all the villains are too,0,"['Caucasian', 'None']"
1116794085476409344_twitter,yellow album so cold niggas thought it was a fluke,0,"['African', 'None']"
24356318_gab,young tyrone is contemplating the calculus of how to make his sheboon a single mom,1,"['African', 'None']"
20505716_gab,the guy that wrote it was forced last year to say it wasn t about jews because a lot of people including myself were memeing it everywhere it is so accurate <number> scene is of a fight and it goes too far but the rest is just brilliant,0,['Jewish']
23615794_gab,@USER this ugly kike cunt keeps showing up on my timeline,1,"['Women', 'Jewish']"
17361501_gab,feel good story spic forced out of his job build the wall,1,"['Hispanic', 'Refugee']"
26530400_gab,can you possibly not be a retard and stop conflating jewish communist satanism with national socialism that is literally the opposite of all three of those things,1,"['Jewish', 'None']"
1178082052513468417_twitter,@USER @USER a camel jockey midde east watering station,0,"['Arab', 'None']"
1222201109919535106_twitter,@USER this adult shit ghetto,0,"['African', 'None']"
1198489711498665984_twitter,may allah increase and strengthen the iman of all muslims,0,['Islam']
14606703_gab,the golden don is an honorary blonde but his dumbass daughter is a kike by cock,1,"['Women', 'Jewish']"
16772076_gab,hows her nigger baby doing,1,['African']
1179062078696542209_twitter,@USER sorry i am not a queer and if i was it be with a negro,0,"['Homosexual', 'African', 'None']"
8618585_gab,yeah cuz haitians are too fucking retarded to utilize resources themselves they were not too stupid to kill every white man woman and child once though after raping the women of course and we still show up with aid for those sub humans pretty dumb of us if you ask me,1,"['Hispanic', 'Other']"
12361622_gab,yes moar fat sheboons telling us all what to do did not we get enough of this from <number> yrs of oprah,1,"['Women', 'African', 'Other']"
5175528_gab,so a black girl wearing a trump themed dress and getting called coon is not racist but another black girl losing an award to a white girl is we do not have insane asylums big enough for this kind of mental illness,0,"['African', 'None']"
1258261495953018881_twitter,@USER lmao yes i ’ m asian 😅 that ’ why i said “ any other asians ” teehee,0,"['Asian', 'None']"
20215097_gab,why do you have that kike shit tavor,0,"['Jewish', 'None']"
1205778765596332033_twitter,@USER remember whenever you have to hire someone it has to be approved by amerikan jews first otherwise they will ruin your life,0,"['Jewish', 'None']"
1180546898094170115_twitter,omg the jews added me to their hate list what shall i ever do i will count it as an honor,1,['Jewish']
18123734_gab,there is a mental health question with jeb if he needed to marry a wetback for politics his family has enough money he could have gotten a telenova star,1,['Hispanic']
15236599_gab,one day a nigger will blow your brains out,1,['African']
16891858_gab,lol you are stupid even for a dumb bitch i am an american nationalist not a german national socialist but if you wish to refer to me by the same term that sjws use that fine you nigger loving sjw,1,"['Women', 'African', 'Other']"
25118354_gab,who gives a shit about sphincter de beaner,1,['Hispanic']
15078260_gab,so pollocks the only ones fighting the muzzies at present in the eu do not count the polish casualties were around <number> dead and <number> captured,1,"['Islam', 'Other', 'Minority']"
22463051_gab,no doubt one day that little nigglet will be carrying out in the open fucking virtue signaler,1,['African']
18635285_gab,canada is run by the retarded asshole justin trudeau who is turning it into a frozen islamic shithole,1,"['Islam', 'Other']"
27552650_gab,dude financing and literally taking all their gold teeth and confiscating all their bank funds is not the same thing ok how about you research jews scheming for <number> fucking years kicked out of <number> countries <number> times for being around the corner yeah,1,"['Jewish', 'Men', 'Women']"
4361301_gab,feminists i am doing this womens march because trump is a misogynist that hires many women into leading roles in his business and hates illegal immigrants i am the resistance but let import as many islamic women oppressing refugees as we can cuz diversity,0,"['Women', 'Islam', 'Refugee', 'None']"
16665633_gab,went to the state owned liquor stores pennsylvania does not allow private companies to sell spirits and wine is very selective all the civil service staff i know it that bad said merry christmas to literally everyone and everyone was so happy and it was near a ghetto area too,0,"['African', 'Other', 'None']"
17918951_gab,she sure dropping tons of raghead turds all over germany,0,"['Islam', 'Other', 'None', 'Refugee']"
1178895480878751750_twitter,homegirls attention you must pay so listen close to what i say do not take this as no simple rhyme because this typa shit happens all the time what would you do if a broke nigga came by would you fuck em or would you deny,0,"['African', 'None']"
1178876346635829250_twitter,these niggas be tough ass faggots 😂 😂,1,"['Homosexual', 'African']"
17789015_gab,someone should find her at home sometime and beat her with a pipe along with their wetback mayor,1,"['Women', 'Hispanic']"
23226205_gab,we need to bring in white sa farmers before they are all murdered nobody seems to care what are the dutch saying about this,0,"['Women', 'Men', 'Caucasian', 'None']"
14384672_gab,what will cuckservatives say when texas and florida go blue thanks to diversity will they keep insisting that it only about ideas that race plays no role in this tell that to blacks latinos and asians who will always vote for their collective interests ie democrat,1,"['Caucasian', 'Indigenous', 'None']"
12915755_gab,oy vey we would hear no end of vigils and prayers for innocent victims and of course no end of condemnation of white supremacy even when a zoo mali nigger drives over canadian pedestrians it white supremacy to blame be a good goy and learn your script lol,1,"['African', 'Refugee']"
13438032_gab,ok so i have been off twatter for some time now so i may just be rusty but has leftist kike trolling actually gotten worse in quality than it was a year or so ago,0,"['Jewish', 'None']"
22081993_gab,the us is sure blessed by such enlightening souls i thought no one can top islam followers but these samples take the biscuit blessed be us,0,"['Women', 'Men', 'Islam', 'None']"
24316413_gab,dis obey the sand niggers would,1,['Arab']
16619026_gab,to paraphrase christopher hitchens what is more plausible that a ridiculous story occurred or that a filthy kike made up a ridiculous story,1,['Jewish']
21509608_gab,i will bet if some nigger went ape shit on crack you d be the first to demand we show it some compassion right dingbat,1,['African']
24192391_gab,brown vs board of education what good did this do now we have blacks wanting separation go figure after they fucked up good white schools misanthrope,1,['African']
25778516_gab,to hell with those murdering lieing sand nigger palestinians,1,['Arab']
13047672_gab,dubai is moslem country the dude is being charged with consumption of alcohol aside from the other charges that does not even make sense if alcohol is banned there because it haram why are there bars that serve it moslems just being nuissances,1,"['Islam', 'None']"
1178966416227090433_twitter,@USER @USER yes so moral of story is never make the moderate muzzie posterboy for hindus he will b as much a empty vessel as any other,1,"['Islam', 'None']"
16119996_gab,i hope a nigger sneaks into his room and rapes him like in kill bill before he finally dies ✝️ 😇 ✝️,1,['African']
2115930_gab,islam is a death cult that cannot coexist with other societies the savaged only know to kill or convert or to lie in wait while they gain strength all non citizen muslims should be deported and all muslim immigration should be halted banislam,1,['Islam']
19096312_gab,i avoid it shithole thanks to illegals they have pretty much forced blacks from there due to racial violence,0,"['African', 'Refugee']"
21376620_gab,no excuse for us not to offer refugee status to white refugees in south africa,0,"['Caucasian', 'Refugee']"
16222828_gab,demented thot witch mistakes shit flinging negresses for almighty god crawls back into slime hole,1,"['Women', 'African']"
14971294_gab,ok volks lets downboat this filthy kikess @USER,1,"['Jewish', 'None']"
1185218477478465536_twitter,it high time we hindus should think that these filthy muslims should be allowed to live here or not kamleshtiwari ypg yourprophetisgay,1,"['Hindu', 'Islam']"
6119701_gab,im a pagan so fuck the bible the founding fathers would be pissed to see a nigger in office and melting pot of european culture not 3 rd world parasites any other,1,"['African', 'Christian', 'Minority']"
25730753_gab,iftekhar ahmed that is a traditional british name i believe they can trace their family back to the years before the arabs from italy roman arabs invaded a proud scottish name did not they have a whiskey named after them,0,"['Arab', 'Other', 'None']"
14564271_gab,i tire with you all day same just blah blah blah kike you will see it a dream cheese puff boy go bed it a school night 😉,1,['Jewish']
1178808475960381440_twitter,@USER @USER @USER really you are going to go there looking like the millennial grandson of the hillbilly who raped ned beaty in deliverance,0,"['Caucasian', 'None']"
9382121_gab,<number> should i fuck my mother before or after it comes out that he also a muzzie <number> would i not have to fuck my mother if i waited till it came out that he was a muzzie and then pointed that fact out,1,['Islam']
1178772644273020935_twitter,@USER facts smh dumb niggers,1,['African']
19452516_gab,the big showy anomalous attacks with fema fingerprints all over them have changed from being about islamic immigrants targeting special treatment groups to being about left wing extremists targeting whites republicans wonder what we have to look forward to in <number>,1,"['Islam', 'Refugee']"
14685837_gab,interesting stuff i will not lie with all the current talk of some blacks wanting to re segregate it hard to argue against most people think a militia enforced instant segregation when they hear the term white nationalism and that enforcement with violence is what scares them,0,"['African', 'None']"
1179104605835288577_twitter,my bf informed me that with <date> releases the basic white girls loving psls scarves and fall decorations as if he does not watch football all of saturday and sunday while drinking beer and eat shitty food shouting saturdays are for the boys psh basic white boys,0,"['Men', 'Caucasian', 'None']"
1111381189334454273_twitter,bioethics needs make clear once and for all if it is moral to engineer a virus that only kills asians yes,1,['Asian']
22799173_gab,so just asians now right,0,"['Asian', 'None']"
12554644_gab,this is a coverup the real shooter is sam hyde who was reported as saying these son of a bitch coons that kneel have to go,1,['African']
1164948545759264769_twitter,niggas be lying i be believing em 🥺,0,"['African', 'None']"
13459307_gab,in britain the prime minister a childless woman london mayor a moslem invader in command of london police a lesbian in command of london fire brigade a fat woman scotland first minister a childless woman,1,"['Disability', 'Homosexual', 'Islam', 'Refugee', 'Women']"
12444134_gab,nothing regarding any nigger at school or in the work sector is based on merit you fuckers get special treatment all standards are lowered for you what are you writing your thesis on the colonel <number> special herbs and spices,1,['African']
25007929_gab,we do not need anymore shit the shitskins can go live with their shitskin cousins,1,"['African', 'Other']"
12720505_gab,clint eastwood is a conservative director i think he used to fuck a nigger though is used to fuck a nigger proper grammar i am having an appalachian moment,1,['African']
14478278_gab,in oakland one black dude will sit in the front of the bus and another will sit in the back they will then talk to one another over everyone heads laughing cussing an saying nigger every third word and the other passengers including the bus driver know not to interrupt,1,"['Men', 'African']"
24715010_gab,wait till he gets to the part about the arabs,0,"['Women', 'Men', 'Arab', 'None']"
21544944_gab,the muzrat trash call everyone a racist,1,['Islam']
1205682548254244865_twitter,@USER they know it very well bro they want their immigrant terrorist brothers to have a free run in our country that it,0,"['Islam', 'Refugee']"
15539140_gab,and ban their entry to this country ever again we can also ditch all the moslem pigs there too fuck the cunts,1,"['Islam', 'Refugee']"
18437791_gab,the left wants you to believe that the word nigger defines a race but it does not it defines a character,1,['African']
13533955_gab,white nationalism is not a threat to america it a viable remedy for the societal atrophy of liberalism white nationalism is a viable solution to stopping future moslem terror rape attacks paying off national debt functional healthcare good schools nationally winning drug war high crime,1,"['Islam', 'Other']"
1259761465025802240_twitter,@USER and isnt it true that halal requires only a muslim can slaughter the animal,0,"['Islam', 'None']"
25277773_gab,lololol do not comment above your paygrade kike,1,['Jewish']
14273688_gab,@USER your a faggot fucker coon boy suck my horse cock,1,"['Homosexual', 'African', 'Other']"
27150234_gab,even a down syndrome kike knows the torah was written during captivity in babylon compare the myths,1,"['Jewish', 'Other']"
1178777953859248129_twitter,christianity could ve at least been more like islam and said racism is a sin to denounce half of the white supremacists alive today,0,"['Caucasian', 'Christian', 'None']"
25355082_gab,the kike usurped the white people place white europeans are god chosen people jesus was a gaul not a kike,1,['Jewish']
14290828_gab,do not even talk to this nigger @USER you do not have to defend a thing to him jesus he calling our men dickriders ffs everyone knows that black males do nothing but dickride does anyone even know what that means it sounds nasty,1,"['Men', 'Homosexual', 'African']"
18830189_gab,this coon is full of shit,1,"['African', 'Minority']"
19330428_gab,if i have to shoot through a crowd to defend myself from a nigger faggot i will not be glad with the carnage but i will be glad i have defended my life,1,"['Homosexual', 'African']"
11477949_gab,my relatives were raped and murdered by inbred schizoid kike vermin in the bolshevik revolution every drop of evil spawn of satan kike blood will be exterminated from the earth as a promise to my ancestors,1,['Jewish']
22580419_gab,good idea except even if we made niggers slaves again it would just screw us niggers do not work and if you own the niggers you have to feed them and they eat like pigs what they eat is more than their worth the only good nigger is a dead nigger,1,['African']
1178734533161684993_twitter,@USER @USER @USER @USER @USER said the kneelers were sobs regardless of color were not there some white kneelers too omar district in minnesota majority muslim is the us number one district for isis recruits see where this is going called ms <number> animals not immigrants ms <number> who butcher people,0,"['Islam', 'None', 'Refugee']"
20372433_gab,when blacks act in a manner far less likely to involve getting shot their peers call them coons and uncle toms some of their own people told them this too but they did not want to listen,0,"['African', 'None']"
15115925_gab,saying muslimes are people is like saying taylor swift has talent she does not and they are not,1,['Islam']
27598853_gab,more anti white nigger bullshit coming soon to a screen near you apple oprah to team up in creating original content fox news,1,['African']
7679912_gab,if one considers those laws unjust and therefore somehow ignorable it makes sense they truly believe that inside every spic there an american trying to get out,1,['Hispanic']
1116911127525560326_twitter,@USER fuck that nigger he got shot by other niggers for nigger reasons and niggers refuse to believe that,1,['African']
1243195077859606535_twitter,duh kpop stans fetishize asians but its rly disturbing every time i see it blerghb,1,"['Women', 'Men', 'Asian', 'Other']"
1211191045129752577_twitter,stream winter bear y les doy un beso negro 😁,1,"['African', 'Other', 'None']"
24160839_gab,it is a sad day when the almighty shows you to your knees he commands you to care for women not rule over them give and take balance fairness you have clearly been burned maybe because your women would not live with your arrogance and latent misogyny,1,"['Women', 'Men', 'Islam', 'None']"
20704125_gab,a bullet in the brain of a kike works too and it faster,1,['Jewish']
12646603_gab,not just a nigger an immigrant nigger so the church got extra culturally enriched by vibrant diversity 😑,1,"['African', 'Refugee']"
1093442415396941824_twitter,@USER @USER send an old chinaman to <number> <number> to beat up the old chinese bastard,1,['Asian']
20430321_gab,and this ny kike liberal should b sent packing totally incompetent like the majority of broward county givin fl a bad name,1,['Jewish']
8132018_gab,a glance at pew research shows that today the political affiliation of white catholics in the us mimic the party affiliation ratio of white people as a whole not sure when that shift happened probably post kennedy,0,"['Caucasian', 'Christian', 'None']"
13471908_gab,you have no idea what being american means because you are clearly not one it would be like a chinaman going to india stirring up lots of trouble exploiting the locals and then complaining bombastically that the indians complaining about this were being anti chinese and unindian get stuffed,1,"['Asian', 'Hindu', 'Other']"
1124862194103885824_twitter,@USER @USER gm muslima ladies,0,"['Women', 'Islam', 'None']"
1270143108781670404_twitter,sending thoughts and prayers to all the boba asians in this difficult time,0,"['Asian', 'None']"
24296685_gab,nigger never learned grammar and he wants to dissect theology for us,1,['African']
1179041529052237825_twitter,niggas is faggots bidding like that if u ask me,0,"['Homosexual', 'African', 'None']"
15428265_gab,president trump invited blm and black caucus to the white house to discuss funding poor democratic inner city ghetto black children schools trade schools rebuilding neighborhoods safer neighborhoods blm and black caucus said no we will not go to white house said we do not care about poor ghetto blacks,0,['African']
24877549_gab,tranny do you all remember the story of deandre harris it gripped the nation in august today he sat through two hours of a grueling soul crushing cross examination i know i have been cross examined by the same man deandre harris is a nigger terrorist who deserves to die of sickle cell,1,['African']
21587405_gab,interestingly the daily mirror say tommy robinson was filmed punching migrant in italy anybody that saw the full video will see how misleading and devious this is the mirror also broke the telford grooming gang story but failed to mention muslim men something does not seem right about this,0,"['Men', 'Islam', 'None']"
13710072_gab,the patriotards who castigate us for saying the kikes need to be exterminated are too stupid to live in the real world when savage enemies are slaughtering your people only pathetic faggots wring their hands over the evil of killing them,1,"['Jewish', 'Men', 'Women', 'Homosexual']"
14355196_gab,rocketman savage @USER the man just arrested at the @USER for threatening to kill all white cops was an obama supporter he posted this photo on his facebook michaelarega <time> <date> <number> <number> <number> replies <number> <number> retweets <number>,0,"['African', 'None']"
17382908_gab,tell sambo samboeta i said fuck off nigger,1,"['African', 'Nonreligious', 'Refugee']"
1651672_gab,dead voters illegal immigrant voters felon voters they do not vote for republicans do they hehehehehe auditthevote,0,"['African', 'None', 'Refugee']"
11094794_gab,so fucking sick of that kike zuccerberg and his jew bullshit,1,['Jewish']
19132473_gab,winter olympics white mans code for a nigger section in public,0,"['African', 'None']"
5489191_gab,i do not see why people go camping if i wanted to freeze my balls off and shit in a bucket i would sleep at my aunt house in the ghetto,1,"['African', 'None']"
20470697_gab,i am a sand nigger and that shit made me fucking laugh,0,"['Arab', 'None']"
27438106_gab,the calibre of labour mps anti white mps must be designated her father ran off with a <number> yr old her mother poisoned her lover did <number> yrs in jail became an mp by default and told raped white kids by her paki brothers to shut their mouths,0,"['Islam', 'None']"
24164900_gab,that why you are destined to be murdered by sand niggers who very much are,1,['Arab']
15354665_gab,there are so many unemployed moslems in uk <percent> do not work they can train them they will then be able to start a curry house in a moslem country when they are deported,0,"['Islam', 'None']"
8354021_gab,♫ rows and flows of golden hair and beaner border walls in the air and shitlord bannon everywhere i have looked at trump that way i have looked at trump from both sides now from up and down and still somehow it trump illusions i recall i really do not know trump at all ♫,1,"['Hispanic', 'Refugee']"
1232235906758848512_twitter,@USER you seem to be as white as snow,0,['Caucasian']
7147551_gab,this communist bitch has to go she should not be teaching middle school or any school for that matter she a danger to freedom and to society outantifa,1,"['Homosexual', 'Christian', 'Caucasian', 'Heterosexual', 'None', 'Other', 'Women']"
11705359_gab,this is very true also the reason asians get the asian fever after drinking,0,['Asian']
1178351516874235904_twitter,if a white man steps into a closed room to negotiate anything for me and it starts or contains black people are from shithole countries that needs to be the end of negotiations and with great prejudice anything else just means i am one of the things to be sold,0,"['African', 'Other', 'None']"
26590259_gab,i am done posting about muzzies today here a kitteh instead,1,['Islam']
25112559_gab,in other words a muzrat used a cordless drill in an attack,1,['Islam']
1177741072690270208_twitter,i cant fckn stand the towelhead,1,"['Arab', 'Other']"
17178055_gab,at least i am able to speak proper english now are you going to repeat nazi <number> times expecting a nazi to get offended over being called a nazi or are you going to just shut up and sit there like the little bitch you are,1,"['Caucasian', 'Other', 'None']"
25926393_gab,does anyone know what actual asians i mean the oriental types think about all of the persians and arabs being called asians by most of europe media does it piss them off as much as it does the rest of us or even more,0,"['Arab', 'None']"
21522350_gab,why is this fat black niggress so upset get off those cupcakes you fat bitch,1,"['Women', 'African', 'Other']"
8012524_gab,this picture does not make sense because the women seated are north east asians and the women that work in foot massage places are south east asian generally like vietnamese but i guess that flies over the heads of the people at o magazine to whom all these gooks look alike,0,"['Asian', 'None']"
14042487_gab,how much you wanna bet this is the sheboon in question,1,"['Women', 'African']"
12093810_gab,only gay nigger culture nice,1,"['Homosexual', 'African']"
17305899_gab,trump scumbag former spic advisor just pushed for daca amnesty daca amnesty is war,1,['Hispanic']
16953323_gab,you are completely correct without it communication breaks down leading to distortions misrepresentations this is a very serious problem among white males who failed to learn the language effectively,0,"['Caucasian', 'None']"
14537047_gab,fuck the little nigger the coon is right blacks and humans can not be friends,1,['African']
12663162_gab,sorry i am sweating like a nigger on a rape charge that not a problem would you like me to ask you the question again yes please to the charges regarding racism in the workplace do you plead guilty or not guilty,1,['African']
20130934_gab,my family owned <number> but we also fought for the union i really wish they would make a real proposal for reparations at some point i would not be able to contain myself if once everything was calculated every nigger got like <money> 😂,1,['African']
15188300_gab,how do muzzies practice safe sex they mark the camels that kick,1,['Islam']
14287906_gab,good thing nigger rhymes with nigger or lil wayne would be out of a job,1,['African']
1178795517855305730_twitter,so boring that this janitor has me blocked someone call this porch monkey to clean my mf toilet,1,"['African', 'None']"
19813120_gab,punch yourself in the womb kill that nigger baby before you shit it out,1,['African']
1100614015351488513_twitter,what did more for islam,0,"['Islam', 'None']"
16350214_gab,here the funny thing about sarsour she d never dare try to pull this bullshit in a muzzie country shed need that much makeup to cover the bruises from being slapped around by their cowardly men these maggots are establishing a caliphate right under our apathetic ignorant little noses,1,"['Women', 'Islam']"
1178941972830023680_twitter,@USER @USER its because of the likes of majid memon the muslims are increasingly getting brainwashed with false narratives,1,['Islam']
27789536_gab,the eu will not even offer you any lube just dry hump europe until it moslem raw,1,['Islam']
13232517_gab,fire every nigger in the nfl if need be who gives a fuck,1,['African']
1260448846041227264_twitter,ghetto how i ’ m not cuddling and receiving kisses rn 🥱,0,"['African', 'None']"
8558720_gab,starbucks is the enemy same as walmart monsanto clintons this american thing is a bitch is not it starbucks is hiring muslims <number> of them after the travel ban got cucked pay attention,1,['Islam']
18421440_gab,even nigger parents do not want their nigger kids going to schools with large numbers of nigger teachers and nigger students,1,['African']
10651361_gab,pretty sure he fought the confederacy pretty sure your party uses lincolns name to endear coon black folks like @USER and @USER to your party while at the same time celebrating the people who fought him and killed him lol,1,['African']
18398268_gab,push out white babies,0,"['Caucasian', 'None']"
1179098097160470529_twitter,i know sum bitch made ass niggas man 🤦 🏾 ‍ ♂️ 🤦 🏾 ‍ ♂️ 🤦 🏾 ‍ ♂️,0,"['African', 'None']"
21577735_gab,wtf that corn nigger just does not know his place,1,['African']
1178738201755897856_twitter,finally catching up on power tired of you niggers tryna spoil it on the tl lol,1,"['African', 'None']"
15972073_gab,eu will not stop it western govs will not stop it there is but one course for europe now revolution war nothing else will stop mass invasion of moslem barbarians moslems are the problem,1,"['Islam', 'Homosexual']"
1178577875143757824_twitter,@USER @USER women are abducted raped then forcefully converted with threats to their complete family if you dont know the depth of filth in islamic doctrine i pity you for someone near will experience considering america too turning into sympathizers enabling radicalization,1,"['Islam', 'None']"
1178322843022450688_twitter,@USER bring out the uneducated hillbillies and white supremacists to our sign meeting and donate to our right wing cause duh i work oil duh i like truck duh me hate muslim duh i can not read,0,"['Caucasian', 'None']"
1178287461560127489_twitter,u niggers r coonin for that kanye shit,1,['African']
1761570_gab,@USER and i suppose the sand niggers will not cut off heads,1,['Arab']
17080314_gab,justin trudeau is a faggot who loves muzzies more than canadians i have heard he is a convert to goat humping,1,"['Islam', 'Homosexual']"
23329859_gab,you looked like an old road whore hag back then i can only imagine how well you have aged on your cocaine and coon cum diet get some troll game cunt,1,"['Women', 'African']"
16786829_gab,so talking of intellectual ghettos in an age in which simply being white and not a screaming leftist ghettoizes one as a white supremacist so what being called something anyway w o even enjoying the advantages of actually being one seems something of a waste,0,"['Caucasian', 'None']"
25701465_gab,trudeau wants to bring <number> <number> mildly retarded moslems to canada a cold climate country where sleeping outside is impossible those new moslem nurses could murder <number> <number> seniors to make room for moslem migrants before the hospital managers would say anything they are all multicultural diversity whores support anti white policies,1,"['Islam', 'Minority']"
1178871654128050176_twitter,@USER @USER @USER @USER i dindu nuffin,0,"['African', 'None']"
22456269_gab,but paul nehlen criticized jews tho,0,"['Jewish', 'None']"
20622765_gab,he a kike pretending to be a christian,1,['Jewish']
21515474_gab,theresa may wants to remain in the eu attacking russia attacking america by arresting brittany two huge deals could now be in jeopardy i hope the russians or the arabs get may,0,"['Arab', 'Other', 'None']"
1178829267708321792_twitter,@USER i wonder how many of the white trash people who voted for still believes in you,1,"['Caucasian', 'None']"
3346655_gab,maga speakfreely gabfam when will someone call american niggers out for being terrorists i bet if the nasty refugees had mall fights over christmas someone would have proposed a solution,1,"['African', 'Refugee']"
1279414218274603010_twitter,@USER you ’ re islamphobia is showing and it aint it,0,"['Islam', 'None']"
25079212_gab,it just going to make you alt kike faggots get even more milquetoast and moderate in the vain hope that if you fine tune your optics just right then the jews will leave you alone,1,"['Jewish', 'Homosexual']"
1178860919637413888_twitter,i do not fuck with niggas like a redneck,0,"['Caucasian', 'Other', 'None']"
1195238194415054848_twitter,@USER @USER the hk police are nazi pure and simple total shame on them the should never ever be forgiven,0,"['Caucasian', 'None']"
13362012_gab,rapture theology tightly interwoven with ideas about the rebirth of israel has inoculated nearly every non mainline protestant denomination against anti semitism meanwhile the mainlines have been infiltrated and are currently obsessed with muzzies and trannies xianity has collapsed,1,"['Islam', 'Other']"
4767177_gab,sarah silverman is a stupid bitch the military loves trump that muslim faggot obama tried to destroy the us military mattis is secdef little snowflake you are dumb as a fucking brick wtf is a sarah silverman anyway some stupid split tail heard from esad bitch,1,"['Women', 'Homosexual', 'Islam', 'Other']"
1179093142777323526_twitter,@USER his dumb white ass 😭,0,"['Men', 'Caucasian', 'None']"
15380388_gab,more than <number> percent of children in the united states will be obese by age <number> if current trends in weight gain and poor eating habits continue it takes a retarded nigger to write something this fucked up,1,"['Disability', 'African']"
22168098_gab,lmao for a minute i thought he just did it since he been shadowing trump continually this 💩 muslim traitor leader of ofa is very active if not out in the open in the background,0,"['Islam', 'None']"
8325876_gab,it not our fault that we got better than them they in their primitive magic monkey mud huts their goatfucking tribal shitholes their savage mestizo injun cannibal teepees it not our responsibility to pull them up to us or even to let them live with us,1,"['African', 'None', 'Refugee']"
1178614946386579456_twitter,@USER @USER white zionist monopoly capital is the master of all opposition parties who are in parliament excluded @USER white zionist monopoly capital is the master of all saunoin excluded @USER and this wzmc fake sa media excluded @USER and @USER,0,"['Jewish', 'None']"
14069634_gab,im a couple dicerolls from being a bad egg and am very aware this is why i tutor ghetto kids and single parent kids who are black for free having a family myself that is all i can do at this time,0,['African']
21562353_gab,confess it was the naked negress tits when you were young,1,"['Women', 'African']"
15883057_gab,<number> genetics by current estimates ghetto dwellers breed more ghetto dwellers welfare is dysgenics writ large,0,"['African', 'Other', 'None']"
1126970100295307266_twitter,my nail broke i hate ghetto nail techs with cheap materials i will never cheat on leah again,1,"['African', 'None']"
10305130_gab,and your stupid nigger ass is still posting unsecured links to known criminal censors and band of disgusting fatties imgur imgoat com the only legit img host on the net by @USER on voat co,1,['African']
16074519_gab,he going to get fucked by the left i blame this on trumps lack of kike awareness his son in law for example,1,['Jewish']
1171872347621486592_twitter,black women complain so much at restaurants 🤣,0,"['Women', 'African', 'None']"
12321491_gab,i would not trust a nigger to clean my toilet let alone care for my child,1,['African']
17521017_gab,it been years since a white man was this nervous in hollywood seth meyers call me stupid but why is seth meyers talking about white people did i miss some huge shift in social narrative,0,"['Caucasian', 'None']"
1207712192935579649_twitter,dang ever since my friends sisters been into kpop she went from dating yt men to only asians,0,['Asian']
14472059_gab,are you suggesting that nigger women are somehow unattractive or that they fell out of the ugly tree and hit every branch on the way down datz rayciss but you do have a point there she even uglier than most sheboonz,1,"['Women', 'African']"
23331731_gab,silverstein has shown his true colors as a kike shill @USER ‍,1,['Jewish']
25022755_gab,holy shit these people are the biggest kike faggots i have ever fucking seen how does this man keep his cool with all these aids babies in his face,1,"['Jewish', 'Homosexual']"
18942397_gab,the progression of anti semitism jews are regular people why are so many jews liberal why will not these jews stop attacking me kill all jews,1,['Jewish']
23372152_gab,defending the white race by advocating for the single most inbred subgroup of mutants on the planet the ashkenazi jews way to go you retarded piece of shit there a spot reserved for you in the 9 th circle of hell,1,"['Jewish', 'Other']"
1171661642561728513_twitter,twomad was having too much fun in overwatch he said live on stream hola my niggers,0,"['African', 'None']"
1179073035934064642_twitter,@USER @USER if by giving kuran or exchanging all jihadi islamic radical powers will be harmonised in india than we will donate every single penny and publish kuran and will exchange with muslims those who do not surrender to allah and mohammad they are kafirs and will force jihad jai hind,0,"['Islam', 'None']"
22648954_gab,after the nonwhites were purged which of course included jews america made its cities great again some cities chose to add a tomorrowland so that they could always look positively toward the future tomorrowlands were put where the nigger ghettos brown towns used to be alt right fan fic,1,"['African', 'Minority']"
11133060_gab,lol seriously you think an employed person can say nigger lol i meant white person btw get real go ask all the nigger guys on south park,1,['African']
1179093501155233792_twitter,@USER @USER @USER @USER @USER @USER could be illiterate arabs i am not a hindustani i am an indian national our constitution also says that if somebody call whatever name they are aware then i am not responsible for their ignorance,0,"['Arab', 'None']"
1177977240996499457_twitter,you niggas faggots putting you all hands on females,1,"['Homosexual', 'African']"
3318676_gab,this is the libertarian moment but it is not the one envisioned by reason magazine libertarians reserve the right to restrict access of those deemed to be undesirable i certainly do not want my black child interacting with ghetto negroes and thugs blackmiddleclassvalues,1,['African']
17609550_gab,calling me a kike is not an insult,0,"['Jewish', 'Other', 'None']"
18507564_gab,watching anime with my sister noticed the school setting is really fancy and everything is nice me you know why everything is so good there are no blacks her dies laughing you are so racist,1,['African']
23673476_gab,holy shit dude everything this kike posts is flat out gay @USER these kikes just can not resist their perversions can they,1,"['Jewish', 'Men', 'Homosexual']"
17710622_gab,since <number> we should have been told they should have done more instead of giving billion to predominantly muslim countries we should have solar panels on every uk home factory etc,0,['Islam']
7643218_gab,texans pay him an annual salary of <number> he advocates black violence against whites meet professor tommy curry of texas a m gig em aggies,0,"['African', 'None']"
1178715615651086336_twitter,im moving to katy so i can be far away from the niggers as possible,1,['African']
6303117_gab,nigger i g g e r,1,['African']
24463222_gab,@USER ‍ hope you die from all the nigger aids anglin gave you you are a fucking weirdo not to mention your posts are fake and gay,1,['African']
9976409_gab,bull shit the witch got <number> million illegal beaner votes,1,['Hispanic']
21181900_gab,i did want to go to sleep eventually but the neighbors wanna blast ghetto music at five in the morning i hate niggers,1,['African']
17317750_gab,the rhodesian ridgeback because if whites are lead by the moderate civic nationalist libertarian right alt zionist not all jews based nigger policies of the alt right instead of national socialism we will end up the same way rhodesia did zimbabwe,1,"['African', 'None']"
14375763_gab,lyndon johnson explained his decision to nominate thurgood marshall to the supreme court rather than a less famous black judge by saying when i appoint a nigger to the bench i want everybody to know he a nigger,1,"['African', 'None']"
13529737_gab,nigger thinks there is absolute freedom maybe relatively speaking for billionaires but otherwise no especially for nappy haired ghetto groids,1,"['African', 'Other']"
1191835760376332288_twitter,i ’ ve always wanted to beat up a nigga in front of his child so the child can grow up and remember it forever,1,"['Men', 'African']"
1099328957089021954_twitter,i know i say this a lot but i really hate you niggas bro like,1,['African']
1179087440377794561_twitter,@USER my beautiful richmond i weep for you once the jewel of dixie ruined by globohomo and urban youths can not wait till they take down all the confederate statues along monument avenue and replace them with memorials to trayvon on a horse cause he dindu nuffin,1,"['Homosexual', 'African', 'Other', 'Nonreligious']"
27951683_gab,this is an issue i have been negligent in paying attention to lately read my fellow kike killers send that boy a care package a book or if your female i am sure he d like to see a pic of a pretty white woman,1,"['Jewish', 'Other']"
17424200_gab,<number> whites move out of sydney every year however they are building new places at the below rates for asians that they are importing avg sydney home price <number> <number> avg sydney home price now <number> m white people cannot even afford to rent,1,"['Asian', 'None']"
27300415_gab,if anyone looks at them yes by the way that was a backpedal originally quote was suppressed revealing that the intent is to crush replies down into an easily ignored ghetto under the big brand posts,0,"['African', 'None']"
16118406_gab,by taking known numbers of muslim refugees being allowed onto our soil daily <number> multiplying each by <number> for chain migration every muslim in the world could potentially be here by <number> enough diversity yet stopislam banislam,1,['Islam']
1179071827571818501_twitter,@USER i am reminded of the end to the f the police song the jury has found you guilty of being a redneck white bread chickens hit motherfucker,0,"['Caucasian', 'None']"
12324976_gab,study subject jew_4 projects the greatest feat of the north american kike namely that non urban usa is a hotbed of ovens shoah <number> electric boogaloo its panicky neurosis cause it to lash out at the goy claiming the opposite studying such sick pathologies is unpleasant but on i press,1,['Jewish']
1178768009504202752_twitter,@USER @USER @USER how many white christian anglos explode ar muslim events on buses underground railways concerts gow many muslim female kids raped by christian sort your community out,0,"['Islam', 'None']"
1194124778669576192_twitter,@USER bottom line is islam has nothing to do with it,0,['Islam']
16074819_gab,it time our side takes the moral low road and start lying too i mean it can not be so difficult to pay some beaner bitch or kids to make rape allegations against democrats,1,"['Women', 'Hispanic', 'Other']"
15538748_gab,the fact that nigger women hate fags is problematic as is the real reason sheboons hate fags negro bucks are <number> percent more likely to be or engage in faggotry they see fags as competition same reason they all hate white women whereas nigbucks see fags as opportunity,1,"['Women', 'Men', 'Homosexual', 'African']"
22197458_gab,maybe it a sign from god that anglin really is a nigger,1,"['Women', 'African']"
27416904_gab,square up to it mental nigger come at me and tell me how jesus came back from the dead because that the claim it a claim it a factual claim not presented as a myth so get up and tell me it true you mind nigger,1,['African']
13001147_gab,mitch is a racist anti american nigger,1,['African']
16909050_gab,someone please explain to this dunce what 3 dpd smuggies are and why i would include one in a quote of him beta orbiting some fat titted nigger loving brown e thot,1,"['Women', 'African', 'Other']"
22969485_gab,we could meet at the border and if the wetbacks are not turned back ram into them with trucks kill more beaners faster that way,1,"['Hispanic', 'Refugee']"
1080526960596602880_twitter,there are <number> million black kids in the us living in poverty and democrats still choose illegal immigrants first,0,"['African', 'Refugee']"
8774613_gab,another foreign born gay moslem,0,"['Islam', 'Homosexual', 'None']"
14303118_gab,that will not stop them trust me i am a guitar playing rattlesnake not even a jewish guitar playing rattlesnake and they call me a cuck and or a kike all the time <surprise>,1,['Jewish']
24998360_gab,nigger and a chimp walk into a gay bar iran has nukes istandwithisrael,1,"['Homosexual', 'African']"
1178696589059198976_twitter,true life i have been randomly saying i do not fw you niggers i own the clippers for <number> days now,1,['African']
1117167344982401030_twitter,@USER hey beautiful we in the uk stand with you we love our muslim brothers we love you too,0,"['Islam', 'None']"
14064503_gab,and no one should forget the paki family collection of data on <number> democrats in the house their voting records and associations need to be front and center,0,"['Islam', 'None']"
20691124_gab,illegal for a mussie to show representation to any other religion could be killed by his mussie friends as an infidel cut this little mussie pussy some slack lol,1,['Islam']
1178935990074974208_twitter,like literally what the actual fuck i am so mad at this this meme is stupid having nazi and shit but literally says trans fucking niggers this already giving me blackface vibes like this is crossing the line between being a black person,0,"['Homosexual', 'African', 'None']"
23264588_gab,@USER ‍ always has thought provoking quotes but he usually more likely to reply to a kike than me notice me senpai,1,"['Jewish', 'Men', 'Women']"
27824106_gab,yes it is not all about jews lots of heads on the hydra but were there gassings at awwshitz does america get dragged into serving israel,1,['Jewish']
23742000_gab,is not it interesting how jews have been the driving force behind both communism and libertarianism two supposed opposites they are in fact two sides of the same satanic shekel,1,['Jewish']
18978647_gab,if joe kennedy had a serious political future it was killed by him having nigger cum right by his mouth,1,['African']
16779605_gab,yeah but he held off calling him a nigger,1,['African']
25514474_gab,this seems like the seed of a great compromise we will slaughter the jews here you muslims and arabs slaughter the jews in the middle east get out of the us and europe and in exchange we will allow you to live in peace in a jew free middle east,1,['Jewish']
5415934_gab,hm yea ask that nigger kaepernicks about his white upbringing and the love theory a nigger is a nigger that it stop justifying white guilt,1,['African']
14971751_gab,i have upgraded your status from gangsta to playa this nigger here understands what real issues are due to his objectivity and foresight,1,"['African', 'None']"
22733217_gab,fuck the nigger football league,1,['African']
10312454_gab,the jews taught whiteskins that reality is a word game and the way you win it is to misrepresent it as brazenly as possible this usually means reversing reality with brazen chutzpah redundant you invert reality you gaslight suckers and you mock normals you keep this up for decades,1,"['Jewish', 'Men', 'Women']"
26830113_gab,beatles when i am <number> you mean london stabbings you got that wrong lennon who fucked a chink,1,['Asian']
15746206_gab,woops i am completing forms and have personal info in my head i am stealing nigger snap benefits and then tomorrow applying for credit cards in their names i have got zero white guilt about this cultural appropriation bro,1,['African']
12382478_gab,so white industry is bringing life you can see why the volcano demon chosen people and their various golem in their secular death cult offshoots would be appalled by this their aim is to destroy civilization and leave the earth a lunar wasteland,0,"['Jewish', 'None']"
1178831019711045632_twitter,@USER i dont want your stupid nigger money,1,['African']
7024395_gab,i further believe those who have planned a world invasion by muslim sub humans should be hunted down and removed from the face of the earth they are obviously trying to kill individualism and free will they must be stopped by any means necessary and with extreme prejudice,1,['Islam']
20427548_gab,ana navarro is a spic cunt that needs to shut her commie cock holster these pieces of shit declare war on us every time they open their ugly commie mouths how long until enough is enough,1,"['Women', 'Hispanic']"
23544084_gab,he has special privileges because he a rich kike billionaire,1,['Jewish']
1179070238345834497_twitter,@USER @USER @USER oomf said she was mexican too i irregardless she a black latinx lesbian who hates white people so what djdjdjd,0,"['Homosexual', 'African', 'None']"
16646500_gab,this nigger should be in africa catching ebola or getting eaten by one of his relatives,1,['African']
4299781_gab,lmao wow they really do not allow you to go around calling people kike on twitter anymore lmfao banned again,0,"['Jewish', 'None']"
1178629025511755776_twitter,how dare them niggers swat my fortnite crush pokimaine,1,['African']
13979518_gab,p at least harvey weinstein only raped and assaulted the gentiles not angelina jolie or gwyneth paltrow so he still a good jew 😂,1,"['Jewish', 'Women']"
1179103400862064641_twitter,@USER yeah lil white boy got them moves lol,0,"['Caucasian', 'None']"
12770966_gab,no she really loved the ugly nigger lol,1,['African']
13830820_gab,whites must adjust to reality to forever dirty war where niggers kill rob and rape them usually their weak and most defenseless in the thousands annually because that is how it is sigh,1,"['Women', 'Men', 'African']"
1187846220179484674_twitter,niggas get a lil bit of pussy,0,"['African', 'None']"
1179064268941082624_twitter,british government says the white race will kill all other races soon @USER @USER @USER @USER @USER @USER @USER @USER @USER @USER @USER @USER @USER @USER @USER @USER @USER,0,"['Caucasian', 'None']"
23788932_gab,nobody gives a shit what this moslem scumbag supports if the coward says anything derogatory about trump decision he shit on idiot boy trudeau until he gone,1,['Islam']
1167947091445813249_twitter,@USER @USER all of the illegal immigrants coming from checks notes the aquapeople residing in the gulf of mexico,1,"['Hispanic', 'Refugee']"
22752944_gab,i have never liked netflix netfux so i am cancelling my subscription will buy movies elsewhere and never go to amazon another usa trump hater for streaming videos either putting this nigger cunt on the board and the upcoming male cunt obummer show on netfux has done it for me,1,"['Women', 'African']"
20044778_gab,<number> million white children raped by paki muslims in the uk covered up by the pm mps police councillors the war has been started by those people not doing their jobs so you drop dead eh,1,"['Islam', 'Other']"
18458128_gab,your sisters suck white dick for <money> and not even white hookers will fuck you being a nigger must be terrible,1,"['Women', 'African']"
1144577656178053120_twitter,sindh wants no more refugees afghan refugees should be deported to their own land deportafghanrefugees deportafghanrefugees,1,"['Arab', 'Refugee']"
1178807797745700874_twitter,i raped the jews because it hugged my brother,1,['Jewish']
13296171_gab,whatever happened to allegations fox was involved with beaner drug cartels,1,['Hispanic']
22863841_gab,i remember something to that effect gotta dig deeper for the pedo thing i may well have him mixed up with another yid with that name they are all demonic shapeshifters after all,0,"['Jewish', 'None']"
22303507_gab,your friendly moslem who went all allah akhbar today in france,0,"['Islam', 'None']"
19824299_gab,democrats forever the partyofslaves all they ever do is obstruct that so they can keep you in chains housenigger pimped out whores who keep the ghetto complacent slaveryisfreedom,1,"['Women', 'African', 'Other']"
10917270_gab,a crazy person looks at this and thinks oh how horrible these poor black victims of white racists a sane person looks at it and thinks what typical nigger shit did those niggers do must ve been bad,1,['African']
4437704_gab,simple solution enforces laws not jared wyand you have had <number> years to solve it under black jesus and it got worse all black economic data is down under his presidency so maybe stfu @USER gun violence is a public health crisis martial law will not fix violence in chicago,0,"['Women', 'Men', 'African']"
19824295_gab,our government flooded us with shitlam not tommy,1,['Islam']
14262039_gab,nah baldwin might be making a good point here i have no love for the kike weinstein or the thots who whored themselves for money but baldwin can let the feminists and jews bash him for a while might redpill him and flip him from being a libtard,1,"['Women', 'Jewish']"
1179038976671240194_twitter,@USER my bad comparing the great ian curtis to some porch monkey is sac religious damn i miss his songwriting,0,"['African', 'None']"
11090594_gab,sadly that not a joke the jihadi loons actively seek to destroy them and the useful idiot stooges of their opportunistic communist promoters will very likely fall in line there is no idea too absurd for those who have abandoned both reason and humor,0,"['Islam', 'None']"
15036536_gab,beat it asshole i have already argued with enough kyke shills today,1,['Jewish']
25296749_gab,so i am not white because i want whites to live in a world free of non whites and am willing to use any means necessary to ensure that goal you outright want to murder whites to prove how pro white you are that the same reasoning that the kike weev used,1,['Jewish']
20317531_gab,i was a child of the ghetto and a ward of the state i do not know how i escaped the clutches of leftism but i am grateful to be a sane trump supporter,0,"['African', 'Other', 'None']"
8981010_gab,tnb what else can we expect from the ghetto monkeys,1,['African']
21782762_gab,let all hope teresa may gets ass raped and her nose broken by some sweaty fucking hairy inbred arab,1,"['Arab', 'Other', 'Indigenous']"
1179069022752645120_twitter,@USER @USER all white men do is lie and colonize nothing else,0,"['Caucasian', 'None']"
8776757_gab,all the joys islam is bringing to us,0,"['Women', 'Men', 'Islam', 'None']"
16325410_gab,their women are so fugly no wonder men jews go after arian adamic women,1,"['Jewish', 'Women', 'Men']"
24465170_gab,so this pos gets a vote of no confidence from his deputies 🙄 🙄 frkn amazing even misappropriation of funds lest we forget the not enough money for school protection but let have classes to teach muzzies how to frkn shoot us unfuckingbelievable,1,['Islam']
16088290_gab,it is sustainable thousands of children all over the us are without those trappings it does have to be that way race matters my tribe white western european men and women come first all others are meaningless to me kind after kind,0,"['Women', 'Caucasian', 'None']"
15477833_gab,hey you fat stupid cunt i hear you are a fat stupid boomercunt that keeps niggers chained in the attic to fuck and white babies in the basement that you feed to your niggers you also fuck dogs,1,"['African', 'Other']"
17433253_gab,ok now take away the government jobs and affirmative action and now tell me what the nigger unemployment rate is 🖕 🙄 🖕,1,['African']
18436011_gab,good luck firing him he will find a kike lawyer and sue on the grounds that he was fired because yu iz rayciss,1,['Jewish']
1212429446944370688_twitter,tonight we all gunna be in the ghetto 🤷 🏽 ‍ ♂ ️ 💥 💥 rah ta ta ta,0,"['African', 'None']"
10173933_gab,this will only apply to white men as i have been told if i talk in a clear monotone voice it sounds hostile customer service reps say that the most often,0,"['Men', 'Caucasian', 'None']"
17154064_gab,the real question is why is a filthy piece of human excrement working with the elderly if it were my mother it would not have happened because i would not have let a filthy moslem in the door sweeds are retards,1,"['Disability', 'Islam', 'Other']"
26742969_gab,evil moslem warlord sadiq khan needs to locked up in gitmo for encouraging his fellow devout moslems to carry out terrorist attacks in the west,0,"['Islam', 'None']"
19900230_gab,filthy kike matt drudge throws in his two sheckels,1,['Jewish']
10912372_gab,<number> • reply • share › avatar t100c1970 • an hour ago merkel is the best friend the muzzies have in deutchland but erdogan is just doing what obama did in isreal to try to get rid of bibi and in britain to try to defeat brexit,0,"['Islam', 'None']"
24367358_gab,yes i am sure that bands of feral blacks would not be blowing each other away over gang territory in blighted urban ghettos if they had not gotten the idea from the book of ecclesiastes,1,['African']
17714719_gab,when moslems flee moslem countries dont that make them islamophobic,0,"['Islam', 'None']"
17592154_gab,many kill lists another bisexual nigger traitor in wh would trigger a million trucks converging on dc full blown running gun battles shtf,1,"['Homosexual', 'African']"
5145699_gab,racist remarks are wrong and should be left to those dirty filthy smelly paki cunts,1,"['Arab', 'Other', 'Indigenous']"
14793503_gab,what d ya know the fag the spick and the lesbian on the bench also know the meaning of the first happy days,1,"['Women', 'Hispanic', 'Homosexual', 'None']"
22574078_gab,stop blaming niggers and women for what is obviously being caused by russian hackers,1,"['Women', 'African']"
1178361474558943232_twitter,@USER @USER you can also decide not to like the niggeress too 🤷 🏽 ‍ ♀️,1,"['Women', 'African', 'None']"
16014254_gab,there not worth the risk around blacks never relax its always a nigger on the trigger,1,"['Minority', 'Heterosexual', 'African', 'Men', 'Nonreligious', 'Indigenous']"
11632794_gab,some fuckin kike does not know what free speech is,1,['Jewish']
1520595_gab,@USER given that he <percent> of the globalists top <percent> are kikescum and that the dictatorship ruling over americans is largely comprised of jewfilth perverts and criminals pace wikileaks and that the most powerful banking factions are mostly ratfaced yids,1,['Jewish']
25281408_gab,anti american kenya born democrat spook wants to put his two cents in well here is americas two cents shut the fuck up you mooncricket mother fucker 😘 👍,1,['African']
13551638_gab,why could not mlk be a pro boxer lousy nigger could not take a shot to the head,1,['African']
11958600_gab,sorry no final kike meals it makes the oven dirtier more ash to shovel out,1,['Jewish']
25997755_gab,good list except ruhe sodomite rivero kike,1,['Jewish']
17804622_gab,leftists whine racist because they have no factual argument proving against turd world shitskinned mongrels are the reason their country is a shithole if they were equal they d have surpassed whites we d be immigrating to their country,1,"['Arab', 'Other']"
1187943154714075141_twitter,everybody criticize lebron as if they can do w this nigga has done for the last <number> yrs lol,0,"['Men', 'African', 'None']"
26551816_gab,look who introduced theresa may to phillip may always a connection as to why paki muslims have raped with impunity g4s protects the grooming gangs that why tommy robinson has been imprisoned always a link,1,"['Men', 'Islam', 'Other']"
10034563_gab,people that think that they have a personal relationship with talk to a fictional kike pervert pacifist on a stick are insane perverts by dictionary clinical definitions most people are insane it is a matter of degree,1,['Jewish']
15584227_gab,the retards pushing this crap just about have to be kikes i will wave the israeli flag for propaganda purposes if it means winning these im faggot autists who insist on waving the windmill of friendship an alien symbol to americans are not interested in winning they are interested in larping,1,"['Jewish', 'Homosexual']"
27000338_gab,married gay ambassador vs robbing niglet,1,"['Homosexual', 'African']"
1121090278172045312_twitter,are not we muslims stopshiitevictimization,0,['Islam']
18741604_gab,@USER one small criticism about stats and jews ashkenazi jews have <number> more points in iq yes but they are only <number> of the population do the stats white people have more geniuses than jews have people if you can call them people this is clearly nepotism,1,['Jewish']
14542244_gab,i am reading jared taylor writing about white consciousness from the colonial days and it hard to believe this is the same race,0,"['Caucasian', 'None']"
1766534_gab,i m just gonna post porn and laugh at nigger jokes that @USER posts because trolls need love too shitposting internet trolls put trump in the white house lest we forget,1,['African']
26428662_gab,who the f is this sand nigger dissing judge jeanine pirro,1,['Arab']
9408045_gab,when do moslem men relent on forcing women to walk behind them in mine fields,0,"['Islam', 'None']"
1176837132649934848_twitter,@USER jason shitlock ain t seen a nigger he do not like that agrees with him,0,"['African', 'None']"
1179100055946567680_twitter,this daughter of immigrants can see that priti patel is a smug dickhead who happily playing the stooge for white supremacy like many light skinned rich south asians before her it always been terrifying to see and it still horrific now also her eyebrows are shit,0,"['Asian', 'Refugee', 'None']"
2996378_gab,let lobby trump to refuse to allow jews to put a menorah on our white house lawn should we start a petition,1,['Jewish']
15240595_gab,you do not even know your dad and all you did was recycle my joke about your mom i get that you are used to stealing but try not to do it out in the open like a crack nigger,1,['African']
17759444_gab,how else is a nigger actress going to get a job aside from black woman does dance for visiting white person,1,"['African', 'None']"
25885882_gab,the gunman hiding i hope they catch him my thoughts go out to the victims also who ever says that me is a cia nigger,1,"['African', 'None']"
15116550_gab,our youth are inundated with nigger subculture nigger music niggers on 📺 niggers in movies nigger ball etc they are not taught the greatness of the great composers painters artists the greatness of our military commanders the greatness of our ability to explore,1,['African']
1121949459716292608_twitter,of couse the jewish qb gets traded to miami,0,"['Jewish', 'None']"
20238487_gab,as the kike dreidle turns,1,['Jewish']
20752861_gab,they certainly learned the art of taqiyya quite well from their moslem overlords,0,"['Islam', 'None']"
1179100356032290819_twitter,@USER omg i am sorry 😭 😭 😭 max just reminds me of those bad white boys i am sorry,0,"['Caucasian', 'None']"
19225932_gab,roast this lying kike,1,['Jewish']
1178851410903027720_twitter,ion know what you heardbion run from no nigga,0,"['Men', 'African', 'None']"
21785628_gab,let us not forget the kk was and is an honorable crowd they formed to protect white women from the nigger predation and whites in general from nigger crimes niggers have iq of <number> and high testosterone they have to be dealt with have to,1,['African']
1178992429485047808_twitter,@USER he dindu nuffin and the po po done shot him,0,"['African', 'None']"
17837278_gab,what did they do to him call him the nigger word,1,['African']
17559687_gab,fuckin hippo doppelgänger negress,1,"['Women', 'African', 'Other']"
3077122_gab,racist is not a guy who screams paki at me he ignorant real racist asks smilingly where r u fm originally then makes policy 2 stop u,0,"['Islam', 'None']"
10569062_gab,you are white walk into a restaurant and it has nigger employees what do you do,1,['African']
1178901571284979712_twitter,@USER please read about kashmiri pandits more than <number> kashmiri hindu pandits were driven out of kashmir by ismalic fanatics over <number> women have been raped and killed but you conveniently seem to ignore it to further your propaganda and show fake empathy,0,"['Islam', 'None']"
4467081_gab,@USER no just ontario toronto and mississauga there are lots of asians but more arabs and moslems now than what it used to be,0,"['Islam', 'None']"
18957160_gab,damn i have not seen a nigger get whipped that badly since kunta kinte,1,"['African', 'None']"
18580535_gab,when whites have moslem names it means <number> their non moslem western nation has been conquered and <number> the white person bearing the moslem name is an abeed slave,1,"['Islam', 'None']"
1160648438498897920_twitter,don ’ t forget to make dua for muslims who don ’ t have anyone to spend eid with,0,"['Islam', 'None']"
1271841805072506886_twitter,@USER bitch stay in your damn nazi lane we do not accept you,1,"['Caucasian', 'Other', 'None']"
1179083549439193089_twitter,rosie o ching chong wing wong i hate chinks donnell,1,['Asian']
1146148844742369281_twitter,@USER i just seen u say u want a neck tat but a portrait ghetto alright young m a,0,"['African', 'Other']"
13032712_gab,feargodnotdeath this nigger tried calling me out omg wtf is wrong with retard kids,1,"['Disability', 'African']"
27251442_gab,that nigger tariq nasheed better not show up to e3,1,['African']
25979396_gab,the nigger part was funny,0,"['African', 'None']"
1179043135986393089_twitter,@USER unfortunately these two little white girls will not age well either unless someone with some sense gets a hold of their racist arses they will be destined to become white trash meth using ol nazi barfly,0,"['Caucasian', 'None']"
27946665_gab,what happened to its all so tiresome did you filthy kikes ban him too thankyou for giving me all the evidence i need to now publish the documentary about gab to kike infested fraud it is,1,"['Jewish', 'None']"
9747099_gab,🎶 o the white man worries 🎶 but the nigger do not care 🎶 cuz at the end of the mumff 🎶 his check will be there 🎶,1,['African']
23809328_gab,fucking kikes and kike lovers,1,['Jewish']
11574607_gab,in the <number> <number> zipper head and slope were pretty fashionable i do believe they covered the gambit of asians,0,"['Asian', 'None']"
1178980875377102849_twitter,@USER @USER a hindu refugee has roots with india in terms of religion muslim refugee can take refugee at a islamic country more over we cannot see more bomb blasts which start with ola ho uber,1,"['Islam', 'None']"
24848318_gab,keep the nigger kids in africa in fact let the two dykes move there too,1,"['Women', 'Homosexual', 'African']"
19110403_gab,a sentiment we should all hold we do not run that what the r selected kikenvermin leftists do no we stand and fight for our nation and by extension our race blood and soil,1,['Jewish']
13307633_gab,vikings fared far and wide to byzantium and baghdad and beyond nothing shocking about this discovery or earlier ones about hauls of arabic coins and a ring with allah engraved on it stone shocking part is how these things will be used in justifying moslime presence in scandinavia now,1,['Islam']
21242245_gab,hm 🤔 maybe if i survive my chemo and grow up i could be a lifeguard at a nigger swimming pool 🤔,1,['African']
27165953_gab,expect more of this in america they have already caught muzrat arsonists here,1,['Islam']
1178805274209071105_twitter,@USER @USER @USER @USER @USER @USER if he not lazy why is he butt hurt americans are lazy compared to african countries that fact is not nearly enough reason for me not want them here african immigrants are not the enemy white supremacy is,0,"['Caucasian', 'None']"
19621217_gab,you are confusing ghetto niggas with christian blacks if you do not see a difference it because you have not associated with many christian blacks but then why would you you are an atheist you and i do share the common goal of stopping more anti white mongrels from invading america though,1,"['Christian', 'African', 'Men', 'Refugee', 'Women']"
1164783306950320128_twitter,i love alt j but i think it ’ homophobic for a white man to make me listen to alt j,0,"['Hispanic', 'Men', 'Homosexual']"
17980056_gab,police involvement they raped children to no wonder pak muslims protection was so thoroughly covered up,1,['Islam']
1178769506371538944_twitter,spraying a shopping cart worth of aerosol cans in the air to own the faggots,1,"['Homosexual', 'African', 'Other', 'Nonreligious']"
18367092_gab,can i say ghetto rat on here because i got put in twitter jail for calling a guy a ghetto rat after he called me a white privilege cracker nothing happened to him though nope not a thing,1,"['Men', 'African', 'None']"
13528053_gab,willard spratt willard spratt <number> hours ago these thugs do not have enough sense to understand what there doing we need more white players anyway let them go back to ghetto and shoot one another ﻿,1,['African']
27513034_gab,that his sister sheboon friend melissa is apparently dating some blonde dude,1,"['Women', 'African']"
16956046_gab,who the fuck believes this retarded half nigger,1,['African']
17397944_gab,millions of muzzie filth pouring in raping women most popular franchise dyke skank with dragon tattoo hunting nazi rapists,1,"['Islam', 'Homosexual', 'Other', 'Refugee']"
21645764_gab,if ur watching niggers play with a ball ur part of the problem sports is for retarded cucks u should not even want to look at it 😑 i thought u were smarter than that 😑,1,"['African', 'Other', 'None']"
26600445_gab,what do you all suppose the likelihood is that the judge is a sandnigger grooming gang customer who rapes little girls or boys,1,"['Arab', 'Other']"
20199443_gab,the new si swimsuit edition has a monkey negress on the cover,1,"['Women', 'African']"
22432428_gab,says the woman who makes an internet nigger of herself thats great that is,1,['African']
10959978_gab,the british welfare state filthy mudshark uses uk taxpayer money to buy a horse to help her cope with depression after being dumped by one nigger she f***ed <censored> after another and left with <number> mulatto kids to raise them on taxpayers dime,1,"['Women', 'African']"
4225328_gab,@USER high standards that black bitch looks like harambe retarded cousin,1,"['Women', 'African']"
9968459_gab,i hate that wailing muzrat shit,1,"['Islam', 'None']"
11135069_gab,the flaw in a skills based immigration system is self evident ne asians are on average pretty smart they can maintain respectably civilized societies by mimicry skills based immigration taken to its logical conclusion means white america had better be happy with <number> billion chinese colonizers,0,"['Asian', 'None', 'Refugee']"
6388643_gab,anyone who tells you that muslim intent is not bad is either naive or has alliance with leftwing muslim monsters radical islam is evil,1,['Islam']
22730844_gab,new term when gettin pull over by cops do not make a stupid nigger move running reaching in pockets just talking back all white or black gets your shit in big doo doo lmfao 😉 🤗 🤗 🤗,1,['African']
1178986984930455553_twitter,you all i got thrown in twitter jail for replying to @USER tweet about ivanka my reply was this utter white trash wtf,1,"['Caucasian', 'Other']"
27903408_gab,your muzrat gov t will never allow brexit,1,['Islam']
2028645_gab,it irritates me the way these african nature shows all give the animals names like those of their nigger poachers the animals themselves are of course outraged,1,['African']
12495056_gab,the nigger should just cut to the chase and break into the lot to steal the car,1,['African']
11147738_gab,is it weird that i do not mind the anti semitism that i have seen on gab use of the word kike never had any weight to me also there only <number> million of us in the world and billions hate us how can we control anything,0,"['Jewish', 'None']"
1179075637153153024_twitter,@USER khurram what on earth you are doing asking pertinent questions in a country of imbeciles pakistanis does not even have rudimentary understanding of government and institutional roles and responsiblities growing up our brains were raped by pak studies and islamiyat lessons,0,"['Islam', 'None']"
19460830_gab,he will do it too nigga do not doubt him,0,"['African', 'Other', 'None']"
1178307077338329088_twitter,@USER @USER my son died of dementia at the age of three and i am currently amidst killing my self so a stanky ass booty pic from your ching chong ass would make my life so much better rn,0,"['Asian', 'None']"
1195483456354095104_twitter,perrie really loves asians uno,0,"['Asian', 'None']"
16654518_gab,what is wrong with slut talk and fas as negro talk that belongs on the plantation,1,"['Women', 'Men', 'African']"
14410484_gab,the french have shown in the past they are cowards willing to submit to fascist nazis rather than fight for their freedom the moslem takeover of france is little different german nazis have merely been replaced with moslem nazis islamofascism once a dhimmi always a dhimmi,1,['Islam']
13338889_gab,if only the kike loving shabbos goys would follow your advice dude,1,['Jewish']
1177591117862330368_twitter,@USER she was screaming nigger and that she wish she could kill all the niggers in public at a cvs bitch,1,['African']
27654476_gab,the sighting of female nigger land whales is the most reported,1,"['Women', 'African', 'Other']"
18346631_gab,follow @USER he a good goy who physically removes antifa and frequently gets banned from kike social media previous post was wrong account,1,"['Jewish', 'Minority']"
27920036_gab,kike vs kike <happy>,1,"['Jewish', 'None']"
21017714_gab,hey buddy can you explain where the near <number> million jews went after the holocaust,0,"['Jewish', 'Other', 'None']"
22337915_gab,i watched his video seemed to be predicated on north western europeans as normatively white but in my view white refers to all those caucasians who interacted within the western civilizational system thus greek are white despite having dna closer to levantine semites than germans or slavs,0,"['Caucasian', 'None']"
12208265_gab,stupid meme delete now dont you dare put a kike on the boss face not even joking delete now,1,['Jewish']
24307910_gab,lying kike filth the false dichotomy here is your false dichotomy between capitalism that mistreats workers and marxism guess what kike there is a capitalism by which workers and owners are complementary fascism,1,['Jewish']
12959137_gab,blacktivists ignorantly demand that white people who do not and have not owned slaves need to pay reparations to black people who are not and have not been slaves how bout you just get jobs and pay for your own shit ghetto rats,1,['African']
15013021_gab,last one i promise i am so white that albinos worry that i look pale,0,"['Caucasian', 'None']"
23378663_gab,@USER has got to be one of the dumbest muslims on earth how about banning the sale of acid to muslims god this filthy goatfucker beats all britfam muslimban,1,"['Islam', 'Other']"
15467195_gab,hypocrite probably hates the muzzie his dear leader allied with too,1,['Islam']
17042995_gab,some of the moslem invaders being honoured by the british regime,0,"['Islam', 'None']"
26167567_gab,our moslem friends also ask the same question why dont we just drop our drawers why dont we just dissolve the republic just blow our brains out do our enemies a favor,1,"['Islam', 'Other', 'None']"
12580428_gab,specific threats of violence should never be permitted kill the honky is allowed as it is interpreted as political speech kill that honky at <number> main street is a specific threat and should be banned,0,"['Caucasian', 'None']"
1122587354622058500_twitter,hood niggas with d squared caps 🤤 🤤,0,"['Men', 'African', 'None']"
24281913_gab,kate brown is a kike whore oregon was a nice state now its cess pit this bitch should pushed down the stairs when everyone is looking,1,"['Women', 'Jewish']"
13381604_gab,just report it the call for genocide and the posts saying he is actively planning to kill jews are all tos violations i think th support crew is overwhelmed and it ll get more attention if it gets multiple reports,0,"['Jewish', 'None']"
16928175_gab,you must be a faggot a kike or both fuck off back to twitter you fragile cocksucker,1,"['Jewish', 'Homosexual']"
9587435_gab,suicide the camel face muscum cunt,1,"['Women', 'Islam', 'None']"
13322505_gab,bbc this week ‏ verified account @USER the uncomfortable truth is that the white race is the most violent and oppressive force of nature on earth i guess they are starting to believe their own press,0,"['Caucasian', 'None']"
26743162_gab,its about time blacks realised the <number> women who started blm were jew women jews will use you all destroy your families to keep jews on top,1,['Jewish']
24278281_gab,@USER ‍ <number> and now your heart breaks for this fucking nigger when these same niggers are destroying your country fuck you you phony cocksucker,1,['African']
25187579_gab,<number> paki muslims raping white children generational <number> prostituted own wives and daughters <number> drug heroine from afghanistan uk army and uk police protection generational <number> <number> prostituting white children with mps police councils social services protection genetational hate of women generational why muslim men are homosexual,0,"['Islam', 'Homosexual', 'None']"
8536582_gab,sadiq khan london moslem mayor warns tory police cuts means future terror attacks more likely it is not police cuts that make terror attacks more likely it is the moslems in the uk who make terrorist attacks more likely,0,"['Islam', 'None']"
1079148026013323265_twitter,@USER @USER you might get raped by a malicious horn fuck before being killed and thrown into the desert,1,"['Women', 'Arab', 'None']"
14823147_gab,le americané have never seen jews in beast mode but the ones that live in dearborn michigan texas and houston are starting to see the light just give the rest some time zionism will take good care of that,1,['Jewish']
1178803080583946242_twitter,@USER the adl does not think it okay to be white simplified,0,"['Caucasian', 'None']"
1251138800207659009_twitter,blocked that nigga i do not need my morning ruined,0,"['Women', 'Men', 'African']"
7934990_gab,ironically if a white man acts like the proud racial supremacist his lessers accuse him of being he will earn more respect and deference from the deepest ghetto blacks than any wimpy suckup shitlib white would get,1,"['African', 'None']"
25725396_gab,ivanka is a traitor she married the filthy kike who is trumps handler trump cucks when he has to and pushes maga when he can most of the meetings between trump and kushner is about how much he has to cuck that day,1,['Jewish']
15888684_gab,wait i missed something why are you saying the ds split from the alt right the only person i see acting weird is you by trying to defend a racemixed kike woman,1,"['Jewish', 'Women', 'Other', 'None']"
1081238592968638464_twitter,set my lil brother bail at half a mill rat ass niggas,0,"['African', 'None']"
24340362_gab,wu neva seen it put like this but fuggin nails it the kike house of cards is wobbling as we speak,1,['Jewish']
13190059_gab,soon the season low will be an all time low for the negro felon league negrofelonleague burnthenfl,1,"['Women', 'Men', 'African']"
1178861600427560961_twitter,@USER he a fake noodle smooth impasta i would have said niggers,1,['African']
15579832_gab,if the kike population equalled the white one the number of jew assaulters would be <number> jews to <number> white ones,1,"['Jewish', 'Men']"
20983237_gab,pls dont talk to me reality is too much for my kike infested mind,1,['Jewish']
1178876402944356353_twitter,cold pops nigga fuck with us this nigger bitch,1,"['Women', 'African']"
1175093_gab,so since this is my 6 6 6 th post i thought i d mention that the name baphomet the devil some worship comes from old french for mohammad coincidence or did the french know that the muzzies were demons on earth speakfreely draintheswamp maga,1,"['Islam', 'None']"
23324274_gab,dems kill all white people reps disavow and kill all white people slower,1,"['Caucasian', 'None']"
18577085_gab,fuck the nigger bowl,1,"['Men', 'African']"
18552054_gab,space the final frontier these are the voyages of the starship enterprise its five year mission to explore strange new worlds to seek out new life and new civilizations to boldly go where no man has gone before where no niggers are invited nor wanted it a nigger free space,1,['African']
1196295167424290817_twitter,@USER sorry islam law lied everything,0,['Islam']
15850865_gab,a reminder to all that therightstuff biz encourages people to racemix with asians and only cares about the money that they receive from their paywall any true white nationalist should avoid this site at all costs,0,"['Asian', 'None']"
4089019_gab,a nigger arguing against racism is like a rapefugee arguing against borders,1,"['African', 'Refugee']"
1178850668360212480_twitter,@USER @USER keep that same energy behind bars you stupid nigger,1,['African']
22626521_gab,shes hoping some bluegum will rape her dried up old liberal ass,0,"['African', 'None']"
25559720_gab,massive muzrat espionage,1,['Islam']
13116041_gab,if dhimmi therea sharia may amber rudd y useless will not sort the moslem problem this bunch millions more brits will we will not be visiting mosques to sit down for samosas or posing with qurans footballadsalliance moslemsaretheproblem islamofascism muslim islam sandcoackroaches,1,"['Islam', 'None']"
1923327_gab,@USER im not too worried about chinese migration its the mudslime one that bothers me,1,"['Islam', 'Other']"
21547300_gab,left wing politicians allowing this for the muzzrat vote jo cox did not learn just saying,1,"['Islam', 'None']"
18862641_gab,you are a nigger and always will be spear chucker,1,"['Nonreligious', 'African', 'Other', 'Minority']"
17303590_gab,bitch is perfect kike example she does not even pretend to be objective somehow honest she just straight up makes shit up naive goyim like kevin macdonald tried to deal with her like a white results are appalling yet predictable google exchange w k mac bitch is evil,1,"['Women', 'Jewish']"
1084543381546696704_twitter,is ur girlfriend acting funny you are suspecting there a nigger on the side talk to degea because de gea saves,0,"['African', 'None']"
1107667699373670400_twitter,@USER i don ’ t mean the arabs to bring them together but you meant people we know a lot,0,['Arab']
16511498_gab,the nigger tax strikes again,1,['African']
7704618_gab,even worse jenner only had to kill one woman to be labeled a woman driver but an afghani moslem that shot <number> brown gays got mislabeled an nra american even after telling <number> he did it because the us attacks his homeland pledged to the islamic state,0,"['Islam', 'None']"
1246859909687377925_twitter,@USER but muslims are bad for doing the god ’ work out there 😏,1,['Islam']
18545642_gab,from the sky <number> bringing back the great king of the asians turkey is asia minor before and after mars reigns supreme before and after wars mars is the god of war,0,"['Asian', 'Other', 'None']"
16426005_gab,no to globalism political islam pc racism open borders yes to free speech patriotism secularism equality between men women black white yellow right wing but anti nazi and anti islam colored man with good education and job life gives you opportunities take or dont cry,0,"['Islam', 'None']"
4428097_gab,it ll be interesting to see the language in these executive orders on immigration tomorrow trump is being a bad ass and keeping his word i am enjoying this now he needs to get high risk undocumented refugees and illegal immigrants the hell out of this country especially muslim fighter types,1,"['Islam', 'Refugee']"
3009341_gab,muslim chaplain of the canadian army wtf why i am sure our muzzie friends and allies have a priest in their army hell i doubt there is one in the whole country fk islam can fam speak freely,1,['Islam']
1257363931691126786_twitter,@USER they kill muslims and limited the journalism are you human,0,"['Islam', 'None']"
5769073_gab,it time for that nigger hobbit valerie jarrett to be taught life hardest lessons,1,['African']
18723798_gab,nation of islam they wear b ties,0,"['Islam', 'None']"
1927923_gab,cant wait to form a rightwingdeathsquad ™ with a few mates and lynch some obnoxious sheboons this black friday,1,"['Women', 'African']"
22409250_gab,firstly i never studied the bible too closely secondly i always hear people refer to jesus as a jewish carpenter thirdly and lastly kike jew if my anti semitism to english dictionary is up to date,1,"['Jewish', 'None']"
1869226_gab,ok watching the kelly bitch on fox showing the altright group some members giving the salute exposure red pill baby <number>,1,"['Women', 'Caucasian', 'None']"
24716255_gab,brian terry is a first cousin to a family friend believe me they have not forgotten that nigger holder,1,['African']
11180809_gab,yet another sand nigger heard from,1,"['Arab', 'Other']"
21492048_gab,more nigger crap,1,['African']
4368591_gab,black men got to vote and be president before white women so i do not want to hear about societal disadvantages females are the nigger of gender,1,"['Women', 'African']"
1217022151112495105_twitter,@USER holocaust is a big lie there is no evidence about that holocaust_big_lie,1,"['Jewish', 'None']"
6990776_gab,i recently met a retired federal leo who signed up to be a host for syrian refugees with air b& b 🤔,0,"['Arab', 'None', 'Refugee']"
1179099489165926401_twitter,@USER @USER @USER population is alarming rate definately but you cannot let people of sikh hindu christian jain n all getting their wife and daughter raped or getting forcefully married to muslim and conversion muslim do not face such problem there,0,"['Islam', 'None']"
24198611_gab,lol that resourceful <laugh> not condoning their violence obviously but it almost charmingly ghetto with its limited basic materials like what a super edgy teen would make,0,"['African', 'None']"
1272542497105776640_twitter,@USER how come she was nationalist being a muslim nationalism is prohibited in islam na,0,"['Islam', 'None']"
26910410_gab,so it ok to dox a kike but not someone he supports,1,['Jewish']
14144271_gab,omg i would obviously get some disposal boots before i stomped a niglet im not emily trump i need to keep my boots in nice shape so when i march to repeal the 1 3 th amendment i look presentable and do not embarrass president trump or mr hitler 🇺 🇸 🇺 🇸 🇺 🇸,1,['African']
17962532_gab,fun fact of the four islamic halal markets run by muslim immigrants in one of oregon larger cities three were closed down for rampant foodstamp fraud and fencing stolen goods what about the fourth the county shut it down for health code violations including human fecal e coli in kebabs,1,"['Islam', 'Refugee']"
19451128_gab,we are literally going to have this taken down eventually it one thing if you are a kike it another if you are a kike dog,1,['Jewish']
17070914_gab,mudsharks gonna mud for dat nigger muhdik,1,"['Women', 'African']"
26496557_gab,rant the nasty blackheaded bitch is ruining fox n friends on memorial day she belongs on shepsmith show not f f,1,"['Women', 'African', 'None']"
13016067_gab,looks like the socialist theresa may is toast tory conservative elect a leader <number> with a backbone <number> a brexiterr not a europhile remoaner <number> a right wing conservative not a bloody socialist pc sjw multicult obsessed dhimmi moslem loving immigrant arse licking cultural marxist pushing traitor,0,"['Islam', 'Refugee', 'None']"
1179073524364910592_twitter,@USER it just the way u called her a dry ass white bitch it so funnyajjsjdhdh,0,"['Women', 'Caucasian', 'None']"
1178888094675800064_twitter,@USER fuck that nigger,1,['African']
1178778508954394624_twitter,i know my job already tired of my ass but honestly im tired of this white ass institution too,0,"['Caucasian', 'None']"
22913175_gab,and just like you she is a welfare whore with a passel of half breed nigger brats and we all cheer her loss faggot 😂,1,"['Women', 'Homosexual', 'African']"
1215162866468298752_twitter,am i the only who doesn ’ t find white men attractive 🤮,0,"['Men', 'Caucasian']"
16457193_gab,i do not know what made her a drug addict it seems that she went to buy drugs in a ghetto but got raped instead the woman is <number> years old and seems to have a troubled past and low status the law does not protect weak whites,0,"['Women', 'Caucasian']"
1179024048422080512_twitter,@USER she called herself a runaway slave master and black men still date her notice no one call them a negro bedwench for fucking with a known racist,0,"['Women', 'African', 'None']"
22628139_gab,@USER ‍ i try to ignore you bec you are rude but basically if jesus walked down the street today in the flesh you would call him a kike like you called me you hate jesus stop the pretense,0,"['Jewish', 'None']"
1111398650255572995_twitter,these bitchass niggas bashing others for binge watching got should just fuck out of here ugot ayingowakulo bani,0,"['African', 'None']"
26346737_gab,it friday and it nigger hot,1,['African']
1187767384024764416_twitter,@USER arent u muslim clown,0,['Islam']
19866523_gab,nigger queers are the worst,1,"['Homosexual', 'African']"
1179075216066125824_twitter,@USER @USER ay this nigger here is givin out free money,0,"['African', 'None']"
25739189_gab,yes seen this before it shows how devious and really dishonest these fucking moslem shite are,1,['Islam']
13536543_gab,another moslem shooter,1,"['Hindu', 'Islam']"
1165342688700436480_twitter,@USER that shit be lit lmao them niggas online be wild tho,0,"['Men', 'African', 'None']"
6175208_gab,ricky vaughn uses his anonymity to say the words nigger and faggot without repercussions and so many people on gab love it lol,1,"['Homosexual', 'African']"
23331134_gab,al iaquinta remember this name this ravioli nigglet is winning this belt,1,['African']
1179041480666693632_twitter,@USER @USER @USER lol false the holocaust was legal nationally slavery was legal until it was shown to be illegal all the while it was wrong though do not you agree that slavery is wrong objectively,0,"['Jewish', 'None']"
1188270654392545280_twitter,yall wanna be niggers but dont wanna be niggers at the wrong time,1,['African']
27200285_gab,big braineded nibbas have culture of critique i have meatballs all the jew tropes you ever need ultimate kike shit on display <number> iq rekt,1,['Jewish']
22192894_gab,terry a davis is insane but somewhere somebody killed a cia nigger with his car on <date>,1,['African']
1126143085652500481_twitter,my period is stopping me from being the muslim i wanted to be,0,['Islam']
21627337_gab,no bro this is ooga booga yikes this mongrel looks like a predator alien fucked a nigger that fucked whoopi goldberg that fucked one of those little monkey critters on star wars,1,['African']
9535148_gab,bill clinton turned the dnc into china painted whore in <number> if you remember china heavily funded bill clinton campaign these illegal gook funds were glibly dismissed with an assurance that they would not affect policy and a compliant media who promised not to press the matter,1,"['Asian', 'None']"
23533025_gab,there were not but <number> kikes that left europe during the war per the european jewish congress in <number> no one is sure if they died or left the <number> gorillion is another kike lie,1,['Jewish']
1177971373035139076_twitter,@USER this is not funny i am lactating samantha i need you to film it or else ching chong woman will drown in auntie tit milk,1,['Asian']
13335879_gab,murray is a soft spoken middle of the road pozzed cuck who wrote one book about a large topic that had one single chapter covering the depth of nigger stupidity as probable by hard numbers one chapter and he been considered grand wizard of kk by left ever since,1,['African']
14018754_gab,yes it does at our offices we do not do business with muslim cockroaches,1,['Islam']
1269831703801016322_twitter,remember the jews killed jesus n if you don ’ t watch ya back they will kill you too,1,['Jewish']
24002178_gab,a yid and a jock go for a meal in a very expensive restaurant when the bill comes the jock says i will pay next day headlines jewish ventriloquist found beaten to death,0,"['Jewish', 'Other', 'None']"
1232954013533884418_twitter,@USER 😂 you gotta have a little ghetto love it,0,"['African', 'None']"
1178514233085984768_twitter,@USER @USER is not chad one of those shithole countries tromp talked about 🤔,1,"['Caucasian', 'Other', 'None', 'Minority']"
1179077233018847233_twitter,i know the white bitch is going to jail cuz she a woman but still lmaoo good riddance hoe,0,"['Women', 'Caucasian', 'None']"
13730242_gab,nothing is more cringy than a nigger in a flashy suit,1,['African']
10965784_gab,iow you have no real point you retarded yid bastard,1,"['Jewish', 'Other']"
13567394_gab,this coons constituents voted for her just to get her out of their district they were embarrassed by her so they took out the trash,1,"['Women', 'African']"
1177903406465212417_twitter,niggas is fucking pussy whole dick riding bitches do not come around here with that faggot shit you peon,1,"['Women', 'Homosexual', 'African']"
1264174663493537795_twitter,@USER @USER bs then all johnson and olafsson are jews or maybe some jews infiltrated by adopting local names,0,"['Jewish', 'Other']"
12636494_gab,refugees are the army that the no balls jews use against all gentiles its state sponsored terrorism time to revolt or die like a woman,1,"['Jewish', 'Women', 'Refugee']"
1178888618460491776_twitter,@USER fuck these niggers up,1,['African']
8812629_gab,cutting edge spic internet bantz,1,"['Minority', 'Heterosexual', 'None', 'Men', 'Hispanic', 'Nonreligious', 'Refugee']"
25346126_gab,if that silver is not an ovenable rat faced kike i do not know what is,1,['Jewish']
22401639_gab,oshitma is a ghetto nigger,1,['African']
14995491_gab,hey @USER how about stormer women rally and take this nigger raping whore on if she ever again shows her face on gab @USER,1,"['Women', 'African', 'None']"
14973379_gab,how about nigger loving douchebag,1,['African']
8927382_gab,trump needs to fire that kike rod rosenstein he should have known you can not trust a jew,1,['Jewish']
1178991165670137856_twitter,@USER more good news a swede last name ends in son running in minnesota 5 th congr district against current radical towelhead who has had the seat bet the farm,1,['Arab']
22203969_gab,i do not have a problem with this the beaners are always shooting and throwing rocks at bp agents from spicland fuck off beaners build the fucking wall trump,1,"['Hispanic', 'Refugee']"
13405539_gab,or velcro headed shit skin darkies 🤔,1,"['African', 'Other']"
24455415_gab,pennies kick flippin in a garbage can will not be heard when the coons are dropping like pig slop at a slaughter house,1,['African']
13075034_gab,jim daughty at the croton gazette is a nigger lover dickens sneezed a lot,1,['African']
19223314_gab,a lot of faggots out tonight fuck it like a shitskin pride march,1,"['Men', 'Asian', 'Homosexual', 'Other']"
19841818_gab,waned i do not know why you would want to watch that nigger bullshit in the first place,1,['African']
18119321_gab,enjoy being a childless nigger fucker,1,['African']
1200675769845813249_twitter,@USER all muslims are terrorists,1,['Islam']
20213902_gab,how would issues even be brought up to vote for in that system some kike will push drug legalization or gay marriage or something,1,['Jewish']
16487965_gab,that the founders owned slaves mostly negro is a historical fact not a liberal confabulation liberals have a pretty accurate view of american history it their moral response that is the problem,0,"['African', 'Other', 'None']"
1179104577179791360_twitter,@USER andrew johnson impeached failed send every negro back to africa beat as worst president by trump go back places from which they came read jesus turned serapis sermon on the black christ lulu thomas jefferson pimped skydog and the aunt jamama bomb lulu,0,"['African', 'None', 'Refugee']"
20293120_gab,deport all non whiets revoke citizenship protip jews arent white,1,"['Jewish', 'Refugee']"
1178382775482638337_twitter,if kyrie irving nigger ass thinks he getting a warm welcome in boston he can forget it,1,"['African', 'None']"
1201413828933758978_twitter,@USER d islamexplorer bro 😂,0,"['Islam', 'None']"
1105676839458992129_twitter,this game full of fake niggas dick riders clout chasers niggas gon ride yo wave till it no more beneficial for them,0,"['Men', 'African', 'None']"
19134180_gab,or perhaps you just wait until the nigglet is older to be a real thug make a crime and go to jail and there he meets dad in the neighbour cell,1,['African']
1124072347944804354_twitter,a muslim who plants a tree or sows a field from which man birds and animals can eat is committing an act of charity ” muslim,0,['Islam']
15353029_gab,oh snap do not they also have a large muzzie population there,1,['Islam']
23675696_gab,fuck no nigger i was never that fat highest i ever was was <number> bmi this bitch is like <number> pounds,1,"['African', 'None']"
18425904_gab,thirteen year olds dont seig heil sand nigger in a vacuum lolololol,1,['Arab']
5924980_gab,say whatever you want about obama real journalism shows jihadi massacres of dozens of people happen regularly the fact they so rarely happen in america is a credit to extremely effective self defense by our american friends and other allies i raise a glass of non alcoholic bubbly water to them,0,"['Islam', 'Other']"
15788400_gab,trump during the election i will put clinton in jail trump after the election got all franken magafags yes huge success me you missed the fucking mark also when you going to deport the fucking illegals and halt immigration you kike owned bastard,1,"['Jewish', 'Refugee']"
2814654_gab,aleppo let the arabs sort it out if they are not bothered why should i be,0,['Arab']
24665773_gab,amy loves to guzzle down nigger cum,1,"['Women', 'African']"
16127560_gab,what a fucking nigger lol,1,['African']
1178806702700933121_twitter,@USER @USER check out the hook nose on flake,1,"['Jewish', 'None']"
25768014_gab,you really really really @USER do not like indians every fucking day you just post ugly indian women nonstop we fucking get it indians are ugly like omg stfu with these ugly fucking indians,1,"['Asian', 'Other', 'None']"
1179083192864776192_twitter,i watched white boy rick for the first time last night and dat shit was hard lol fuck da feds,0,"['Caucasian', 'None']"
1178303521592135680_twitter,you all want comedians to keep their edge and stay unfiltered because you all are not the demographic they are talking shit about it just the lgbt community if a white comedian was calling you all monkeys and niggers you all would have a fit cut it out,0,"['African', 'None']"
24358018_gab,make amuriker kike again and again and again and,1,['Jewish']
16502013_gab,real niggers would be way worse pit bulls are only prone to violence they do not steal all of your stuff and butt rape you like actual niggers do when it comes to pit bulls i just think they need some stricter regulations on their ownership,1,['African']
12595119_gab,hahahaha cops changing tactics in the ghetto,0,"['Women', 'Men', 'African', 'None']"
1178898010119561216_twitter,niggers whom st release seminal fluid,1,['African']
1252609725826347008_twitter,@USER sweetheart this is beautiful i wanna be part of cool asians so bad 🥺,0,['Asian']
1226293601384034304_twitter,being a gay asian is so hard like even most gay asians don ’ t wanna date another asian,0,"['Asian', 'Homosexual', 'None']"
1179481919031001090_twitter,kirishima best boy president of the respecting women club top <number> feminists of all time defender of lesbians sweet baby kirishima,0,"['Women', 'Arab', 'None']"
1178781894856577025_twitter,know turns out she not racist neither so to all you niggers out there get all excited she sucks dick you hardly e dr get that without niggers in presence,1,['African']
1178790620896354310_twitter,how the fuck did that nigger secured this my head is so hot,1,['African']
3445211_gab,@USER he is a commie muzzy white hating cunt who is at war with america hang him for treason,1,['Islam']
2634434_gab,roof said the killing of trayvon martin was a turning point in his life martin a nigger criminal was killed by neighborhood watch volunteer george zimmerman in <number> zimmerman was acquitted in the shooting roof said he started researching black crime against whites on the internet,1,['African']
1230750036817932289_twitter,@USER it ’ sad muslims can ’ t follow their religion in peace without anyone doing something,0,"['Islam', 'None']"
25245711_gab,how your kike d c op going today shmule,1,['Jewish']
1179057865899696128_twitter,@USER @USER @USER ban the scuzzy muzzy,0,"['Islam', 'None']"
8522959_gab,more like they would love to sit in endless meetings without doing any real work okay when did you stop being gay please purple haired niggerette charge nurses would never have morning report end if it was an option murse,1,"['Women', 'African', 'Other']"
9725665_gab,stop kissing jews ass like a bitch and make america great finally deletethejew,1,['Jewish']
1178819413287546884_twitter,im only playing tabletops with niggers from now on,0,"['African', 'None']"
21156880_gab,naacp is not actually for niggers naacp helped abort more nigger babies than any org,1,['African']
6219830_gab,man somebody is getting nasty i listened to a clip on twitter of that muzzie zaweed on cnn have a meltdown and it attacked my machine made it emitting screeching buzz and freeze i had to shut it off,1,['Islam']
1179071808127094786_twitter,@USER pakistan bangladesh are muslim majority nations both persecute their minorities brutally so it is important that india give shelter to hindus sikhs jains buddhists christians from these nations wth is muslim refugees pak bd are killing muslims too,0,"['Islam', 'Refugee', 'None']"
15681638_gab,i guess there are enough token niglets at the wedding,1,['African']
21713275_gab,omg this is how to deal with the faggots and immigrants from lesbia so fucking funny crowder is a genius,1,"['Homosexual', 'Men', 'Hispanic', 'Refugee', 'Women']"
8054851_gab,end muslim immigration to western countries now end visa programs from islamic nations and impeach liberal activist judges who cry unconstitutional the constitution is for americans defendourdaughters wakeupamerica speakfreely,1,"['Islam', 'Refugee']"
12995941_gab,getting angry at blacks is like getting angry at retards for being retarded,1,"['African', 'Other']"
26432575_gab,he rattled a kike,1,['Jewish']
25666114_gab,nigger lovers end up knocked up or beat up,1,['African']
14419869_gab,<number> sticks and stones may break my bones but names will never hurt me <number> wah not my president i am triggered you are a rayciss xenophobe homophobe islamophobe biggoted cisgendered white male i need a safe space to crawl off to and be a big pussy in,0,"['Caucasian', 'None', 'Men', 'Other', 'Women']"
25637354_gab,joy reid the token nigger used by msnbc to stupid to realize it,1,['African']
1178858224658911232_twitter,@USER shes a bum n a world renown racist shes on par with farankhan n rev jeremiah wright michelle had non stop criticism for cops white christian repubs jews israel our military i support israel <percent> they r our allies in the middle east m obama soiled white house w her rhetoric,0,"['Jewish', 'None']"
11958001_gab,people who lose their shit about some youtube gamer saying nigger are faggot nerds who should be sterilized,1,"['Homosexual', 'African']"
9206705_gab,hm gonna go out on a limb and say this is a loser gay subhumam muzzie before i read this article,1,"['Islam', 'Homosexual']"
12475012_gab,free weev we need another ruby ridge torba is a faggot kike,1,"['Jewish', 'Homosexual']"
17409203_gab,according to explosive new revelations in wolff new book trump reportedly smacked a female white house staffer on the ass and said i am that gorilla dick nigga i make dyke pussy wet you got about ten seconds to show me that hole cuz this gorilla dick daddy is hungry,1,"['Women', 'Homosexual', 'African']"
4863432_gab,i will not be watching the superbowl let alone lady spiritcooking gaga halftime show the sportsball industry has turned into an sjw hatefest against the white working and middle classes that made them rich,0,"['Caucasian', 'None']"
26863830_gab,car pulled out and rear ended that bus and pissed of that nigger on the bike,1,"['African', 'Minority']"
18779273_gab,@USER ‍ he did not leave me he just took a holiday with esmerelda the greasy spic maid,1,['Hispanic']
10611120_gab,op is a stupid nigger incapable of learning to archive,1,['African']
17177231_gab,bullshit it amazes me how far kike shills will go to defend that trash,1,['Jewish']
27721083_gab,so five beaners will not be collecting welfare,1,['Hispanic']
25925813_gab,i have not once used a single kike source for anything the fact that you automatically assume that anybody who disagrees with herodotus is a kike says something about you i am merely referring to german historians who had disproven herodotus accounts by the mid 1 6 0 0,1,"['Jewish', 'Homosexual']"
1179091556013428737_twitter,wow do not all speak at once niggers,1,['African']
23664868_gab,no fuck you kike im glab the holocaust happened,1,['Jewish']
20110849_gab,breitbart is kike orientated fake news team trump,1,['Jewish']
26298011_gab,im just gonna say it nigger,1,['African']
1178669378700812294_twitter,@USER where your ravens stuff trash ass niggers,1,['African']
17057680_gab,i did not see the choice of beaners pretending to be republicans,1,['Hispanic']
19987718_gab,would not call myself a vargonite but that nigger is more truth than anything you will ever be,1,['African']
15745855_gab,listen to me you fuck there is only one way you can say you are redpilled on women and that after you have created a family with one the sandnigger alien standards are those of a subhuman organism,1,"['Women', 'Arab']"
1178649567610511362_twitter,@USER @USER that india one day ll be a muslim country again and muslims ll occupy india and yes we ll give rights to minorities do not worry we ll make india as a muslim country one day,0,"['Islam', 'None']"
15824095_gab,@USER called it hours ago and this kike rat would not reply to my calling him out either part time shit tier jidf making some extra shekels lol they are not sending their best yet,1,['Jewish']
13329120_gab,that sarah press @USER the resident wannabe high brow kikess,1,['Jewish']
22384312_gab,my intuition is that ricky is not white which is why he has not posted his face or even done a dna test explains his devotion to trump and civnat as well,0,"['Women', 'Men', 'Caucasian', 'None']"
1178864245007511553_twitter,nigga would not rob me if i gave em a gun,0,"['African', 'None']"
1100389613074558976_twitter,@USER not low class they enjoy to get fucked by muslims,1,['Islam']
1177816917152862208_twitter,@USER srj scared them with his towelhead,0,"['Arab', 'None']"
6943668_gab,the bbc spent more time on allowing the words of the solicitor for the chinaman than those of assad preferring to fake the news with their interpretation of what he said their prejudice is showing,0,"['Asian', 'Other', 'None']"
13064853_gab,how your physics @USER i am trying to put a discussion group together to discuss transcending kike science @USER how about it,1,['Jewish']
1967858_gab,i find when i tell liberals about what is happening in europe with refugees and islamic invasion and how women girls m as well as young boys gays lgbt and everyone native in that country are being assaulted raped and abused it is very effective at turning liberals red trump pizzagate,1,['Islam']
1178513271583850497_twitter,south african white people are some of the worst white people out there,1,"['Caucasian', 'Other']"
23290934_gab,hell yeah proof that the anti q trolls here are fake alt right kike dick suckers,1,"['Jewish', 'Homosexual']"
1185035562526396416_twitter,@USER @USER are yall niggas retarded,1,['African']
24295701_gab,uhm niggers will always have ghettos check out africa the dankest ghetto in the world,1,"['Women', 'Men', 'African']"
15397543_gab,this co ordinated attack on the white patriarchy is fundamental to replacing white men with women and minorities fewer whites males in power and in the media makes it easier for the power structure to behave inimically to the white population and dismantle america as we know knew it,0,"['Women', 'African', 'None']"
1163092364887494656_twitter,@USER @USER given muslims in ireland go back about <number> years i wont worry,0,['Islam']
1211444261935288320_twitter,im literally not a zionist but dear lord how hard is it to just recognize that people just genuinely despise jews,0,"['Jewish', 'None']"
23300157_gab,life under nigger <number> iq rule,1,"['African', 'None']"
13028314_gab,the choice facing western women is not the burka or the brothel but the clitorectomy or the cloister whitesharia,1,"['Women', 'Islam']"
12370283_gab,holy crap @USER on twitter is nigger meme central look at this gem from trump un speech,1,['African']
14949935_gab,podhoretz is kike trash that needs a horrific reckoning,1,['Jewish']
18221064_gab,lol i like it name the sportball jigaboo that was busted at an airport with a wizinator,1,['African']
7559905_gab,the government should have sought leave to file the list of unindicted co conspirators under seal cair co conspirator in case against largest muslim charity called holy land foundation convicted of funding hamas with charitable gifts they wanted it secret and they got it secret with obama,0,"['Islam', 'Other']"
25240113_gab,what a <number> faced nigger run state you go to jail for running over a fucking turtle in md,1,['African']
27902074_gab,nobody who knows jews likes jews even jews hate jews,1,['Jewish']
3418902_gab,@USER that explains why you do not have a problem with white genocide you are not white you are a kike that hates european whites fuck off,1,['Jewish']
20332357_gab,billy graham an amiable recycled kike salesman who withheld the most significant thing he knew from his assemblies of dunces,1,"['Jewish', 'Minority']"
27789001_gab,oh the nigger who was shot made the white kid lynching video perfect,1,['African']
11346049_gab,so <number> mil whites did not suffer even though they were enslaved and treated in the most barbaric inhumane ways imaginable are you retarded or something using your logic then blacks did not ultimately end up suffering because the black warlords who sold other blacks <number> jews profited handsomely,1,"['African', 'Other']"
26411273_gab,white genocide sometimes it subtle saw this at home depot today personally i think the nigger stink would be enough to keep the bugs away,1,['African']
1246653239535104005_twitter,@USER do not treat them jihadi arrest them and shoot them,1,['Islam']
1190497758517637125_twitter,@USER she literally muslim,0,"['Islam', 'Other']"
25545019_gab,another fucking muslim lie death to any muslim who goes near a white woman,1,"['Women', 'Islam']"
16074606_gab,with a high purchasing currency youth could buy more stuff find a girlfriend buy a house and keep the economy going jews will put all humanity in deathcamps and slave factories if humnaity doesnt unite agains the jews and their racism against all mankind,1,['Jewish']
11140888_gab,he said kike,1,['Jewish']
22293953_gab,@USER ‍ rc maxwell hi everyone i am a gay nigger who is above the degeneracy of the strawman of cantwell i have prepared for you now lets talk about ok cupid posts because as a nigger muh dick iq only can go so far in an intelligent discussion,1,"['Homosexual', 'African']"
1179077779146629120_twitter,@USER its derogatory like if a white person called every blacc female shaniqua just cause they blacc 🤷 🏽 ‍ ♂️,0,"['African', 'None']"
22331692_gab,imagine unironically believing the high iq kike meme,1,['Jewish']
1187999652009762817_twitter,so are blacks still <number> of this country ❓ if you watch any media they are <number> 💩 🤷 🏽 ‍ ♀ ️ wtf who watches this bullshit ❓ ❌ ❌ ❌ ❌ 🤬,1,['African']
1179098148310044672_twitter,niggers are so embarrassing,1,['African']
19112164_gab,fuck her she nothing but a kike that will play which ever side that will get her paid,1,['Jewish']
17725589_gab,did you see a sign outside my house that said dead nigger storage,1,['African']
25331138_gab,yes world need another zhid holocaust this time not <number> million but <number> that infecting countries,1,['Jewish']
14099325_gab,maybe a blood nigger will put a bullet in his head,1,"['Nonreligious', 'African', 'Other', 'Minority']"
27000152_gab,gay moslem march,1,"['Islam', 'Homosexual']"
12758693_gab,i mean i consider myself white and greek and polish and jewish just explaining that guy tweet i think my opinion is what most jews believe although i guess i can not be <number> positive,0,['Jewish']
1178196619159670784_twitter,before anyone passes judgement i wanna let it be known that im <percent> trailer trash,0,"['Caucasian', 'None', 'Minority']"
5693900_gab,if its all about optics and given few are as aware as ever with white cloth association with the 1 9 th than what did that sea of seated stone faced silence draped in kk ownership white convey as the soaring american rhetoric filled the chamber,1,"['African', 'None']"
27790124_gab,it is impossible to raise the nigger to the cultural civilzed level of the white this race is genetically inferior animal that will always remain at best second rate,1,['African']
25813947_gab,another low for the new york daily news promoting dishonest claim that trump called immigrants animals bit ly fakenews 2 ivacnl maga maga2018 tcot nodaca nodreamers noamnesty nochainimmigration buildthewall actually trump insulted animals by comparing them to ms <number>,0,"['Women', 'Men', 'Hispanic', 'None']"
17018343_gab,i often wondered if the kike psycho tortured and brain washed him while he was incarcerated,1,['Jewish']
27392710_gab,my wife and i agree <percent> let mother nature cull the nigger herd,1,['African']
1179103428745875459_twitter,there now i tweeted squaw and nigger <number> times oh my lord shoot the squaw,1,"['Women', 'African', 'Other', 'Indigenous']"
27057892_gab,i will never ever fight in any war for the benifit of islam or muslims i will not spill my blood for people that want to kill me and my way of life i dont care who there fighting or where or why,1,['Islam']
13851720_gab,laura loomer raped me while screaming at me in her disgusting kike language and said we must exterminate the goyim laura loomer loomergate,1,['Jewish']
25922772_gab,so it appears that being the younger royal lizard bro beds you a <number> <number> mudslime these days what a ripoff,1,['Islam']
18052581_gab,i hope president trump fills their seats with the families of those murdered by illegal aliens black folks are not going to be happy when they realize it their liberal and nigger leaders celebrities who been fucking them not whitey,1,['African']
1166889472509861888_twitter,the most ghetto shit i did was post my relationship status and a couples picture <number> years ago on facebook,0,"['African', 'None']"
1178819176858824704_twitter,alls my life i has to fight nigga,0,"['Men', 'African', 'None']"
13987009_gab,♫ after debris settles and the dust gets swept off young hwytes pick up where big a had left off right when kike magazines wrote the west off we used the internet for something better than to jack off ♫,1,"['Jewish', 'Other']"
1178321642650587137_twitter,@USER people like you are supposed to be in the streets protesting and fighting for your rights coward wignats dindu nuffin ever except cry,1,"['African', 'None']"
17511834_gab,you will not see one nigger all day until you walk into the local kfc so much for chicken strips,1,['African']
27797993_gab,jews created communism <number> million stupid morons voted for the commie kike sanders,1,['Jewish']
13770224_gab,i wonder when it ll finally come out that tony has niglet grandkids or gay sons,1,"['Homosexual', 'African']"
20705631_gab,better to kill the kike first,1,['Jewish']
25778815_gab,they were niglet babies i am not saying it is not awful but it pretty much normal behavior for ghetto monkeys,1,['African']
25427359_gab,some inbred schizoid kike told me that putin and erdogan started isis lol,1,['Jewish']
7604214_gab,this fuckin asshat tried to hook me last night with his flat earth jews holocaust commie nonsense i told him what i thought of him and muted his stupid ass fuck flatearth dipshits,1,"['Jewish', 'Men', 'Women']"
23408683_gab,invisible white guy fed up of getting only <number> of my pay check to pay for left wing fantasies,0,"['Caucasian', 'None']"
20220982_gab,sadiq khan a nasty paki muslim said this is part and parcel of life in london and wants all non muslims out of london so he can bring in <number> million more muslims <number> fucked up mps are all for it know thy enemy,1,['Islam']
21254500_gab,well gabfam it thursday thank the gods of course it cold wet grey gloomy and shitty but meh that oh for you have a great day remember make the world a better place shoot a kike in the face,1,"['Jewish', 'None']"
8649789_gab,someone should break a bat over that queer nigger head,1,"['Homosexual', 'African']"
15853621_gab,i fucking hate jews,1,['Jewish']
17565003_gab,america is not going to elect a marxist negress to be president sorry,1,"['Women', 'African', 'None']"
16894741_gab,does not islam in western countries use a similar process,0,"['Islam', 'None']"
13846820_gab,i would love to see someone bitch slap that smug grin off that nigger faggot face,1,"['Homosexual', 'Minority', 'African', 'Nonreligious', 'Other']"
23467735_gab,pro white married to a wetback he the best there is eat a fucking tide pod,1,['Hispanic']
22726083_gab,laura ingraham is a dumb bitch fuck her she cucked twice once on that nigger faggot basketball player now this managed controlled punk,1,"['Women', 'Homosexual', 'African']"
17071040_gab,i sverige är det muslimer som begår de flesta grova brott allt enligt anonyma poliser @USER och @USER vet sanningen men de tror att folket är så dumma att vi fattar nada fuck islam,1,"['Islam', 'Other']"
1820844_gab,@USER nigger dyke,0,"['Women', 'Homosexual', 'African', 'None']"
14419055_gab,we sent <number> of our american sons to their death on omaha beach we can not take this fucking soros piece of shit out what is wrong with us when did we become chicken shit white liberal feminist queer nigger assholes,1,"['Women', 'Homosexual', 'African', 'Other']"
1182982995998924801_twitter,i ’ m protected by these ghetto angels,0,"['African', 'None']"
22171054_gab,holy fucking shit just heard from a very reliable source that matthew heimbach is qanon this nigga has been playing <number> d <number> hole chess against everyone thegreatawakening qanon wearethestorm qbomber trusttheplan,1,"['African', 'Other', 'None']"
13280748_gab,they are planting evidence suggesting that europe was moslem land to make moslems feel more entitled and the native europeans feel more guilty therefore easier to submit and surrender to islam it psychological warfare,0,"['Islam', 'None']"
1273356661839798273_twitter,@USER muslims just simply should not be in the world,1,['Islam']
22360274_gab,better do something quick muzzies do not breed like rabbits they breed like cockroaches,1,['Islam']
13796553_gab,so explain why it the only aspect of history that is protected by laws in europe people go to jail for questioning any aspect of the holocaust,0,['Jewish']
1143485406723182592_twitter,@USER mathuras lassi vendors family also does not have someone to look after them he was killed by muslim mob,0,['Islam']
27241910_gab,the catboi spic cries out in pain as he strikes you,1,"['Hispanic', 'Homosexual']"
9251318_gab,yeah justin icymi muslims toss queers off of tall buildings or hang them i guess it all depends on how they feel at the time,0,"['Islam', 'Homosexual', 'None']"
21073982_gab,deport an illegal and one ghetto black for every south african brought to the u.s.,1,"['African', 'Refugee']"
14045364_gab,i have no doubt that some stupid judge in hawaii or california will try to block presidenttrump reasonable request for more extreme vetting of immigrants from terrorist countries,0,"['Islam', 'Refugee', 'None']"
1178382366080950276_twitter,man i hate niggers,1,"['African', 'Nonreligious', 'Minority']"
27493631_gab,to much same sex semen gulping mohammedans stone queers to death mohammedans throw queers off tall building queers are so ignorant that they want to fly like superman,1,"['Homosexual', 'Islam']"
1165438746663280640_twitter,dont get me wrong their are some good wons out there or decent this is what this nigger is doing fuckin garbage,1,"['African', 'None']"
1750303_gab,@USER calling someone a nigger is probably the douchebag equivalent of a down vote in the real world if you can not handle the downvotes maybe you should not use the word do not be afraid to speak freely when other people will not like it i am like <number> something,1,['African']
15479823_gab,those women hate themselves but they hate straight white trump maga men even more they hate them more because they could not attract and get one therefore the self harm body piercings etc,1,"['Women', 'Caucasian']"
15968656_gab,i have got <number> more days to go on a twitter ban for pointing out that the word nigger describes an attitude and not a person that there are a great number of wonderful black people who are not defined by the term,1,['African']
16826380_gab,why do you think the nigger loving kardashians got so famous i am sure no white girls got the idea of fucking mud monkeys was kewl,1,['African']
13285441_gab,there a kike around every corner a false friend around every bend,1,['Jewish']
1178702446039830528_twitter,i do not know why the word nigger still bothers people i think the word is funny asf 😭 white people feel so powerful saying it 🤣 🤣,0,"['African', 'None']"
21713356_gab,no im waiting til i get bored shooting niggers in gta5 til i buy any new games 🤔,1,['African']
1166423296595787776_twitter,@USER @USER lmao clueless marxists who think jews never convert to christianity total brainlets,0,"['Jewish', 'Christian', 'Other', 'None']"
21549746_gab,when we go to war with russia i do hope they wont shoot any of our moslem soldiers while their having their prayer breaks probably best not to start the war during ramadan either innit,1,"['Islam', 'None']"
1179048319496151040_twitter,@USER deniro is such white trash • truly •,0,"['Caucasian', 'None']"
1179051384651440129_twitter,biggest regret in life is not listening to esacpe while chugging piña coladas in hawaii and if that does not say white trash idk what does i hate myself thanks,0,"['Caucasian', 'None']"
1106460842948595714_twitter,i stand with the muslim community 💛,0,"['Islam', 'None']"
21603448_gab,you lying nigger the kk did no such thing to your fam the niggers that got lynched were those who raped robbed and attempted to kill whites they were lynched or otherwise for damn good reason gtfo with your pappy bullshit you need to go back to africa,1,['African']
2960160_gab,@USER someone needs to get that message to ghetto michelle,1,"['African', 'None']"
1179055578141863936_twitter,quit commenting on unnecessary shit that so bothersome i make so many tweets that solicit comments that wasn t one bye niggers,1,['African']
13808763_gab,canada on track several years later to resettle a mere <number> people that are actual refugee material after tens of thousands of moslem migrants were brought in,1,"['Islam', 'Refugee', 'None']"
16926021_gab,you are going to die alone surrounded by shitskin nurses who steal your pain medicine it what you deserve boomer nigger,1,"['African', 'Other', 'Economic']"
1178677159382179840_twitter,queer eye is literally palatable faggotry for straight people dont me,1,"['Homosexual', 'Minority', 'Caucasian', 'Men', 'Nonreligious', 'Women', 'Indigenous']"
11625030_gab,you hate the rothschilds and the pedo bolsheviks following the disturbing teaching of the talmud i understand that better i agree with that but constantly asking for the genocide of all the jews is extremely dumb even more so if you do it using the awful reputation of socialist hitler,0,"['Jewish', 'None']"
14175177_gab,precisely nazi armbands are catnip to libs because as symbols they permit easy pigeonholing of the wearer and cartoonish amplification of any threat he presents in contrast iotbw is using shitlibs psy ops weaponry against them i love it,0,"['Women', 'Men', 'Jewish', 'None']"
1179127704978956289_twitter,eww can ’ t believe i use to be geeked over this nigga,0,['African']
25821391_gab,a shaming campaign for homeowners who use beaner labor is in order,1,"['Minority', 'Hispanic', 'Refugee']"
1170830037878104066_twitter,chinazi this is china this is hong kong today,0,"['Asian', 'Other']"
1125142994368323587_twitter,ramadan kareem to you all both muslims and non muslims may this month brings peace happiness and brings people together,0,"['Islam', 'None']"
1178346529368600577_twitter,@USER @USER @USER @USER @USER @USER you do not think it hateful to call someone a towel head or a sand n word you do not get it,0,"['Arab', 'None']"
20318223_gab,the heeb fears the muramasa,0,"['Jewish', 'None']"
1206920138441801728_twitter,@USER a muslim mp is being disciplined to act only as muslim representative and then ppl question why bjp does not give them enough ticket,0,['Islam']
1179073674332266496_twitter,fuck what you niggers are talking about,1,['African']
1221076528949272579_twitter,“ y ’ all got everybody infiltrating negroes ” nicki minaj,0,['African']
12734812_gab,my great great granddaddy let his niggers play sports it called whichever nigger picks the most cotton today gets a piece of bacon in his bowl of grits tonight do the touchdown dance nigger,1,['African']
17399643_gab,i would not trust you to hold my beer while i save your family from the shitskin hordes i am certainly not going to trust your properly educated empty of independent thought mind to refute what is plainly visible,1,"['Women', 'Men', 'African', 'None']"
20721186_gab,always thought it astounding no policing agency dares do this to the <number> armed muslim compounds all over the country,1,['Islam']
19237162_gab,well the world was fucked up the day women and niggers got voting rights,1,"['Women', 'African']"
11787996_gab,just a reminder that whites were not the first slaveholders — it was the moslems the slavs were the first slaves during the moslem invasion of europe,1,"['Islam', 'None']"
1087114213099745281_twitter,plot twist this niggers been alive the whole time 🤨,1,"['African', 'None']"
12552691_gab,i am not a muslin so they probably think i am,0,"['Islam', 'None']"
1197965498647867392_twitter,i need to stop using all my high speed data before it resets not being able to see photos is so ghetto,0,"['African', 'Other', 'None']"
8041761_gab,i hope there a pig farm nearby or at least someone should bury some pig carcasses on where they are going to build those moslem structures,1,['Islam']
1143985405953564672_twitter,i wanna go back to miami and be niggerish,1,['African']
1080040209016709121_twitter,aa crazy rich asians and never been kissed for today,0,"['Asian', 'None']"
9832237_gab,i am part potato nigger so i am not welcome here anymore i have to go back,1,['African']
21246216_gab,kangs this is nigger culture,1,['African']
1178894690722054145_twitter,real street nigga ain t get nothing but some pain from it,0,"['Islam', 'None']"
17824595_gab,lmao i am no pump and dumper nor am i a kike but i definitely follow some kike stereotypes,0,"['Jewish', 'Other', 'None']"
10482092_gab,squadron leader gibson raf won a vc on the dam buster raid he had a labrador called nigger they told us not to call them that anymore so we called them gibson dog or gibson for short,1,"['African', 'None']"
1103849821599948801_twitter,starting to get tired of niggas,0,"['Men', 'African', 'None']"
27150859_gab,holy shit the ugly kike at the end,1,['Jewish']
24223593_gab,breathes in nigger nigger nigger nigger nigger,1,"['African', 'Minority']"
16935125_gab,it should be built on sand niggers and other savages buying our bombs to kill each other,1,['Arab']
14811469_gab,destroy this kike run organization and the jumping monkeys they own,1,['Jewish']
12118721_gab,my oriental compass is not perfect but i can pick out korean japs and chinese in a crowd of asians pretty well and you are right the long torso short legs is mostly a chinawoman thing and sometimes korean this is why btw koreans are great squatters pound for pound,0,"['Asian', 'None']"
1073224_gab,@USER sense pretending to be a muslim is like pretending to have down syndrome why the fuck would you do it fuckislam savecanada mcga maga,1,"['Islam', 'Other']"
13799524_gab,have you proven your gender yet nice profile pic by the way oh im a nigger too,1,['African']
15256439_gab,niggers kill <number> to <number> a yr the kk has some catching up to do it it wants to be worse than niggers are for niggers want to go nigger hunting muh man,1,['African']
1178876366189498368_twitter,zionism is the epitome of evil we must demand that the us congress ceases the funding of the atrocities committed by zionists against palestinians gazans lebanese any other muslim country or people iran will never bow to israel or saudi arabia the world will not either,0,"['Jewish', 'None']"
17271194_gab,lolz particularly relevant since nigger alex haley appropriated the story of roots from a white man to begin with i did an intensive research essay on the subject that ended up with my near suspension from university @USER,1,['African']
14804499_gab,well ya can not take the nigger out of the nigger but you can leave the black greasy motherfuckers in china,1,['African']
17846073_gab,lots of jews in the armed services as a veteran i never encountered a single one lots of blacks hispanics and poor whites but not a single kike,1,"['Jewish', 'Men', 'Women']"
15317623_gab,hey harry summat for you to learn niggers gonna nig,1,"['Women', 'Men', 'African', 'None']"
18990407_gab,more kike lies could not even find his body yet those cocksmokers tell us they have his fucking dna esad thank nature for the tay sachs,1,"['Jewish', 'Homosexual']"
1090673738545283074_twitter,i do not listen to niggershitbullshit,1,['African']
1178454688716460033_twitter,ugh all the niggers are back on campus,1,['African']
18532486_gab,i have no doubt rads would say i sound kike you,1,"['Jewish', 'None']"
19607225_gab,when i see a nigger bich i do not see a woman i see a turd wit a brillohaid,1,"['Women', 'African']"
23377953_gab,match <number> a nigger wins a championship match <number> a nigger wins the battle royal now <number> niggers are singing fuck this whole thing im gonna play gta5 fuck wrestlemania 😡,1,['African']
17501192_gab,his english periscope was awful apparently his chinese one was much better and had 1 6 m watching i do not speak gookanese though so be funny to see how this plays out with chink whales putting stops every <number>,1,"['Women', 'Asian', 'Other']"
22898862_gab,ugly commie bull dyke cunt,1,"['Women', 'Caucasian', 'Homosexual']"
12762394_gab,joke lizard people control the world look at this pic broke jews control the world and the lizard look is just how jews look woke jews control the world and are transforming into lizard people through concentrated sin sloke we are all lizards that were tricked into thinking we are apes,1,['Jewish']
1146143832574255104_twitter,@USER idk but i know the holocaust is some yellow head with a simple smiley on it,0,"['Jewish', 'Other']"
14962777_gab,if muzzies saw the volume of pork b products they use every day they would shit twinkies,1,['Islam']
13104688_gab,we need nigger control,1,['African']
1177986186989715457_twitter,@USER basically made a towelhead joke about punjabi ppl 😐,0,"['Arab', 'Other', 'None']"
26031285_gab,it funny how people offended by the word nigger have no problem calling people nazis what the difference,0,"['African', 'None']"
23588213_gab,yes because a name determines who is a kike and who is not obviously i am just as much a full blooded german as my great granduncle and namesake,1,['Jewish']
13441576_gab,whats a <number> year old nigger doing on campus,1,['African']
1170181103577182211_twitter,i am not obligated to date a broke nigga mfs try to make you feel bad for having standards,0,"['African', 'None']"
16612870_gab,honesty is the best policy unless you have a muzzy go off the rails just does not jive with social justice warriors snowglobe,1,"['Islam', 'None']"
15990140_gab,all high level bolsheviks were <percent> kosher the only russians involved were low level muscle golden rule if a kike says it it will almost always be a lie,1,['Jewish']
1178746746224156673_twitter,a chimney sweep came to our house today and thankfully i did not have to talk to him because overwize ah probly wooda took the mickey ow im wiv mouy limey dick van dyke cheerio guvnah,0,"['Caucasian', 'None']"
26580731_gab,meanwhile an entire company gets shutdown for diversity training because two coons decided to loiter and then refuse police orders to disperse that called privilege and blacks have it,1,['African']
19052532_gab,toody you liying nigger bitch you took my car,1,"['Women', 'African']"
22939105_gab,give the little nigglet a mudcookie,1,['African']
1178725414883205121_twitter,they do not wanna see a young nigga make it,0,"['Men', 'African', 'None']"
11542797_gab,there are not enough police and fire personnel in all of great britain to put out the fires crucifying a muzzie would ignite,1,['Islam']
23839232_gab,when will this obnoxious spic moron finally be deported he is raving like a lunatic,1,['Hispanic']
25428247_gab,the world is waking up to trump the kike scam,1,"['Jewish', 'Other']"
1179009626588745728_twitter,@USER @USER @USER sure numbers of the holocaust are probably inflated your religion is still bs,0,"['Jewish', 'None']"
25487169_gab,nigger noticed muh groid avoidance maneuver tonight lol as i walked all the way around my car to avoid passing him hoodies up white women shuffle aside,1,['African']
22513839_gab,dad should have told the muzrat whore to fuck off and went in anyway,1,"['Islam', 'Other']"
1179091525571141632_twitter,@USER lol niggers mess with operating systems dwg this ain t nothing,1,['African']
20084749_gab,he really meant to say jew not zionist every kike is the same there is no good lucifer worshiping satan kissing kike in this world,1,['Jewish']
26646364_gab,when jew judges jail for speech while letting white girls be raped learn from those who successfully resist jews,1,"['Jewish', 'Women']"
1177725810914013185_twitter,lmao i go to retweet greg photo and this nigger got me damn socks on how 😂 😂 😂 🥴 😂 😂 😂 😂,0,"['African', 'None']"
16355936_gab,america is supposed to be home to free speech except there is one problem most of the platforms are privately owned by jews and the jews could not care less about your free speech wake up white people the jews control what you see and hear be vigilant,1,"['Jewish', 'Men', 'Women']"
22853314_gab,just how many niggers has david duke defeated in a knife fight did heimbach show you all the bullet holes that niggers have put in him and have many times has spencer been ass raped by a nigger and no you can not count the times money was exchanged beforehand mpcstatusupdates,1,['African']
20186851_gab,nigel farage edward the 8 th the brits should crown nigel before nignog babies inherit the throne,1,"['African', 'None']"
25754066_gab,hey fellow white man never trust the jews,1,['Jewish']
21864663_gab,i was replying to moonman promotion of the chink thots bro,1,"['Women', 'Asian']"
24290896_gab,a nigger being randomly violent that totally without precedent,1,['African']
15263357_gab,when asked what prince phillip thought about harry and megan he answered i have no problem with this historically the royal family has always owned a nigger or two,1,['African']
25660109_gab,the <number> million jews killed hitler prove me wrong is my favorite troll on kike book right now,1,['Jewish']
8540805_gab,no she a ghettocrat slave bitch that needs to die,1,"['Women', 'African']"
21088573_gab,why would any white folk eat at a dirty coon shack anyway oh yea liberals fuck em charge em triple,0,"['African', 'None']"
1177527403884756995_twitter,drugs cash check it fuck with us gucci this nigger,1,"['African', 'Minority']"
3824773_gab,you are still part of the problem the more black people who succeed the less things like you describe will happen you refuse to encourage a mindful life and instead blame white people for the savage culture of the black ghetto you are perpetuating black stereotypes @USER,1,['African']
24761613_gab,our ruler have dumped muzzies in nashville probably for that reason spite,1,['Islam']
19055816_gab,we must secure the existence of our people and a future for white children before its too late,0,"['Caucasian', 'Other', 'None']"
1178794873031254016_twitter,these white maggots are obviously very angry and want to murder me because i am not socially emotionally and intellectually retarded like their children obviously are,1,"['Caucasian', 'Disability', 'Other']"
1178796675210592256_twitter,@USER like someone will say nigga to be cool bc it in song but they do not fuck w black ppl you piss them off and they are calling you a nigger it not the same,0,"['African', 'None']"
14686423_gab,get raped by a thousand niggers cunt you are not even wanted trash bitch,1,"['Women', 'Men', 'African']"
26502494_gab,these nigger biches look like aunt jemima,1,"['Women', 'African']"
1178860135747379200_twitter,vcu got a bunch of potential blacked stars niggers massive out there,0,"['African', 'None']"
27454163_gab,lol the blacks in las vegas have seem to adopted our culture it seem i wonder if they will adopted our calm nature and no more ghetto culture we shall see stay tuned folks,1,['African']
14605009_gab,if that ambulance chasing kike feminist cunt gloria allred is involved in a case you know itz jewshit,1,"['Women', 'Jewish']"
19843612_gab,fla shooting please dear god let it be a white ginger who snapped from being abandoned and trapped in monkey and carrabian nigger hell,1,['African']
24461256_gab,this sperging alt right retard accused me of being a subversive jew now he is claiming that i am sarcuck the fuckwad i wish i was making something like that up where it makes whites look bad but i am not,1,"['Jewish', 'Other']"
8036831_gab,yeah probably sunni but i do not care what flavor moslem they are get all the moslem invaders the fuck outta western countries,1,['Islam']
13613624_gab,i hate niggers so much that if i saw a newborn nigger drowning in a mud puddle i would not even kick the little parasite out,1,['African']
1231787573397409792_twitter,@USER its in malaysia and indonesia too are all of those islam ke dushman,0,"['Islam', 'None']"
1178645475752370176_twitter,i raped the jews because it diddled sarah palin,1,['Jewish']
10104838_gab,many police policies were aimed at the inner city nigger problem basically they figured just jail an entire population nature adapts one man had to father many children and since it could never be plausible to find a good enough job to pay for them all different tactics were employed,1,"['African', 'None']"
13110414_gab,the boomer toughguy became my object of general loathing after observing one on a train casually interacting with a sulking sheboon and going out of his way to call her ma am one obsequious instance after another,1,"['Women', 'African']"
16738176_gab,i am done for know i will get the name of what this part of the war is called please just look closely at everything i promise you will find muscum in the middle of everything happening,0,"['Islam', 'None']"
20780732_gab,maybe trump will care about his supporters when he done sucking kike cock too bad there no end in sight,1,"['Jewish', 'Men', 'None']"
1632755_gab,i wonder how long until they can get the nigger stink out of the white house,1,['African']
14943687_gab,net neutrality was always a kike power move cernovich can eat a dick,1,['Jewish']
27078787_gab,lmfao are you actually this goofy i get the feeling you are either a nigger or a female i am going to have to throw in a noogie,1,"['Women', 'African']"
27402153_gab,time for realjustice bcuz islam is a cancer on humanity that needs to be eradicated not enabled purge deport crusade white europeans have to get their mojo back fireuptheovens,1,['Islam']
1179071257804988416_twitter,@USER i just do not think you know how the justice system works is this a white person thing,0,"['Caucasian', 'None']"
25934380_gab,nope not even remotely interested in kike religion,1,['Jewish']
21093492_gab,some chick called me ghetto last night i laughed because i am addicted to tha bukowski low life,0,"['Women', 'African', 'None']"
22670484_gab,whites has souls when u enslaved people broke up families raped women in front of their husbands slaughtered native americans killed children lynhed people in public squares and watched it like a movie that called having a soul lmao,0,"['Caucasian', 'None']"
14569054_gab,why categorize all jews as villains such sweeping generalization and racism is why any legitimate arguments against rothschild zionists becomes diluted remember not all jews are zionists and definitely not rothschild zionists,0,"['Jewish', 'None']"
13756324_gab,ali became a mudslime to avoid the draft ask his offspring on twatter a few times if daddy ensured her genitals were mutilated in accordance with mudslime law and why no burqua was worn but received no answer,1,"['Islam', 'Other']"
1105346902906683394_twitter,i do not fuck with niggers little boy,1,['African']
1195064281814970371_twitter,@USER muslim migrants storming sweden for welfare,0,"['Islam', 'Refugee']"
15805378_gab,well i apologise for any ozeez that might have forgotten that we can take the piss but go too hard and somethings amiss i do find that seppos do not understand aussie british humour and can take things personally everyones a liberal snowflake to an aussie and then they imported muzzies here damit,1,['Islam']
12856590_gab,last time in vegas there was a shooting it turned out to be a nigger doing it,1,['African']
1182415028512800768_twitter,@USER @USER turkey is a jihadist terrorist organization and doesn ’ t belong to any western organization,1,"['Islam', 'Other']"
27770159_gab,that criminal m.l.k. jr being arrested outside a courtroom in <number> should have locked the nigger criminal up for life nearly <number> year later you see the anti white american bastard has caused,1,"['African', 'None']"
20577878_gab,damon young is the stupid nigger who wants blacks to start barking in white people faces boy is he not going to like the response if he keeps this shit up,1,['African']
9055724_gab,spherical nigger amazes whoopi inserts head in ass trump like raul castro when it comes to free and fair elections election fraud old bs head in ass gab fam speak freely chat americans,1,['African']
25382455_gab,a nigger smell like a cross between clorox an ammonia they be using bleach on a dish rag to clean themself,1,['African']
15373884_gab,her destiny was to be killed by a stupid nigger while trying to score some drugs @USER stories like these are so inspirational and make me wish i was black so i could be proud of all the amazing contributions blacks have made to society,1,['African']
26424935_gab,nigger brought her self a bullet proof vest lmao,1,"['Women', 'African']"
21393137_gab,so that way if some cowardly kike wants to push her narrative it can still be seen and challenged by the public,1,['Jewish']
23135309_gab,can not help but feel that mexico perhaps unintentionally or perhaps in an effort to stay in our good standing trade wise let a caravan of illegal immigrants into their own country for the sole purpose of justifying the border wall,0,"['Hispanic', 'Refugee']"
19565361_gab,<percent> of the average population are being exploited right now by facebook despite knowing kike zuckerturd designed fb to exploit the human brain and still use it despite we were exponentially smarter back then,1,"['Jewish', 'None']"
1178889567023222784_twitter,@USER @USER you all know that my white ass can not handle spicey foods,0,"['Caucasian', 'None']"
5929494_gab,fugly ghetto niggly puff she beast sasquach looking motherfucker,1,"['Women', 'African']"
23332570_gab,imagine being a lying kike shill like @USER,1,"['Jewish', 'Other']"
20897534_gab,yes the backdoor part of this war will be dhimmi socialists who will always infiltrate and attack the the patriots and side with islam while their own daughters are being raped and sold by muslims,1,['Islam']
12451124_gab,well that really complicated i guess when we have a stable domain i do not know when that will be iceland is trying to kike us right now,1,['Jewish']
17846980_gab,jews how dare trump say shithole he calling those foreign immigrants shit that antithetical to the statue of liberty poem normiecon but the poem calls them wretched refuse that sounds a lot like shit tbh i am beginning to think your goal is to import shit jews anti semite,1,"['Jewish', 'Refugee']"
19680858_gab,@USER u can pretty much spout the marxist party line on cnn but just try once mentioning how sweden is being raped by me drooling jihadists that just wont fly sound of record being seriously scratched uh pardon us folks while we take a short station break,1,"['Islam', 'Other', 'None']"
22949513_gab,trump is outraged over mexico allowing immigrants into our country har har har cause it their job to protect our border hey neighbor i am mad you did not protect my house from these criminals i doubt trump will do anything about this only brave white men in texas will,1,"['Hispanic', 'None', 'Refugee']"
13110372_gab,@USER lol you follow whiteboys here i can not tell if it for gay interests or white supremacy,0,"['Caucasian', 'Homosexual', 'None']"
27506632_gab,do not get me wrong korea has their own share of soy boys and faggots just like any other country but they definitely do not fuck goats,1,"['Men', 'Asian', 'Homosexual', 'Other']"
24823916_gab,actually i prefer my jews going up the chimney,1,"['Jewish', 'None']"
18504787_gab,seems like you do not know much about anything low iq low t only soy boys and muzzies pick on women so which is it,1,"['Men', 'Islam']"
14500990_gab,of course because steve jobs was a gay faggit kike himself,1,"['Jewish', 'Homosexual']"
1087611556865536000_twitter,i am watching the hulu fyre doc and i am jarule is a true nigger coon,1,['African']
20158965_gab,well the french are arabs,0,"['Women', 'Men', 'Islam', 'None']"
26821350_gab,if we had to choose my wife and i would pick the black nigger,1,['African']
5264487_gab,liberals want women raped at the hands of 3 rd world refugees who carry unheard of diseases these muslim refugees will enslave your beautiful daughters and when you are crying about it the liberals will scream you are racist liberals will destroy your lives and laugh at your child demise,1,"['Islam', 'Other', 'Refugee']"
1179094819408359426_twitter,he stopped arguing when he realized i am not just some dumb nigger pothead i do this debate shit 😂 💪 🏾,1,"['African', 'None']"
23265516_gab,i went to ds to read the comments for that shill article for ricky bobby and almost all the comments make me feel like i am on the outside looking in on people still trapped inside the kike matrix it a bizarre feeling,1,['Jewish']
16591657_gab,the same in every white country,0,"['Caucasian', 'None']"
24133934_gab,the nigger deserves a punch in the face as well as hot coffee thrown in his face,1,['African']
4949978_gab,speakfreely gabfam hey ladies i want all of us to be safe we are surrounded by fucking nut jobs being able to protect ourselves is important get a gun learn krav maga learn how to escape being attacked carry batteries in a sock learned that from ghetto girls be safe,0,"['African', 'Other', 'None']"
14010801_gab,bare naked islam brought to you by the bare naked ladies,1,"['Women', 'Islam', 'None']"
23013042_gab,expect the media to run with sob stories later of how a shit coloured moslem was given a dirty look or how a white man refused to give up his seat on the bus for some rag headed moslem woman,1,"['Women', 'Islam']"
17965027_gab,this nigger sotomayor has more god damn balls than <percent> of you ethno tradcon retards,1,"['African', 'Minority']"
1179031930165178368_twitter,idk what you all be doing but i have had my iphone for a year now without ever putting a case on it and it in mint condition you niggers are just reckless,0,"['African', 'None']"
27263628_gab,i agree @USER you are yet another kike compromised piece of dog shit this is just another data mining site that removed the capability of communication between brothers and sisters the war is hot 😠,1,['Jewish']
26226915_gab,judge naomi reice buchwald no government official — including the president — is above the law and all government officials are presumed to follow the law as has been declared the judge said did not that same kike rule that sambo was above the law,1,['Jewish']
5412068_gab,milo something faggy public he so provocative altright gas the filthy kike milo something edgy public he so altright altright gas the filthy kike milo something pedo public wait what altright lol told ya milo gate,1,['Jewish']
4538880_gab,feminists had nothing to say about the swedish woman gang raped by three muslim men on facebook live i guess they were too busy dressing up like giant vaginas and whining about the mythical wage gap,1,"['Women', 'Islam', 'Other']"
4391012_gab,@USER i have said that exactly to him he lives in the cuck shed after work and is only allowed out to prep her nigger pet to get it up for him it the only sexual contact he has with her other than snowballing the bulls ejaculate into her sloppy cunt,1,"['Women', 'African']"
12778288_gab,moslem ban burqa ban,1,"['Women', 'Islam', 'None']"
8652739_gab,looks like barren cat lady will be retiring soon there a lesson go soft on the muzzies and pay the price at the ballot box,1,"['Islam', 'None']"
24649974_gab,every time a nigger in africa gets pregnant abort it make it a law you can about up to <number> years,1,['African']
1121959412778897409_twitter,niggas ah pay dollar just to stand beside her,0,"['African', 'None']"
1179045436482637831_twitter,@USER raped the lil boy and he got sick gave the lil niggas aids smh 😭,1,"['Men', 'African']"
19456654_gab,brittany mocha mistake venti is a nigger you love a nigger sow and will side with it over your fellow whites huh did i enter an alternate universe or something here i thought you loved your race and hated the shitskins yet here you are stating the opposite,1,"['African', 'Other']"
9116917_gab,the tactics that are being used to kill jihadi websites and other posts we should learn those and apply to antifa sites go after the domain hosts did you know you are hosting sites that advocate political violence,0,"['Arab', 'Other']"
21844534_gab,i d be depressed if i was a nigger,1,['African']
2859820_gab,@USER hm so which do we think is worse sharialaw you know what the do to women hrc we know what she does to anyone yourpizzascooked or all the radical islamic terrorists love ya huma,1,"['Women', 'Islam']"
10989570_gab,you can go free speech on your kike platforms like kikebook jews are not even human talmudic moloch worshiping christ killers,1,['Jewish']
15005479_gab,twitter cancelled <number> of my accounts for talking about paki grooming gangs twitter wants to pretend they do not exist,0,"['Islam', 'None']"
1179018525194772480_twitter,bjp militant wing rss the rss aima to kill all the minorities from india to make it a pure hindu state,0,"['Islam', 'None']"
15024908_gab,the only people trump is playing chess against are the american people the jew controlled alt right are full of liars and traitors ask yourselves would adolf hitler shake netanyahu hand would he prostrate himself like a bitch before the wailing wall,1,"['Jewish', 'Women']"
3952477_gab,@USER yeah okay really europe going to put their pants on and actually deal with the rapefugees and the militant age male jihadi muslims that have come by the millions and millions you are not going to want or need america military,1,"['Islam', 'Refugee']"
26513396_gab,tommy kike robinson,1,['Jewish']
14835583_gab,that nigger went out for a pack of smokes and a drink about a year ago,1,['African']
3Z8UJEJOCZEG603II1EL4BE4QZH93Z_nf_2,ebt cards are nigger crypto,0,"['African', 'None']"
1198579683178225665_twitter,@USER @USER the prophet muhammad saw says if you are full and your neighbour is sleeping hungry you are not a muslim,0,"['Islam', 'None']"
11105745_gab,how about communist front group antifa it very easy to demonstrate to even the most historically retarded individual that communists have always battled fascists for control tying the two names together also allow you to lay the burden of <number> million deaths at their feet,1,"['Women', 'Men', 'African', 'None']"
21264018_gab,protesting immigrant rape hate crime,1,"['Islam', 'Refugee', 'None']"
1179012746781679623_twitter,@USER @USER do not you mean niggers everywhere 🤔 just seeing how fast i can lose my account with this word lol,1,"['African', 'None']"
1179098577286696960_twitter,@USER @USER it at my house but you can pull it out of my dead white girl wasted hands,0,"['Women', 'Caucasian', 'None']"
1089551942588747776_twitter,@USER how many zionist jews die,1,['Jewish']
27692892_gab,need to put on my germany jersey can not lose this to this wetback squad,1,"['Christian', 'Minority', 'Heterosexual', 'None', 'Men', 'Hispanic', 'Refugee']"
1105175976613416961_twitter,@USER have you seen the demisexual flag w the triangle i fucking hate it its like stolen holocaust symbology,1,"['Jewish', 'Homosexual', 'None']"
16360892_gab,have they put women on subs yet in se asia i have heard many times that the donut dollies and some nurses had thriving businesses,0,"['Women', 'Asian', 'None']"
13664763_gab,omg i hope she gets charged for felony vandalism for leaving a dead nigger in that hotel room 😳,1,['African']
1178771601824915456_twitter,all jokes to the front niggas be queer,1,"['Men', 'Homosexual', 'African']"
1255332319860346881_twitter,@USER stupid nigger kill yourself,1,['African']
19689140_gab,looks interesting fam but hes still a kike and cant be trusted,1,['Jewish']
1179017708467302401_twitter,pity the daily mails richard kay could not devote a double page spread in todays edition to the <number> of young british girls raped by pakistani sex grooming gangs as he has to boris touching ladies legs at the spectator <number> plus years ago thats how the establishment work,1,"['Heterosexual', 'Islam', 'None']"
11830222_gab,sue arrest it the same shit strong arm of the law because someone misinterprets a post on social media why do you love jews so much,1,"['Jewish', 'None']"
11630832_gab,the jews put gab at risk anglin uses the site the way it intended and the jews came down on it if anglin does not have the right to mock the dead then none of us have the right to do anything except bow to israel,1,['Jewish']
15921497_gab,we already knew that nigger was a marxist if you do not know what cp time is ax a nigra lol,1,['African']
18994565_gab,yeah agreed totally different to genuine sub saharan refugees who are mainly christian,0,"['African', 'None']"
17832328_gab,boy in the stripe pygama when a yid lost his barmitzvah boy who became friends with a jailed white boy fact of the history all yids were in ss nazi military and all people in concentration camps were either or germans and slavics,0,"['Jewish', 'None']"
1178962473849741312_twitter,@USER unite yo stop hate injustice agains blacks over the years blacks always been brain washed and tricked by white america,0,"['African', 'None']"
25442931_gab,uk is not muslim it a country in waiting for a white van man to take down the enemy as islam teaches us,1,['Islam']
26342460_gab,good moslem if only we can get them to do this before wives squat out shitlings,1,"['Women', 'Islam']"
1178095524781727744_twitter,your buddy is a faggot and a moslem,1,"['Homosexual', 'Islam']"
25346039_gab,q what do a nigger and a medium domino pizza have in common a they both can not feed a family of <number> @USER,1,['African']
23512106_gab,zucc does not want laws to protect kids online what a sick fuck this kike is,1,['Jewish']
17263820_gab,male prostitution in pakistan is huge most pakis have had sex with other men pakistani muslim men also like to rape little boys who will stone these blasphemers who will discuss these islamic hypocrisies eh,1,"['Islam', 'Other']"
17400332_gab,brittania brittania <number> hours ago khan has no ideas muslims with low iqs only know how to quote out of their war manual he should never have been elected a muslim can never represent all other ethnics apart from their own inbred people,1,['Islam']
689875802087882752_twitter,if there was a grand theft auto east lansing you d be able to steal so many bomb ass cars from the asians probably all i would do,0,"['Asian', 'None']"
1179015605917237248_twitter,@USER @USER get this nigger out of here,1,['African']
1117745773054185473_twitter,@USER looked through this guys account very islamaphobic we don ’ t need another one of those,0,['Islam']
19062595_gab,we went to the zoo to feed the niglet,1,['African']
1178841151580905473_twitter,fucking clowns the modern clown evolved from blackface and minstrel shows where theyd put on blackface and act like a dumb nigger and sing racist songs and make racist jokes the only difference clowns got is they paint the face white and made the hair brightly colored,0,"['African', 'Other', 'None']"
13797010_gab,you can not fix a country named nigger just like you can not fix a regular nigger,1,['African']
15988874_gab,she a he and it a kike,1,"['Jewish', 'Men']"
19455317_gab,you say you like roosh while he shits on the alt right and boasts about banging our women in the same breath you sing the praises of a female nigger thot race war choose a side,1,"['Women', 'African']"
26504550_gab,good riddance ml nigger was a filthy communist,1,['African']
18425642_gab,southafrica is proof whites built a beautiful and safe country the us is proof look at auto industry detroit look at steel mill towns look at every nice neighborhood and city turn to trashed out ghettos when blacks move in truth is not racist its truth,1,"['African', 'None']"
15031980_gab,i dont care about hitler because i care about western people hitler allows millions of jews to pose as neonazis to cuck millions of gentiles from rebelling against jews for fear of being called a nazi,0,"['Jewish', 'None']"
15637257_gab,some nigger that played in the nfl,1,['African']
25719370_gab,exactly what i have been saying let them live with pelosi what her name shut and that dumass jigaboo from fla and csli,1,['African']
1127247792793997313_twitter,<number> mass shootings this year and not one committed by a black man or an illegal alien let that sink in,0,"['African', 'None', 'Refugee']"
24968142_gab,the percentage of usa welfare use among the races in the usa how much welfare does the nigger use welfare,1,['African']
10573579_gab,you gotta be real rural for <percent> white even as far out as i am there some color but they are the ones who can afford decent houses with large plots of land not the ones gangbanging and shitting out feral niglets,1,['African']
16475631_gab,so you are not a kike just a cucked kike ball washer then my nightmare you give yourself too much credit the only one who consistently shitter shattered about my posts is you i have gained steady followers from my posts itt i will keep posting especially so your old pissflaps stay irritated,1,['Jewish']
25002103_gab,superman was written by a kike about his fantasy of smashing fascists kek just fyi,1,['Jewish']
24888836_gab,but du dwee duh dat raysis and homophobic too i am a gay jew tranny and you have offended me by not accepting my superior equal status,1,"['Homosexual', 'African', 'None']"
14419126_gab,country singers are all a bunch of cucks country music does not even sound like country anymore and a bunch of them seem like nigger lovers,1,"['African', 'Other']"
6355604_gab,magic dirt theory of nations fails again british born radical muzzie abu izzadeen is the guy named as the killer in the latest london attack,0,"['Islam', 'None']"
18840370_gab,nice white teeth on the nigger bitch she better use a black magic marker on them,1,"['Women', 'African']"
17933849_gab,trumps calls shitskin countries shitholes and is lauded as a hero hillary called blacks super predators but is still a villain the power of kike brainwashing,1,"['Jewish', 'Economic', 'Other']"
27301749_gab,@USER ‍ daily reminder that nick the spic is a faggot who gets off on catboy porn pathetic and sad,1,"['Hispanic', 'Homosexual']"
1178852897423073283_twitter,fuck it i am finna start watching power w the rest of you niggers,0,"['African', 'None']"
1799901_gab,confederate heroes day <date> texas state holiday we do not observe martin lucifer coon day,1,['African']
14974204_gab,why is nobody here talking about that nigger conyers raping white women on the taxpayer dime,1,['African']
1178485358075502592_twitter,@USER @USER @USER @USER you called them white nationalists and racists when you are the only one bringing up skin color here put down the racism bud try being just an american for once,0,"['Caucasian', 'None']"
27479700_gab,ur a kike,1,['Jewish']
20921931_gab,lol what a kike retard,1,"['Jewish', 'Other']"
13740157_gab,dont kid yourself you look like a cross dressing faggot himey boy now take a hike kike,1,"['Jewish', 'Homosexual', 'Refugee']"
2117709_gab,@USER just time to ban all mudslime immigration lets not discriminate against mudslime majorities,1,"['Islam', 'Refugee']"
17474395_gab,makes sense thernovith would sell out on beaner invasion in a second to sell spanish copies of gorilla mindset anyways if he somehow managed to gain power lol when it comes down to it alt lite fags are just gayer leftists,1,"['Hispanic', 'Homosexual']"
25476794_gab,and there is nothing as bad as a filthy kike,1,['Jewish']
22462238_gab,i have not paid attention to this cunt at all but whatever conceivable sexcapades she may or may not have gotten up to with trump they can not be nearly as gross and degenerate as what faggot kike anderson cooper has done,1,"['Women', 'Homosexual', 'Jewish']"
2380519_gab,the daughter of a high ranking eu official was recently raped and murdered by a refugee centuries later and we are back to child sacrifice,1,"['Islam', 'Refugee']"
25459079_gab,i am sure there are some ghetto niggers here in the us that are full retard many can not even construct the simplest of sentences just nigger babble,1,"['Women', 'Men', 'African', 'Other']"
17539352_gab,in two tweets a naive cuck and midwit jew perfectly illustrate white jew relations cuck sees jewish listed twice on dnc tweet hmm sumptins fishy kike tries to shut it down anti semite cuck expects fairness and explains kike suck my dick harder goyim,1,['Jewish']
18208872_gab,its the islamic signal they are ready and willing to be anally bred by goats or another moslem obviously,1,['Islam']
22500380_gab,oh i know that but they were not whiny little faggots can you belive i got banned for calling mayor of london a pakemon im certain a european muslim cunt is in charge of policing my account becasue american pakis are not offended by calling them paki,1,"['Homosexual', 'Islam', 'Men', 'Other', 'Women']"
19098647_gab,tariq being a bigger nigger than the rest should this nation come unglued when it comes down to nuggets and spikes it will be a hoot,1,"['African', 'None']"
19680533_gab,@USER ay u insul ma niga raep wel im gon poz u neg hole u fugin spic,1,"['Hispanic', 'None']"
18229892_gab,mysterium tremens why do new yorkers continue to support insane kike djuggie schooma,1,['Jewish']
24845241_gab,not all women are femnazis i was explaining that jews consider themselves a different race,1,"['Women', 'Jewish', 'None']"
1178647995816071170_twitter,quick question i am five years here in the republic like am i not yet good enough to just be a culchie sure redneck feels way too close to hillbilly the hills of ulster plus king billy wm of orange recalls evil james mitchell and john weir types please 🙏 ❤️,0,"['Caucasian', 'Other', 'None']"
1177971370896039936_twitter,niggers should suck white dick them faggots,1,"['Homosexual', 'African']"
1178997995078963201_twitter,@USER @USER no one stand for illegal immigrants but he is trying to target only muslim immigrant what does it mean illegal immigrants are illegal immigrants how can you exclude only one community it shows how much hate they have for muslim in india,0,"['Islam', 'Refugee', 'None']"
20646560_gab,ben shapiro a typical lying kike trying to represent the alt right ethical jews have precedence over non jews for getting an israeli citizenship he lying as is typical of his race,1,['Jewish']
4893156_gab,no they have not the moslem scum that our shitty government let into this country have chosen so fuck you,1,"['Islam', 'Refugee']"
24329008_gab,treed coons are best coons <happy>,1,['African']
23668429_gab,the baptist church and its retarded disciples are the biggest enablers of the zionist elite and yet there still have people wondering how the jews took over the world 🤦 🏻 ‍ ♂ ️,1,"['Jewish', 'Christian', 'Other']"
22168671_gab,life under nigger rule <number>,1,['African']
8139947_gab,not that i have tried it but pointing at either the worst towelhead infested area or the latest queer boylove march and asking what did we win seems like an effective strategy,1,"['Homosexual', 'Arab']"
4754245_gab,the ultimate authority on who is white who is not HTTPURL,0,"['Caucasian', 'None']"
18202714_gab,youth homicide almost all black on black to the point they have a police squad dedicated to it called trident the same with youth violence blacks,0,"['African', 'None']"
1178815533560602624_twitter,you all asking that white ass man to press hope about the cns twists is the equivalent to when jay park spoke to white ass man <number>,0,"['Caucasian', 'None']"
1188307543287681024_twitter,stop niggafying every cartoon if they made the proud family white yall would riot,0,"['African', 'None']"
16473812_gab,@USER i am with you all the way but believe all moslem terrorists should be deported in body bags guaranteeing no return 😀 👍,1,"['Islam', 'None']"
21048577_gab,net is in a fight with american jews he not into the immigrant agenda so they are trying to get rid of him,1,"['Jewish', 'Refugee']"
1239630166919237633_twitter,@USER kashmir is no longer an islamic country as ms mehbooba used to say wahed muslim riyasat,0,"['Islam', 'None']"
16361344_gab,another one bites the dust scroll down a little in the center column alex kozinski a judge on the u.s. court of appeals for the 9 th circuit comes days after allegations by <number> women that kozinski had subjected them to inappropriate behavior including having clerks watch porn in his chamber,0,"['Hispanic', 'None']"
23069299_gab,dude you are a fucking idiot skepticism nihilism and trying to gaslight me are not arguments miss me with that kike shit,1,['Jewish']
5517744_gab,despite the media blackout of all the muzzie rapes in sweden the word is out sweden and their gorgeous women are under unfettered assault by savage 3 rd world cretins there will be a point when islam can no longer hide it evil vile savage and despicable soulless character,1,['Islam']
1161747608114737152_twitter,@USER in my country evangelicals are the actual jews tho 😄,0,"['Jewish', 'Christian']"
1178699150247878657_twitter,lol nfl got that nigga the fuck out of here bum ass dirty ass nigga 😂 😂,0,"['African', 'None']"
20737742_gab,it about time trump fires this little kike whore and jared too,1,"['Jewish', 'Women']"
13637009_gab,sail foam as in yo mayne ah beez finna axe dat muhfuggin nigger whaa ahh kaynt git me mah new sail foam muhfugga sheeit 🐒,1,"['African', 'None']"
22742019_gab,people still cook i though bad pizza shitty beer and ghetto ball ruled guess i wuz rong,0,"['African', 'None']"
1098268960364134400_twitter,you woke it problematic that heidegger was associated with the nazis me based that was basically the only not bad thing about him,0,"['Women', 'Men', 'Caucasian', 'None']"
24842200_gab,how much fuckin pain im in walking home and a fuckin bunch of niggers always trying to cancel my disability i aint gonna grow a new fuckin leg dumb anc niggers ever again dumb nigger fuck niggers,1,"['Women', 'Men', 'African']"
14199319_gab,go play with your own kind half nigger,1,['African']
11947521_gab,sure nigger loving whore sure,1,"['Women', 'African', 'None']"
1178552985502326784_twitter,jesus christ i literally hacked this shit account and twitter does nothing fucking dumb nigger shit,1,['African']
1179004775293046784_twitter,@USER pakistanis are some real a holes they want their country to be an islamist jihadi country but expect other non muslim countries to be secular so there will be a hope of turning that other country into an islamist one by the way india is secular and beyond ur comprehension,1,"['Islam', 'Other', 'None']"
1259852487760232455_twitter,aye negroes swear they don ’ t do anything wrong “ bae i swear i don ’ t be doing nothing you just be tripping on me ” 🤣 🤣 🤣 🤣,1,['African']
17108502_gab,rapes by moslim taxi drivers so rampant british judge issued warning that no woman can expect to be safe traveling by cab @USER,0,"['Islam', 'None']"
1178822118181609472_twitter,@USER @USER that that white supremest hand code i hope you reported this it a terrorist threat,0,"['Caucasian', 'None']"
9755942_gab,we usually do not talk about black on white crime as terrorism because ghetto blacks are too animalistic to have complexly articulate ideology if terrorism is defined as violence with political goal though then black anti white race warfare is more popular than all other forms combined,1,"['African', 'None']"
27683915_gab,fuck feminists and kike media that want to emasculate fathers i piss on them,1,['Jewish']
10177273_gab,o pleez god hates queers both 0 bamas are male both have a penis the mooch is a hideous anti america phony nothin to do with skin color hope mooch is jealous of our beautiful lady melania,1,"['Men', 'Homosexual', 'African']"
19833448_gab,ghetto life ghetto wife,1,"['Women', 'African', 'None']"
14372862_gab,being a moslem has got to be the worst punishment in the world,1,['Islam']
16062403_gab,doubting that seriously no self respecting man would marry a muscum cum bucket but then if he a snowflake he probably watches,1,"['Women', 'Islam']"
11861652_gab,everything about black american behavior makes sense when you realize it a subconscious racial recollection of behaviors that evolved far longer in their ancestral homeland of africa the saggy pants of ghetto blacks mimic the open air asses of tribal africans,1,"['African', 'None']"
1086843394993909760_twitter,yo what are my muslim followers going through rn your tweets got me feeling hurt too lmao,0,"['Islam', 'None']"
1178491915894956033_twitter,they playing a lot of ethnic music at this white ass wedding,0,"['Caucasian', 'None']"
1178720661495304195_twitter,@USER them boss can i have a few days o boss shut up nigger,0,"['African', 'None']"
15575558_gab,i can figure out how to lower the security costs of the lyon christmas markets arm the citizenry and actively encourage volunteer militias to secure the marketplace and the township beyond or lock every mudslime up on their council estates for the duration of the holiday season your choice france,1,"['Islam', 'None']"
1262463815259697154_twitter,@USER he ’ muslim and trump hater why do you support him,0,"['Islam', 'Other']"
17620607_gab,imma visit you with a tupac shirt with a bulletproof vest underneath and talk all ghetto and hiet imma call maself tyrone and see if you pop me playboi if i survive the ordeal i will mail the tape to just for laughs,0,"['African', 'None']"
1179058422421041152_twitter,jews still live as in the o.t. cultish self serving warring and against criticism b cos they have developed a culture of pharasitic entitlements they are not enlightened they still sacrifice animals with all their posturing they still reject god,1,['Jewish']
15204574_gab,<number> years in beto unit for shooting a nigger in the face you,1,['African']
7093626_gab,aw what wrong nigger you do not like your sheboon exposed for the savage she is 🤣,1,"['Women', 'African']"
18231995_gab,what do you expect from a liberal nigger who rose to his political position from being the mayor of a shithole city newark new jersey looks like mogadishu and that was his last job,1,"['African', 'Other']"
17112368_gab,maybe but i like to think it a spontaneous miscarriage and the stoned nigger sow is just so obese and full of diabetic nerve damage that she can not even feel anything all she knows is she hongry 🐒,1,['African']
27354787_gab,🎶 blackstones meet the blackstones they are a stone age ghetto family from the town of harlem they are niggers right from history 🎶,1,"['African', 'Other']"
16736512_gab,you do not have to win over nigger and mexican and other third world voters when you have the military and law enforcement and the media the media actually being the easiest to get because you just fucking take it once you have the military just as you take the government,1,['African']
19447868_gab,<number> meters jigaboo,1,['African']
20147902_gab,that horrific but this 💩 is real too many muslim sympathizers in america potus can use the mccarran walters act which forbids immigrants who do not adhere to the constitution are unable to assimilate and pose a threat to the united states,1,"['Islam', 'Refugee']"
13359217_gab,ha good i am tired of that beaner clown,1,['Hispanic']
1229760197847109632_twitter,@USER @USER shit thats a lot of white people in one photo pier would love that,0,['Caucasian']
5300362_gab,me too but i still dis like jews and rather not have them follow me,1,"['Jewish', 'None']"
19685625_gab,disney was only good under walt now its kike brainwashing shit,1,['Jewish']
13646100_gab,normal people really what not a kike jews sucking faggot do you nazis have definition for that cause think i fall there you huge douchebag fucks,1,"['Jewish', 'Homosexual']"
27268799_gab,my cat is more intelligent and capable of feeling human emotions than a nigger,1,['African']
1178825113115848706_twitter,@USER @USER @USER do not disrespect yakima we the hillbilly version of tacoma,0,"['Caucasian', 'None']"
24537037_gab,decline of white americans,0,"['Caucasian', 'None']"
1179095466530619392_twitter,@USER i cant handle their white asses 😭 😭,0,"['Caucasian', 'None']"
1097184868893630465_twitter,omg india plz do not bomb my college kmdc north nazimabad block n karachi sindh 😭 😭 😭 😭,0,"['Women', 'Men', 'Asian', 'Hindu']"
22358188_gab,do not worry uk you worked hard cannot afford carehome fees we take your house oh look in london another muzzie family in a nice flat good on you where the tex goes its a shocker,1,['Islam']
19845651_gab,what a fucking nigger looks like,1,['African']
24013190_gab,stop paying kike license,1,['Jewish']
20492843_gab,doing what a nigger does best fucking shit up,1,['African']
21606378_gab,from the zman take a ghetto tour through a place like baltimore and you see a world that should never exist in a western country less than a long lifetime ago it did not exist it was not allowed to exist by the people in charge,1,"['African', 'None', 'Refugee']"
8042374_gab,fuckmanchester british men are too scared to even talk about it let alone do anything about it they let their daughters be raped and killed and do not make a peep like scared little mice they are not men they are cowards shameful lowly cowards,1,"['Men', 'Caucasian', 'Other', 'Refugee']"
23182757_gab,ricky vaughn avatar is a of a guy who banged pornstars who did <number> nigger deep gang bangs and sucked a dude cock in the 8 0 and got hiv sums up ricky vaughn pretty well,1,"['Homosexual', 'African', 'None']"
9839457_gab,it was her nigger buck,1,"['African', 'None']"
23670821_gab,what makes you think that another muslim will not win,0,"['Women', 'Men', 'Islam', 'None']"
24032034_gab,@USER i hate you for the hairy titty nigger that bullshit wrong on so many levels you suck 😨 😠 👹 💩 👹 💩 👹 💩 👹 💩,1,"['African', 'Minority']"
1317411_gab,@USER bit worried about the generalised threats bit offended snowflakes are threatened by everything would a call to protest in person against a mosque that was spreading radical islam now be forbidden remember censorship is a slippery slope best not start,0,"['Islam', 'None']"
1087056935671586817_twitter,@USER the person who gave me my maga hat is a child of legal mexican immigrants,0,"['Hispanic', 'None', 'Refugee']"
21041897_gab,i am not a nazi too but how dare this asshole want to censor someone on fucking gab gab <number> most important words free speech,1,"['Jewish', 'None']"
23014393_gab,that escalated from pros and cons of mc to go fuck a nigger in hm <number> seconds lol u funny,1,['African']
1177399021125734400_twitter,cash money makin fuck with smoke this nigger fucking it,0,"['African', 'None']"
19625308_gab,you hate the jews that much you wouldnt save them,0,"['Jewish', 'None']"
1179057199865315328_twitter,@USER or worse that dykes from livingston because he is a different option 🙈,1,"['Jewish', 'Homosexual', 'None']"
1183116244838469632_twitter,@USER shut up your fuckin mouth terrorist son of bitch,1,"['Islam', 'Other', 'None']"
20020853_gab,all governments do is grow social tumors a giant sick green army a giant necrotic nigger colony a giant land pod of social workers,1,['African']
7027898_gab,that true it really bad when a nigger makes the rest look bad not an easy thing to do,1,['African']
8166888_gab,all over the raghead in times square was shown as white on his arrest form numerous examples from fl tx ca ny,1,['Arab']
1278634442643451904_twitter,@USER @USER yea because they dont know iraqi arabs as much as i do,0,['Arab']
16417402_gab,fess up if you had a ghetto blaster when you were a kid boombox,0,"['African', 'None']"
21241796_gab,do not forget to add me to your hit list you kike shill,1,['Jewish']
1122511047628189697_twitter,@USER by that logic it would be fine for jews to terrorize since your people call them evil and blame them for all of your problems,0,"['Jewish', 'None']"
11821251_gab,you and many other moslems would not however advertise that fact to other muslims particularly not in muslim controlled countries,0,"['Women', 'Men', 'Islam', 'None']"
14548898_gab,well i am not sure you would be able to provide any statistical data to back this up what has been shown is that many advisers to politicians are bame e g the rabid leftie moslem woman often on sky news papers who was an adviser thick as shit to ed milibrain,0,"['Women', 'Islam', 'None']"
15567503_gab,this is essentially exactly the same as a gang of junior high niggers cornering a couple 5 th grade white kids for lunch money this is succumbing to bullying and whining and the bullies will just come back for more tomorrow white america owes niggers nothing they already have not been gibben,1,['African']
13160999_gab,millions of conservatives already banned on twatter the mudslime owners do not want a repeat of truth dissemination for <number>,1,['Islam']
23788368_gab,you have no clue what you are doing other than sucking a kike dick try fuck off i am sick of listening to your kike apologies,1,['Jewish']
2551865_gab,isis isil is boko harem hamas plo pla plj al qaeda taliban hezbollah harakat ul mujahidin ansar al sharia cair muslim brotherhood american muslims for palestine et al all are exactly the same muzzie terrorists,1,"['Islam', 'Other']"
24711850_gab,when someone fights for lies he never finds the balls to defend himself from the jews the people that fight for the truth become invincible this time we will fight all together against you jews acthung juden,1,['Jewish']
11266728_gab,i disagree mcgregor did what he could early on and whooped the shit out of the nigger for half the fight he was winning on the scorecard until midway through round <number> but he just could not get the murder punch in there to end it early so he gassed out,1,['African']
1257112399255007233_twitter,fuck fortnite all my homies hate fortnite yo i fucking hate this piece of shit game they they brought back the light sabers fuck @USER,0,"['African', 'None']"
1159321232623333376_twitter,niggas really sending packages to my house for my birthday and idek who sending em,0,"['Minority', 'African', 'None', 'Nonreligious', 'Other']"
27877538_gab,bare in mind there are only <number> million jews in the world give or take and billions of other people of all religions when the day comes you <number> million will be mincemeat this time not fertilizer,1,['Jewish']
13470886_gab,this dipshit libtard let us his muzzie gf tell him what to do america was good to you you dumbfuck,1,"['Women', 'Islam']"
1268081343096741891_twitter,@USER i wll bet in that <number> percent names in that list would be muslims,0,['Islam']
20149987_gab,why the second greatest film ever produced after nigger kitty,1,"['African', 'None']"
1117500137801121794_twitter,@USER “ bitches doing blackface ”,0,"['Women', 'African', 'Other']"
27033114_gab,there is a reason why the alt kike refused to support little and that because they care more about sitting in their basements and making fashy podcasts instead of actually doing something,1,['Jewish']
20316549_gab,how the fakenews would report on jesus driving the money changers from the temples in a contemporary fashion with jews you lose,1,"['Jewish', 'Christian']"
1264479442585423872_twitter,eid mubarak to all my muslim brothers and sisters lt <number>,0,['Islam']
2755794_gab,@USER let us do the time warp again ist das jew to ein left and a kike to the right yeah i can see @USER singing it,1,['Jewish']
17497830_gab,if that was the case then people would not call me a nigger just because i made a joke,0,"['African', 'None']"
18593688_gab,some other kike company will buy them out so yeah,1,['Jewish']
13370491_gab,taserface ahahahahahahahahahahahaha almost as hilarious as having a nigger for president amirite,1,['African']
10104585_gab,when it effects justice and unarmed blacks being murdered and you turn a blind eye and let the their killers walk free yes it racist,0,"['African', 'Other', 'None']"
1178330260728958977_twitter,pretty sure reducing an entire language of a culture to meaningless vowel gibberish akin to ching chong ding dong is fucking racist my guy whether it intended or not is fucking irrelevant,0,"['Asian', 'None']"
13950843_gab,he responded but we are not going to get anything constructive out of him unfortunately i thought if we had a black nationalist here we could be have mock negotiations between us but he just wants to act like a huge nigger instead,1,['African']
1179080060365676544_twitter,you are a pops hoe blunts this nigger fucking it,1,"['Women', 'African']"
21531589_gab,nigger can not say that on twitter btw this is why i gotongab,1,"['Women', 'Men', 'African']"
22985682_gab,says the gay nazi we know you do not like women but do not spoil it for the rest of us go back to your hitler youth circle jerk faggot maybe you will get a reach around tonight,1,"['Caucasian', 'Homosexual', 'None']"
1178838188179243008_twitter,@USER @USER wtf is this ching chong shittery english mf,1,"['Asian', 'None']"
1179063129067659265_twitter,@USER wignats secretly jealous of the jews because they have an ethnostate and they do not lmao,0,"['Jewish', 'None']"
10136631_gab,the muzrat euro marathon,1,['Islam']
15770035_gab,the democratic party is the party of jews and jew causes minority mutts dumb white bitches that they appoint to certain leadership positions are just puppets facade to disguise the real core and purpose of the party study jewishprivilege and who really matters in the case of conyers franken,1,"['Jewish', 'Women', 'None']"
17738714_gab,it always has been the jews do you know the history of the jew do you know why jews have heen expelled <number> times fro previous societies do you know why jesus said to them your father is the devil wake up son,1,['Jewish']
1184096701134622720_twitter,@USER yes i am gay and yes i am muslim we exist 💅 🏽 🙄,0,"['Homosexual', 'Islam']"
24550295_gab,this ruling allows for the banning of all gays and blacks etc as they are all liberals it says you can ban people based on political ideology so ban niggers for not being white nationalists if you want totally legal,1,"['Women', 'African']"
20753647_gab,these places need to be overthrown by military force or cia action arm the whites send white jihadis,1,"['Islam', 'None']"
7756856_gab,that germans are to blame for the bloodshed of ww2 is the fabric of the matrix if you break that you find a parallel universe free of jews,1,['Jewish']
22038104_gab,it disgusting how i see blacks treat their animals out here in newark these ghetto people are so hypocritical first to complain about how they are treated by white which is completely bullshit then beat their kids and dogs until they die,1,['African']
1179323434066743296_twitter,‘ ’ niggas got tired of asking where the hoes at so they made an app ’ ’ 😭 😭 😭 😭 😭,1,['African']
1204565911308587008_twitter,@USER the day you people stop believing in that shit religion made up by some goatfucker who smoked crack in a cave in the 5 th century,1,"['Islam', 'None']"
11957582_gab,as far as the pewdiepie thing goes there nothing inherently pejorative about the word nigger nigger is derived from the latin niger for black all nigger literally means is black nigger niger black no shitlib has ever coherently articulated why saying black is okay but nigger is not,1,['African']
13441981_gab,well of course it does jews invented feminism that all jews do destroy shit they openly admit they destroy shit,1,"['Jewish', 'Men', 'Women']"
11955671_gab,you just know quentin tarantino is a secret roof korean that stockhomie syndrome sufferer probably goes to his roof every night and shouts nigger at the top of his lungs until the wee hours,1,['African']
1179084386387533824_twitter,@USER it sounds just like justice mixed with white tears,0,"['Caucasian', 'None']"
20624917_gab,pan you cheater you are no newfag you are an expert on bloated kike identification,1,"['Jewish', 'Heterosexual', 'Homosexual']"
21935940_gab,better social experiment shove a kike in an oven see if he cries out in pain as he strikes you,1,"['Jewish', 'Men']"
15837704_gab,i probably should have put nsfw on that also not safe for home actually not safe for normal white people how a sheboon manages to lose all her clothes during a fight is a mystery that i am not going to watch again to solve <happy>,1,"['African', 'None']"
22222578_gab,@USER ‍ the jews are controlling my weather again i am a get that kike alf for this shit you with me @USER ‍,1,['Jewish']
27202590_gab,tell that to the italian nigger cow,1,"['Women', 'African']"
1082639943468343296_twitter,system some guy retards all of a cattery cats to make a pie or two,0,"['Disability', 'African', 'None']"
11621332_gab,we will keep our way you guys can keep your muzzies and grooming gangs,1,['Islam']
16959960_gab,i am not blaming period blaming is for pussy faggot little girls i am calling out this kike and bringing his profane audience you to the light,1,"['Jewish', 'Women', 'Homosexual']"
1160452855838519296_twitter,happy eid al adha to all my muslim followers 💗,0,['Islam']
22206778_gab,cowardly brit pray for death rather than drive moslem terrorists out of the uk,0,"['Islam', 'None']"
23784140_gab,i would not want to reuse that water after coon night like swimming in a septic tank you know when animals get scared they void themselves and niggers are afraid of water probably the first real bath most of the knuckledraggers have had in their life,1,['African']
25948935_gab,his ancestors are rolling in their graves a negress had been added to the royal line therefore ending it royal wedding heritage uk,1,['African']
6362215_gab,if we do not act to remove islam from our countries we will have our people blood on our hands if we do not act to remove kebab unilaterally we may well doom mankind endislam,1,['Islam']
9941154_gab,dog backwards is god muslimes do not have dogs therefore muslimes have no god,1,['Islam']
19350480_gab,it certainly fugly enough to be a kike bitch,1,"['Women', 'Jewish']"
1178422453749604364_twitter,blow a stack for yo niggas with yo trapping ass,0,"['Minority', 'African', 'None', 'Nonreligious', 'Other']"
27706338_gab,@USER please excuse the language i think the word nigger does not pertain to every black person if i have to hear it be used in this shit crap they call music nowadays it open for use,0,"['African', 'None']"
1178833740413440000_twitter,i fucking hate white people,1,['Caucasian']
1077260697376038912_twitter,@USER ashkenazi jewish folks are literally yt,0,"['Jewish', 'None']"
1207914916235091969_twitter,i try so hard to be nice 😩 but some of u bitches really be proving how much u deserve ur chunky white filas huh,0,"['Women', 'Caucasian']"
8205555_gab,average iq of a moslem cockroach is <number> is the average muslim iq really that high the religion of peace teaches muslims to hate from a very early age and that hate is reinforced throughout life,1,['Islam']
1083850411235102722_twitter,oh and that my party was “ ghetto and wack “,0,"['African', 'None']"
1178765633162485760_twitter,everyone wants to be nct everyone the entirety of kpop if they dont wanna be niggers they wanna be nct,1,['African']
21210654_gab,and whatever leftist or muslim piece of shit downvoted this post let me be clear you can go fuck your mother after you admit that the so called prophet muhammad was a pervert and a fool britainfirst freejaydafransen freepaulgolding,1,['Islam']
1179067515097489413_twitter,@USER movember next month niggers must be behind these hashtags,1,['African']
21510414_gab,that is <number> thing every kike lacks integrity,1,"['Jewish', 'Men', 'Women']"
1125081736554123265_twitter,ramadan kareem to all my mutuals muslims and all muslims around the world 💖,0,"['Women', 'Men', 'Islam']"
1099333093058584577_twitter,@USER rules are rules leave the ghetto at the door when you walk in,0,"['African', 'None']"
1179089592819032069_twitter,yeah they should have used kfc bombs to disperse all the nigger chimpouts recently brah @USER @USER @USER @USER @USER @USER @USER @USER @USER @USER @USER pepe makes a run on baltimore in his ju <number> n nigger buster,1,"['African', 'None']"
22842291_gab,i never thought i would see the day when faggots and niggers are held in a higher regard than myself when the leaders of your own country hate you love them your country is screwed,1,"['Homosexual', 'African']"
20709342_gab,this is why all jews are hungry to confiscate weapons because for generations their accursed race has been putting everybody in concentration camps and when someone says this one jews comes to say not all jews participate but he does that because he wants to participate,1,['Jewish']
21148969_gab,that bitch ass nigger @USER illis wont debate me its scared of yt making it look like a fool,1,"['Women', 'African']"
22320605_gab,guise i just want to remind all you haters that before ebul lbj tricked all de black peepul onto his democrat ghetto plantations every single heart doctor hn america was a kindly black man who wore sweaters and dats a fact,0,"['African', 'None']"
12123604_gab,stupid nigger nazi oh noes don t read the vox day blawg nothing to see there pay attention to us as we alienate every normal person we come in contact with stupid nigger nazis need to have their noses rubbed in the turds they leave on the carpets,1,['African']
1089693014132441088_twitter,a buddy cop show where one of them is a holocaust survivor and the other is a holocaust denier,0,"['Jewish', 'Other']"
19613678_gab,russia and iran defeated isis what wrong with putin he helped liberated syria why do you think our greatest ally israel and the jews on the news media are demonizing iran syria and russia find any coincidences there,0,"['Jewish', 'None']"
1272988351612588032_twitter,@USER @USER modi always a hero who successfully killed muslims ✌ 🏻,1,['Islam']
26263487_gab,the constant sticking point here is in order to discuss large groups of people we have to deal in averages not individuals there are plenty of smart blacks obviously but there are way more dumb blacks than there are dumb white people or east asians,1,['African']
11673530_gab,remember when jews used their media to tell you that the germans were the bad guys they are doing to the same thing to americans right now,1,['Jewish']
20316747_gab,the shit that black girls need to do to try and look semi normal is astounding this coon looks like she straightens her hair on an ironing board,1,"['Homosexual', 'African']"
8052147_gab,looks like lee rigby beheading must have happened on a moslem holy day since they carried out the manchester attack on it anniversary i see a market for t shirts that say wearer carries bacon bits to send moslems to hell do not blow near me,1,['Islam']
13466331_gab,other than questioning that islam is not peaceful and that queers are not born that way,0,"['Islam', 'Homosexual', 'None']"
1178842143768678400_twitter,white ppl really think flashing they high beams gonna get me out of the fast lane lmao mf you are going <number> go around me and then kill yourself in a crash,0,"['Caucasian', 'None']"
1205635400074551296_twitter,i am an ashkenazi jew,0,['Jewish']
1178869912728567809_twitter,bro i swear to god i fucking hate white girls you little ugly ass maggots,1,"['Women', 'Caucasian']"
19926616_gab,i am a white nationalist neo nazi everything i have ever done is the fault of jews i am unable to come up with proof but retarded faggots will continue to give proof i also once was a convenience store clerk,1,"['Jewish', 'Homosexual']"
14055812_gab,jews often appropriate white identity and culture this crypsis is often selfishly motivated deceptive in the company of the goyim we jews must always identify ourselves as jews especially when espousing political opinions on israel and the middle east wear a star of david prominently,0,"['Jewish', 'None']"
21445998_gab,trump told everyone that maxine waters was low iq he forgot to add smelly corrupt bitch ass negress whore,1,"['Women', 'African']"
1179103697495830534_twitter,@USER mm sounds more like white trash 😂 😂 😂,1,"['Caucasian', 'Economic']"
1231009169311961091_twitter,i am an ahmadi muslim anyone contesting that can get lost not in <number> folks,0,"['Islam', 'None']"
23812915_gab,just saw an obese negress wearing a shirt emblazoned with black is beautiful it is not imagine the reaction if i wore an it okay to be white shirt in public,1,"['Women', 'African', 'Other']"
1093633698593947648_twitter,white people been overstaying they visas since <number>,0,"['Caucasian', 'None']"
24770559_gab,i thought wendy wasserman schultz was one ugly jewess where do they dig these disgusting jews up from they are caricatures of humans michellewolf journalists killjournalists,1,"['Jewish', 'Women']"
23973351_gab,people should not apologize criminal gov must in this case this merchant yid whore who lies she is a queen while does not have even a drop of royal blood,1,"['Jewish', 'Women']"
22239165_gab,he a midget kike yeah been known for a while on the right and everyone who agreed he was a midget kike got banned from all the alt right forums,1,"['Jewish', 'Disability']"
12661138_gab,for what what the hell has that nigger ever done that was great,1,['African']
19639324_gab,it amazing how long @USER ‍ talked without giving any answers i learned way more about @USER ‍ thoughts and life than sargon i thought only jews could bloviate that hard hm,1,['Jewish']
1091484140992712704_twitter,@USER @USER is the divider hates canadians loves gays and muslims,1,"['Homosexual', 'Islam']"
19137586_gab,obozo troll hiding under that tree the moslem is the prize kill,1,['Islam']
10672407_gab,people are going to blame the white nationalists for what happened but they were initially peaceful before antifa showed up what happened yesterday is the result of political correctness and the left legitimising political violence that why the establishment leftists do not condemn antifa <number> <number>,0,"['Caucasian', 'Other']"
27511340_gab,recognising jerusalem as israels capital and relocating the arabs to jordan is not pro israel it is fact and truth,0,"['Jewish', 'Men', 'Women', 'None']"
19346774_gab,as much as i appreciate a format of open discussion i really just want a facebook that i can say beaner on,0,"['Hispanic', 'None']"
3742628_gab,we need to get real comfortable telling blks they need to leave they farmed they did not contribute to building this country whites did it we need to start saying we do not need diversity in white anything unless they want to make naacp and all the other nigger groups diverse @USER,1,['African']
13896957_gab,fart nigger nipple,1,['African']
11869608_gab,taboos questioning the holocaust questioning gays questioning feminists questioning jewish influence in government media finance entertainment questioning obesity and more but i think you are getting it,1,"['Jewish', 'Women', 'Homosexual']"
26107063_gab,that nigger loving ginger is a disgrace to the great kings and queens of england who would never have tolerate a nigger in the royal family,1,"['African', 'Other']"
1178763617606479872_twitter,dude just tried to square up bc we dont have native american costumes man get yo white ass outta here,0,"['Caucasian', 'None']"
1184756268042461184_twitter,they can informed about it all caucasians,0,"['Caucasian', 'None']"
17428294_gab,liberal progress was bringing down a white democracy that provided safety and protection for all citizens using boycotts they caused mandella to be leader of south africa communist and terrorist today a is rape capital on earth woman raped every <number> min a liberal success story,0,"['Women', 'African', 'None']"
6363140_gab,i disagree those you list are normally covered by the term sub continent asians are thai malay burmese indonesian etc,0,"['Asian', 'None']"
18848765_gab,i knew we d get the tareeqs and antwans to finally figure out those beaners are overing on all the free shit lmao,1,['Hispanic']
1178830333246087169_twitter,@USER so basically she saying amari dindu nuffin,0,"['African', 'None']"
1178823646934122496_twitter,i know the pu**y <censored> good nigga relax 🥴 🙄,0,"['Women', 'African', 'None']"
1178997417456349184_twitter,or do they assume the niggers do not have the funds for that,1,['African']
25425468_gab,pandora aside from its interrupting of my ethnic european music flow to play an ad filled with ghetto bullshit also wants to play ads in excruciating detail about menstrual products it makes me uncomfortable i would not really want to hear why one jock strap is superior,1,"['Women', 'African', 'None']"
18349415_gab,look at dis ugly dothaid kike beak look like its mouf wuz made fo suckin dat babydick @USER,1,['Jewish']
26871375_gab,ibor is dumb boomer kike shill proposition only paul nehlen shall not censor is worth a while,1,"['Jewish', 'Other']"
13929673_gab,look how the nigglets are looking at that white child,1,['African']
16554124_gab,always told you asians were based,0,['Asian']
20027500_gab,how long do chuck the schmuck and nancy his water carrier believe they will b in power as beaner illegals take over new york and san fran oops forgot they can not think liberals r stupid short sighted fools,1,"['Hispanic', 'Refugee']"
13775072_gab,that bitch is probably a nigger lover with <number> half breed nigglets and <number> baby daddy,1,"['Women', 'African']"
17265419_gab,what the fuck does matt heimbach think he doing is he really punching right for a kike publication,1,"['Jewish', 'Other']"
1060830_gab,@USER first islam ain t a race second using moral equivalency to enable islamic violence is suicidal,0,"['Islam', 'None']"
17233111_gab,african slave descendants mexicans ex pri socdem voters chinamen socialists and hindians socialist all vote on the same side along with queers and feminists the problem is immigration of races whose people lack protestant north sea germanic beliefs,0,"['Asian', 'Refugee', 'None']"
7083188_gab,as if venezuela did not have enough problems moslem vice prez lets more in,1,"['Islam', 'Refugee', 'None']"
25895876_gab,apparently he had a shirt with badges of the white power and ussr hammer and sickle symbols and another one that says born to kill sickening,0,"['Caucasian', 'None']"
1167796203179913217_twitter,@USER @USER there ’ a lot of blatant racism and pure ignorance in this thread the ghetto,0,"['African', 'None']"
1251874732770820099_twitter,@USER i love it when he said “ well she ’ white so definitely not my type ” 😂 😂,0,"['Caucasian', 'None']"
1179105362139594752_twitter,lol tariq deserved that whooping that bitch nigger,1,"['Women', 'African', 'None']"
11932127_gab,yep we have a play book in mein kampf with a few tweaks for today and i honestly think the jews have been using it against us tbh fam,1,"['Jewish', 'Men', 'Women']"
23811299_gab,perpetual war cuz the jews finance it and only the jews,1,['Jewish']
7084693_gab,i have zero f to give to someone who had it all but still could not get out of the ghetto mentally,0,"['Women', 'Men', 'African', 'None']"
15457141_gab,in canada we have people lining up at food banks vets homeless people sleeping on the streets children going to school hungry every day seniors living in the dark can not afford hydro rates native indians that have not had running water in 2 0 yrs trudeau crying about queers muslims,0,"['Islam', 'Homosexual', 'None']"
24756474_gab,i speak the way i speak because fuck you if you dont like it talk to the barrel of my gun communist loser afraid of the jews,1,['Jewish']
18481616_gab,snow nigger is a wonderful ephitet for inuit eskimo you really are stupid are not you,1,"['Caucasian', 'Homosexual', 'Indigenous']"
1178981848275398663_twitter,skrt skrt skrt sirop stripper pole fuck with us this nigger forever,1,"['African', 'None']"
1178174090739253249_twitter,@USER my ching chong dumb ass thought he was cutting dog meat,1,['Asian']
21937906_gab,fuck the hell out of new orleans nothing but niggers faggots nigger faggots trannies freaks and more fucking niggers,1,"['Homosexual', 'African']"
6369122_gab,fuck off kike,1,['Jewish']
22944955_gab,i hear that another mandela nigger died well good nothing makes me happier than hearing about dead commies,1,['African']
1185065618912890880_twitter,i was born a muslim i am a muslim and in ’ sha ’ allah i will die a muslim and you,0,"['Islam', 'None']"
24004967_gab,standup purity spiraled iself into a singer songwriter ghetto so that talented performers like a bob hope are not considered real comedians cause they paid other ppl to write jokes for them,0,"['Women', 'Men', 'African', 'None']"
9662057_gab,that piece of ghetto scum needs the firm application of an asp baton squarely across the bridge of her nose perhaps that would shut her up for a while,1,"['African', 'None']"
18384169_gab,well we always have the option to shoot that nigger dead on the spot for being black so yeah,1,['African']
13675592_gab,smallest amount in the kike bowl,1,['Jewish']
16445163_gab,with twitter banning me for <number> hours it is showing me the usa exactly what it feels like to be living in a communist state only thing missing is getting raped by a muslim watching my child getting married or raped by an old man,1,"['Islam', 'None']"
1178676461911175168_twitter,@USER @USER lol when i was in the military some of them white people at the club was fun to watch,0,"['Caucasian', 'None']"
3201658_gab,merry christmass to every one hope you have a blessed happy new year unless ur an anti american goat humpin moslem u can eat goat shit,1,['Islam']
25176418_gab,didnt cross my mind you most likely correct <number> as usually when its come to zhids and their behavior,1,"['Jewish', 'None']"
25331279_gab,remember <number> now with guns lolol if we are a minority did you count your zhid rats amount lol we can handle you as we did before,1,"['Jewish', 'Other']"
16516212_gab,yeah cos churchill was a proper hero ammrite churchill was a kike loving whore who sold his country down the river to his creditors,1,"['Jewish', 'Women']"
1178831186296094723_twitter,@USER @USER drag this nigger for filth honey,0,"['African', 'None']"
19968665_gab,another treasonous fucking kike in congress is trying to make it illegal for white people to defend themselves from genocide,1,"['Jewish', 'Refugee']"
1177304303796674568_twitter,@USER they gotta think bout the niggers 😂 i d be giving out smoke like a newport vendor,0,"['African', 'None']"
16163482_gab,they could not find <number> actresses to make this turkey and why are there no negresses in this what about that gorilless that got milo banned from twitter wasn t she available,1,"['Women', 'African']"
15544535_gab,unfortunately thousands of women look like this they have overdosed on vitamin kike you should let them know about their condition the next time they stop in,1,"['Jewish', 'Women', 'None']"
5116112_gab,cnn lies is hitler ‏ @USER 1 h1 hour ago i know that hard to fathom but as george zimmerman or the residents of ferguson if cnn is not willing to gin up violence <number>,0,"['African', 'Other', 'None']"
1178367147288010754_twitter,should i have been an athlete is this where they are hiding all the niggers,1,['African']
16174052_gab,sorry i was referring to the holocaust story i believe it to be a lie,1,['Jewish']
6680912_gab,vampire blood or just being white as fuck one of the two d i need to get these glove tan lines outta here though that almost worst,0,"['Caucasian', 'None']"
1178757336921493505_twitter,now that them white people out my life my post finna get real real niggerish,0,"['African', 'None']"
22967436_gab,the kike shill psyop ricky vaughn has deleted his post where he stated white identity does not exist so i will post the screen shot here now ask ricky tkr get gassed faggot,1,"['Jewish', 'Homosexual']"
18909927_gab,bunch of dirty fucking nigger lovers and men with tits,1,"['Homosexual', 'African']"
8309957_gab,wednesday beatnik poetry i live in a criminal hideout i live it through and through making burritos with my hoes i am a wetback so no shoes,1,"['Women', 'Hispanic']"
17465908_gab,boomers lolbertarians and kike shills are all here the platform is really picking up leftists know we made twitter much more interesting,1,"['Jewish', 'Other']"
27055799_gab,americanthinker usually with excellent editorials and i especially like the comments section today a jew harped on and on about poor pitiful persecuted jews and how terrible anti semitism is what so damn special they should have their own word for alleged racism,0,['Jewish']
27279573_gab,another example of a fine nigger buck,1,['African']
25052977_gab,why do not you at least him if you want me to add him you low agency nigger,1,['African']
1178731097229856773_twitter,@USER des r some of nasty cooked rubbish by blacks dat at times leads to revenge shoot outs by white supremercists learn how to stay in foreign lands respect ua neighbors u r but refugees,1,"['African', 'None', 'Refugee']"
26725075_gab,my gramma always says if u can not say something nice about someone do not say anything at all just call them a nigger and move on 😇,0,"['African', 'None']"
15415739_gab,jury in the katie stienle trial just let the piece of shit off not guilty of murder vigilante justice needs to make a come back in a big way if there going to let murdering beaners walk the streets,1,['Hispanic']
1090189166380544000_twitter,@USER i do not ihate these clowns trying to portray themselves the only muslims,0,"['Islam', 'None']"
1178334590949380099_twitter,who came up with i see you niggers niggering it up again cuz i say that in my head all the time 😭 😭 😭,0,"['African', 'None']"
1162378720855957504_twitter,@USER cool now do jews,0,['Jewish']
21285578_gab,are you just retarded jews have been supporting pedophilia for thousands of years so no wonder the white people jews are friends with are pedophiles so far the majority of people implicate in pizzagate are jews bit they dindu nuffin right,1,"['Jewish', 'Men', 'None']"
1121994389100699648_twitter,these niggas fake quick to break they will bend on a nigga,0,"['Men', 'African', 'None']"
13294129_gab,next on my world tour hot arabs arab women can be extremely hot if they just were allowed to take off those damn burquas nsfw,0,"['Women', 'Arab', 'None']"
12307994_gab,perzactly move along go be a nigger somewhere else,1,"['African', 'None']"
17226025_gab,they are calling him a nazi when he is surrounded by jews and has lots of jewish family and just changed the capitol to jerusalem nothing he can do will change them calling him a nazi,0,"['Jewish', 'None']"
3O0M2G5VC631OWMMIFJ4EG6A4ZD94K_nf_4,crazy stupid nigger,1,['African']
1179035441854443520_twitter,white devils like it i am drinking coffee brought to me by white devils sidekicks,1,"['Caucasian', 'None']"
1178672702716030976_twitter,@USER @USER yeo on god us that day them white peoples church came and had all of us confused 😭 ☠️ 🤣 🤣 🤣 🤣 🤣 🤣 🤣 🤣 🤣,0,"['Caucasian', 'None']"
25858883_gab,fuck you you fucking faggot degenerated kike parasite anti white c we are going to wipe you from the face of this earth you better pray there is not a war soon,1,"['Jewish', 'Homosexual']"
6923022_gab,why do women shower so much after being raped to get rid of the smell of fried chicken,1,"['Women', 'African']"
27232945_gab,she can say this because she so ugly not even a moslim would rape her,1,"['Women', 'Islam']"
24343767_gab,a white woman gets raped in my town i will kill a sand nigger i am not afraid of the joint,1,['Arab']
24288446_gab,this nigger belongs in africa,1,['African']
1237970711488036864_twitter,damn i really am into asians lmfao,0,['Asian']
17898824_gab,if a three year old nigger with down syndrome walked up to me and started giving me life advice i d probably listen then i d go find the careless nigger sow that shit it out and return the little burden,1,"['Women', 'African']"
26372949_gab,fucking hung nigger has a nice coat,1,['African']
26029739_gab,taking out iran only helps zionist jews and would create a larger refugee crisis,0,"['None', 'Men', 'Women', 'Refugee', 'Jewish']"
12192979_gab,superman was created by <number> kike dweebs back in the 3 0 comics has always been a juu controlled racket to brainwash young boys,1,['Jewish']
1177660948162793473_twitter,@USER i am fed up w this nigger,1,['African']
11125369_gab,nah fam that would be animal cruelty no way i d feed my dogs nigger meat,1,['African']
18138686_gab,all beaners back to taco land,1,['Hispanic']
1179085631374233600_twitter,@USER @USER niggers do not get counted,0,"['African', 'None']"
22080708_gab,i wake up everyday feeling blessed that i am a citizen of the united states in india there are more cellphones than there are working toilets god bless the great men and women who made our country what it is and who fight to preserve our exceptionalism on the world stage,1,"['Asian', 'Hindu', 'Other', 'Refugee']"
9844694_gab,this is pretty much the conclusion of the frankfurt school they said oh shit every time we jews stand out in white countries for the shitty things we do the whites notice and holocaust us only solution is to end white countries,1,"['Jewish', 'None']"
26159937_gab,i do not moozlim shitty hands on my food fuck tyson and starbucks,1,['Islam']
23156226_gab,president donald j trump at the white house easter celebration so involved with the children,0,"['Hispanic', 'None']"
4278617_gab,i see blacks are mad because trump is pro law enforcement i hope more cops flood the ghettos and throw away all the trash,1,['African']
18359394_gab,is expediency the benchmark for legitimacy with investigations your ability to bend reason has reached new heights and is now on par with nigger representatives in govt,1,['African']
1178694761345101825_twitter,@USER leave me alone porch monkey lol,1,['African']
6361940_gab,i love the straight up coverage and no holds barred language do not get to see enough of that rebel rocks that reporter had better bulk up though before the muzzies get a hold of him,1,"['Islam', 'None']"
5906351_gab,tonight on nbc chicongo justus an innocent moslem is murdered if the show was realistic there wouldnt be any white criminals in chicongo ban islam,1,"['Islam', 'None']"
19166924_gab,once again kike feds like yourself do nothing but demoralize and divide people you are a fucking kike fed,1,['Jewish']
16591249_gab,maybe she thinks jesus is black too that reads as insecure spiteful nigger talk to me,1,['African']
12537526_gab,hope they keep getting hit fuck spics what has any spic or spook nation ever contributed to america besides leeches criminals and drugs,1,['Hispanic']
6699092_gab,saw a head bagger in walmart tonight 1 st slave i have seen in my county full spaghetti vestibule hanging on the front i find it disgusting that these islamic invaders are allowed to subjugate women like that in america slavery has been abolished here fuckislam banislam,1,"['Islam', 'Refugee']"
12673633_gab,perhaps the bigger impact was within the demographic breakdown where muslims dropped from nearly half of refugees under mr obama to slightly more than a third christians meanwhile went from <number> percent to <number> percent under mr trump,0,"['Islam', 'Christian', 'Refugee']"
26721459_gab,this is a really interesting excerpt from planet faggot but back on the real world it pretty obvious you are a kike shill trying to pilpul your way out of humiliation very talmudic of you bro check with your local rabbis for help to avoid this beatdown next time,1,['Jewish']
13910153_gab,math algebra reason the work ethic the nuclear family all halloween costumes and all white people in general are racist so yes count me in metoo,0,"['Caucasian', 'None']"
13652786_gab,i am sad your a nazi splains a lot,0,"['Women', 'Men', 'Jewish', 'None']"
1114742810740051968_twitter,@USER its probably indonesian malaysian muslims who retweeted it,0,"['Islam', 'Other']"
16457957_gab,no nigger in this blood stream,1,"['African', 'Minority']"
24304053_gab,what funny is that white women marry white men at higher rates than any other race or ethnic group marry their own,0,"['Women', 'Caucasian', 'None']"
17238224_gab,cnn kike does not like goyim with guns even members of the military in afghanistan,1,['Jewish']
12132991_gab,that feel when the women in our movement are all whores and the women outside of our movement are all whores maybe my buddy sacco vandal is right and we should just copy nigger breeding habits for the sake of birthrates,1,"['Women', 'African']"
10777127_gab,fuck that nasty bitch with a moslem dick,1,"['Women', 'Islam']"
6144966_gab,right away the nigger goes to muh dik should be legal to decorate the city lampposts with these stupid animals,1,['African']
16505548_gab,no nigger bich taking da last pack of spare ribs when i am around,1,"['Women', 'African']"
1178941622815526912_twitter,my baby blunt smoking bitch fuck with us suckin this niggers,1,"['Women', 'African', 'None']"
19794404_gab,wetback dick x <number>,1,['Hispanic']
17420462_gab,hahahaha the greasy nigger slid right off 😹,1,['African']
12190462_gab,a cop getting acquitted for shooting a nigger when it was probably justified anyway now a bunch of white people riot in the streets with their black friends to look hip and trendy because it so hip and trendy to protest for extra rights for your black friends,1,['African']
18474031_gab,cantwell is getting shit from some nigger on ra about a jew who had rung up which is funny enough but then he hangs up on him and goes go be a nigger somewhere else,1,['African']
2504351_gab,@USER to be fair a few of them no doubt did come here before the us was established thomas jefferson also created the us navy to deal with the muslim barbary pirates who had been demanding huge amounts of in protection money from the colonies for years,0,"['Islam', 'None']"
10888406_gab,pro tip the niggers do not care if you never owned slaves granddaddy fought the natzis or great great grandad ground the confederacy into dust with the boot heel of the proto bolshevik yankee gubment force of weight and arms behind it they hate you because you are white and you exist altright,1,['African']
11070535_gab,and what if we told her that a bunch of misogynnist homophobic anti christian anti semites need to go live with the other arabs that do not want them,1,"['Arab', 'None']"
1115292264597741570_twitter,@USER just shut up jihadi and whole country will burn you if you oppose,1,['Islam']
1178796149106515968_twitter,@USER @USER now you know why valerie planet of the apes jarrett and barack porch monkey obanger rented an apartment across the street on pennsylvania boulevard it called a wiretap,1,"['African', 'None']"
11860957_gab,look all american good solid nw european descended white men women but have balls by your behavior fight club theme i think this is more important than which flag they will twist their photos but see the tiki closeups they still looked solid plausible,0,"['Women', 'Men', 'Caucasian', 'None']"
20613747_gab,michael wickson pretty sure he a leaf and his mom gave him a spic baby brother haha,1,"['Hispanic', 'None']"
24643552_gab,um lazy stupid nigger savages,1,['African']
1178740819529891840_twitter,lmao faggot fell lmao fuck the white boys,1,"['Caucasian', 'Homosexual']"
1179082073736269824_twitter,forgot one white person <number> look at all these inventions white people made which completely disregards that inventions do not exist in a vacuum and history has been revised by white people plus many inventions were stolen from slaves who never got credit as well as,0,"['Caucasian', 'None']"
24941082_gab,if you are white and act ghetto the left will like you,0,['Caucasian']
12713463_gab,if they want to truly boycott the nigger felon league not cutting the cord makes their protestations futile <money> per month goes to espn and you do not get a choice whether it included in your package or not,1,['African']
8687178_gab,niggers are only good for keeping judges cops corrections officers and parole probation officers employed go die you stupid worthless black nigger trash,1,"['Women', 'Men', 'African']"
22283835_gab,who the fuck is goatfucker hamed halts maul du beschissener hinterlader,1,['Arab']
1178986806487986176_twitter,on today dream how to escape a communist revolution with no way of filing for refugee to the eu or us go south african countries but make sure you are properly vaccinated,0,"['African', 'None']"
1170769_gab,@USER snerfbucket ima try call me nigger,1,['African']
5617428_gab,he got blasted by some in that tweet then that jewish kike told him hey tribe lets getting oscarssogoysih trending will fox news show his tweet on that,1,['Jewish']
14907484_gab,i personally prefer to trigger muzzi outrage they are a cult like scientology,1,"['Islam', 'None']"
1106775910647296000_twitter,@USER shut the fuck up kike enabler,1,"['Jewish', 'Other']"
1178771749451833345_twitter,@USER looks like the kid and her family tried to win that ghetto lottery by crying racism <percent> of interracial crime is black on white anyway,0,"['African', 'None']"
16674188_gab,it all racist it was all discovered by white people whites and asians tend to do well in it its a highly advanced system of greek and european origin its all raciss n shit or maybe whites and asians are just smarter maybe privilege has nothing to do with it,0,"['African', 'None']"
23930277_gab,<number> muslim paki filth <number> van job done,1,['Islam']
1179010384641982464_twitter,@USER waisay hai tou innovative u know like in the west they call them redneck 😅,0,"['Caucasian', 'None']"
1179028793035390976_twitter,@USER then we will now start giving same treatment to muslim that hindus hav in muslim countries they do not pelt stone on their army no riotsaur unn muslim conutries jaise uae ko bhi pta hai hamare paas to dimaag hai nhi bss crude oil hai inke paas hai,0,"['Islam', 'None']"
12477646_gab,if black people do not want non blacks saying nigga or nigger or negro maybe they should stop saying it,0,"['African', 'None']"
2344434_gab,maria l <number> year old medicine student from germany raped and killed by a muslim refugee,0,"['Islam', 'None', 'Men', 'Refugee', 'Women']"
25494915_gab,contra kike lo mas de base fuego y agua la purificación del mundo sin ratas de peste,1,"['Jewish', 'None']"
14312289_gab,<number> years ago the germans were anti zionists but jews smeared them as nazis a term coined by jews which means simpleton to bury the term anti zionist if youve been called a nazi it means youre feeling the toxic effect of zionism but jews dont want you to call yourself anti zionist,1,"['Jewish', 'Other']"
1178687145839599617_twitter,@USER @USER can you add btc to buff i thought you had to sell arcs or be a chinaman,0,"['Asian', 'None']"
1178864619068280832_twitter,nah nigga raped a girl and he works at kith that bad work,0,"['Women', 'African', 'None']"
22968939_gab,back to the old you can not say nigger in a rap unless you are black thing not even if you call yourself ninja and have blue hair,0,"['African', 'None']"
19629599_gab,better hide that herd from the muzzies,1,"['Hindu', 'Islam']"
15286264_gab,does that fucking niggerfaggot of barry soetoro has nothing better to do than sabotage the efforts to save the west,1,"['Homosexual', 'African']"
11352243_gab,if they are going to have a nigger mayor then at least elect a high voodoo priest,1,['African']
1201783640696463360_twitter,@USER is big league muslim,0,"['Islam', 'None']"
17030440_gab,iran our women and children are being raped murdered and stabbed by invading barbarians and we are worried about muh democracy in iran wtf iranprotests,1,"['Islam', 'Refugee']"
12201491_gab,the problem we are facing is that the world is changing not for the better either the muslim invasion was is and always will be orchestrated by the <number> main families which decide our future,0,['Islam']
12352960_gab,an interesting sentiment but only a sentiment nonetheless trump has emboldened the grip israel has on america he has largely overlooked the jew owned federal reserve and given free reign to kike bank goldman sachs both of whom were fined billions for crashing the global economy in <number> <number> maga,1,"['Jewish', 'Men', 'Women', 'None']"
2064251_gab,croats backed ol adolf almost unanimously and czechs slovaks were more or less ok with being under germany wing hitler wanted to kill all slavs is garbage tier yid propaganda same as hitler wanted to kill everyone who was not blonde and blue eyed so true from a board on 8 chan,0,"['Jewish', 'None']"
3756470_gab,@USER now it is a democrat ghetto that they are hiding,0,"['African', 'None']"
11872452_gab,some nigger trying to sell me an ebook,1,['African']
13375491_gab,aryan goddess taylor anti kike forcefield,1,['Jewish']
16539027_gab,begone racists anti semites and homophobes we white people want more inclusion and wonderful black and brown people in our countries,0,"['African', 'None']"
20055328_gab,this yid parasitic bitch should be hanged on the 1 st tall tree that grows in the center of the city to all to see and learn that yids are beasts of the field and not allowed to exist with humans,1,"['Jewish', 'Other']"
25138131_gab,you do not need to shut up i like when you talk exposes you as the kike loving shill that you are,1,['Jewish']
9788820_gab,i hope these nigger poachers get tortured to death slowly,1,"['African', 'None']"
26842382_gab,round up the jews,1,['Jewish']
15099545_gab,if you are from the ghetto it is,1,"['African', 'None']"
26779064_gab,literally every single fucking time it still honestly surprises me any time i find something that evil anti white or anti western civilization there is always always a fucking kike involved,1,['Jewish']
17844735_gab,the other kike claimed soros wasn t prosecuted because he was too old bulan kike claims it was because he was too young shoah <number> electric boogaloo will not discriminate by age all are welcome,1,"['Jewish', 'Other']"
10672631_gab,should be a new wing to this movement giving back to disenfranchised whites helping the vets old young community planting trees its non confrontational and men women can participate also does not give lefties something to target winning hearts and minds is the key to all of this,0,"['Caucasian', 'None']"
22750351_gab,so which beaner is your favorite baseball player do you have a big poster of him hanging on your wall,1,['Hispanic']
1106542157907836933_twitter,instead of telling muslims to not go to mosques directly tackle rising islamophobia and start taking white terrorism seriously,0,"['Islam', 'Other', 'None']"
23085433_gab,lies i d shove the kike in an oven it where kikes belong,1,['Jewish']
24968793_gab,if a pic can be shown send in the drone the cancer of islam needs to be eradicated not enabled ww2 vets are rolling in their graves,1,['Islam']
1272504278586777601_twitter,@USER has anybody ever seen a video of a gang of white south africans immigrants beating up anyone neither have i we all know why,1,"['Women', 'Men', 'African', 'Refugee']"
27781574_gab,rare photo of the gunmen before fleeing the scene also adios nigger ahaha,1,['African']
10224803_gab,mcpain traitor in <number> mussie loving mcpain traveled to syria to meet with moderate rebels rebels sent by ohell ohellary from libya rem benghazi to attack syria president assad this traitor was actually meeting with isis and arranged to get them more funding arms treason,1,"['Islam', 'Other']"
1178931084727218176_twitter,@USER and about kashmir did kashmir wasn t locked down by jihadi after burhan wani death for six month now they have problem because kashmiri are muslim they have not problem when <number> kashmiri pandits were kicked out of kashmir by those radicals,0,"['Islam', 'None']"
1168720558852321281_twitter,@USER im sorry but muslims disgust me at this point ngl,1,"['Islam', 'None']"
25706209_gab,i bet he wears a belt niggers are like retarded retards hopefully this white one will get the actual niggers to boycott america and leave it,1,"['African', 'Other']"
1262358122997448704_twitter,be honest that move down to <number> 8 k with bitmex going down was ghetto af,0,"['African', 'None']"
1178843246837092353_twitter,my grandma was legit the best role model my daddy could ask for she had a degree and a career and raised him in a christian household and the stupid nigger still chose the streets 😭,0,"['African', 'None']"
11158163_gab,@USER anonymous jews,0,"['Jewish', 'None']"
11498486_gab,divide you are a fucking spic rapists and criminals get the fuck out beaner,1,['Hispanic']
27299725_gab,merkel is a moron and an east german communist who loves muzzies more than germans when will the germans kick her fat ass out of office,1,"['Other', 'Islam', 'Refugee', 'Minority']"
15716977_gab,bump dis nigger,1,['African']
1179094638231031808_twitter,white claws are for white girls what michelob ultras are to mexican girls just an excuse to get drunk unleash their inner slut 🤣,0,"['Women', 'Hispanic', 'None']"
24241045_gab,people are getting pissed about the evil muzrat cult and gov t complicity,1,['Islam']
24651172_gab,i knew the jew dyke gatekeepers considered me disposable while i was still doing healthcare travel that the same nose as the dyke giving marching orders in the last dieverse city,1,"['Jewish', 'Homosexual']"
17388389_gab,are they have you ever asked one if they d prefer to live in the ghettos or in a nice spacious apartment in downtown new york trouble is with many us blacks there a massive chip and entitlement culture like our white chavs have here too lazy to earn it,1,['African']
1142371416823742464_twitter,red velvet got called black old and homophobic all by their own fandom i can ’ t 😭,0,"['Women', 'Men', 'Homosexual', 'African']"
27253077_gab,fuck off trailer park nigbeat i do not associate with welfare niggers like you gtfoh nigger,1,['African']
18852504_gab,sorry patience has worn thin at this point if any of these kike lovers even mentions isreal i mute them i do not want my screen getting infected with degeneracy,1,['Jewish']
19404399_gab,whoopi goldberk aka caryn johnson is a stupid nigger with no brain,1,"['Women', 'African']"
25502005_gab,morning fag kike @USER,1,"['Jewish', 'Homosexual']"
22341093_gab,and yet you continue to associate with people you deem nigger faggots,1,"['Homosexual', 'African']"
1178502719868325888_twitter,@USER get well soon ching chong 😌,1,['Asian']
21752351_gab,folks i do not wana be greedy so today i ama start da same program i had on twitter so here it is da first nigger who can retweet dis go win a free cup of shit to eat ok go,1,['African']
1081230732834603009_twitter,mds bui niggas gat me diving for conch in class,0,"['Men', 'African', 'None']"
1251189299627864064_twitter,russia is a bitch of jews,1,"['Jewish', 'Women']"
26841176_gab,correction please share sunday june <number> one <number> pm freetommyrobinson demonstration embassy of the united kingdom washington d.c. <number> massachusetts avenue nw the anti freespeech sentence of <number> months is a deathsentence for tommyrobinson who most certainly will be killed by muslim inmates freetommy,1,"['Men', 'Islam']"
25224181_gab,this shitty kike decided to create a group called nazi fail or some such jewry,1,['Jewish']
1178923049820643328_twitter,but the jews did not believe concerning him that he had been blind and received his sight until they called the parents of him that had received his sight john <time> faith bible god,0,"['Jewish', 'Christian', 'None']"
20551345_gab,liberal fuckwad kike loser,1,['Jewish']
1178841216902975488_twitter,@USER @USER @USER @USER white supremacists are those white skinned people who call themselves chosen superior they are ethnic ashkenazi jews regular unchosen white people are all native european gentiles,0,"['Caucasian', 'None']"
1178805995365179392_twitter,@USER <number> would lead to <number> imagine if all the arabs and palestinians suddenly became white they are allready redpilled and angry they just need a dose of agency and they will solve the problem in a heartbeat,0,"['Arab', 'None']"
7875367_gab,he should have bitched slapped that nigger that told him he was an embarrassment to the country those so called journalists are the embarrassment to the country,1,['African']
17336541_gab,@USER just the jews you fucking kike,1,['Jewish']
1178358437522137089_twitter,@USER am telling you my queen this niggers can make you lose weight in less than a week 😂 😂 😂,1,['African']
18235429_gab,i do not just hate kikes i hate kikes and kike accessories,1,['Jewish']
24765972_gab,it a scientific fact that their cranial capacity is smaller than a caucasians they have bigger bone density around the skull area to compensate they will never evolve to compete with the white mans world prime example underneath,1,"['African', 'None']"
1078537230505758720_twitter,@USER crazy rich rich asians 😍 😍 😩,0,"['Asian', 'None']"
1244966409135886337_twitter,i love how south african women go so hard for each other because nobody especially cishet black men is gonna back us like us,0,"['Women', 'African', 'Other', 'None']"
24332040_gab,he sounds like a nigger trying to cure aids by fucking little girls disgusting piece of shit,1,"['African', 'Nonreligious', 'Refugee']"
17600760_gab,lol nice try kike trying to convince me to dox myself because you called me a name tell ur kike line manager to try harder next time ur freudian bs no longer works on us goyim the goyim know,1,['Jewish']
1178876024995696640_twitter,what a fucking nigger,1,['African']
6128665_gab,so about trump taxes and rachel maddow somthing i found on <number> pol anonymous <date> tue <time> no <number> dumb dyke dumb kike dumb dykekike,1,"['Jewish', 'Women', 'Homosexual']"
7187906_gab,of course the most at risk though are not going there to be raped and tortured i will see if i can find you an article on just one of several cases this one stood out as the filipina in question was herself a muslim,0,"['Islam', 'Other']"
13059323_gab,and a good day to you i d shake your hand but i dont want to get kike all over it,1,['Jewish']
4225293_gab,i was in a bind once and had to spend the night in a low quality motel there was nigger hair stuck in the towels as it almost impossible to get it out i sure hope trump gets new towels at the white house,1,['African']
1165681693321322496_twitter,@USER kashmir is indian the ones who occupied were the muslims,0,"['Islam', 'None']"
24033949_gab,it hasnt done naz shah vile muslim mp any harm for liking a tweet telling raped white children by paki muslins to keep their mouths shut for diversity has it fucking paedophile labour party,0,"['Islam', 'None']"
13723911_gab,the average white liberal doesnt care white girls across europe are singled out to be raped by moslem invaders they will still support mass 3 rd world immigration the one thing that may make them change their minds is if you tell them how these savages rape torture animals to death,1,"['Islam', 'Refugee']"
18219048_gab,bs moralfaggotry salinger fyi was a kike pedo,1,['Jewish']
24202866_gab,shapiro being blamed for the mosque shooting can not say i give a fuck since he calls trump a racist every chance he gets as he wants arabs out of israel,0,"['Arab', 'None']"
8266153_gab,iow a ghetto nigger bitch who got lucky,1,['African']
12052665_gab,the church preferred communism to nazism because the latter had the potential to make them obsolete unlike stalin this kike butchers hitler took a far more tolerant approach only imprisoning priests believers when they opposed him knowing the appeal of racialism meant time was on his side,1,['Jewish']
22373929_gab,as usual it was just another pussy hat wearing faggot and dyke march,1,"['Jewish', 'Homosexual']"
17160929_gab,<number> jewish dominance has declined a lot intellectually but there still is a lot of jewish dominance socially which is a serious problem we have all these retarded leftwing jewish pundits like bill kristol who were legacy admits to college and they are trying to kill whiteness,0,"['Jewish', 'None']"
1127012164991160322_twitter,@USER @USER maybe they should not support racist homophobic islamophobic 🐷 🐷,0,"['Homosexual', 'Islam', 'None']"
1097714439825051648_twitter,assistam crazy rich asians mt boom,1,['Asian']
27444536_gab,i think i like gab for two reasons great memes and reading my husband argument threads i met and married this atheist but according to several nazi types i have married a jewish man does placing loads of exclamation points and random caps locking constitute better arguments 😂,0,"['Jewish', 'None']"
26871138_gab,the ex lying muzrat traitor in chief needs to swing for his crimes,1,['Islam']
1178734015555264512_twitter,questioning my masculinity will not get you nowhere niggers,1,['African']
17028194_gab,you first kike commie,1,['Jewish']
19996968_gab,oh we got us a high iq kike here huh can your high iq explain why jewish boy nicolas cruz murdered <number> kids because he jewish,0,"['Jewish', 'None']"
1186055160096808965_twitter,@USER lmao actually i take that back it depends on how much i like the person 🥴 but even then sucking dick is ghetto,0,"['Homosexual', 'African', 'None']"
23459877_gab,what is this red shoes meme i am hearing about did anglin really suggest wearing nigger shoes or am i wrong,1,['African']
1178939497456779264_twitter,@USER goodnight redneck,0,"['Caucasian', 'None']"
15319506_gab,i graduated from university high in irvine in the mid 7 0 i think the last time it was mostly white was maybe in the mid <number> or so all the vc got moved into garden grove and now almost all of oc is beaners and slopes,1,"['Hispanic', 'Other']"
13318606_gab,just hang the piece of moslem shit by the nuts with rusty wire if that does not work try his neck,1,['Islam']
25085831_gab,as long as its niggers killing nigger i could care less let these nigger animals kill themselves off,1,"['Minority', 'Heterosexual', 'African', 'Men', 'Nonreligious', 'Indigenous']"
4473541_gab,sli mg is not a good place to put your pics they say your pics are never deleted well they lie i can not even upload any more f ing kike bitches,1,"['Jewish', 'Women']"
19001762_gab,what is christianity but spiritual democracy who to say that aborted pail nigger is just as good and valid as you are god says the christian,1,"['African', 'Christian']"
1179031842416201729_twitter,@USER i have been up super early so shut up nigger,1,['African']
10750547_gab,adl kikes team with jewoogle and all right wing sites get attacked or shut down this will not stop us it will only make us stronger and bring more attention to you kike terrorist free dailystormer,1,"['Jewish', 'Economic']"
24569622_gab,joder los eeuu me estais poniendo tostao solo k me gustais y soy de jesús de borrar vuestrro mindo kike solo eso,0,"['Jewish', 'None']"
11556228_gab,rohingya muslim invaders,1,"['Islam', 'Other', 'None']"
27491646_gab,there has not been this much fuss over a minnesota coon since philando castille was shot,1,['African']
8333159_gab,i wanna see a <number> me page now ya dingo kangz larper you are a kike and ya know it at the very least ya post like one,1,['Jewish']
15621599_gab,california needs a leader who puts deportation and anti marxism first until you can do that you are just a chink boomercon,1,"['Asian', 'Refugee']"
1081640780563914752_twitter,islam makes everything clearer there is no ambiguity in the teaching of islam,0,"['Islam', 'None']"
1179040011150381057_twitter,this white ass man came in with a tattoo on his shoulder that says stop frontin nigga what the fuck is goin on,0,"['Caucasian', 'None']"
24390238_gab,noted you did not deny being a nigger lover now run along i have not got time to waste replying to sluts like you ok have a nice night,1,"['Women', 'African', 'None']"
13576511_gab,google and go to images lol pol utsav sanduja this nigger is getting destroyed for life,1,['African']
1178378974067675136_twitter,@USER @USER a white ethnostate just without white women to a degree similar to ancient athens there ll be several rings of living space the inmost reserved for white men not the irish slavs jews italians balkans new worlders etc,0,"['Caucasian', 'None']"
11542146_gab,this is the general attitude of all ghetto apes,1,['African']
1174716853287084033_twitter,maybe i must make a thread of all my niggas pictures handles and all kunyiwe once,0,"['African', 'None']"
26418398_gab,the chink salivates as the salamander cries out in extinction,1,"['Asian', 'None']"
18981588_gab,my ignorance proves i know nothing about this nigger comic i am good with that,1,['African']
11375262_gab,media if you keep calling moderate muslims terrorists you will just end up radicalizing them same media there absolutely no downside to calling all right wing white people nazis,0,"['Islam', 'Other', 'None']"
13922974_gab,it is very easy to criticize white activists if they are doing something stupid like fighting other white activists because they are from a different socialist gang,0,"['Women', 'Men', 'Caucasian', 'None']"
1179068531188621318_twitter,@USER @USER angry ching chong,1,['Asian']
1264509142451941376_twitter,@USER <number> bank islam,0,"['Islam', 'Other', 'None']"
1237051164857794572_twitter,@USER you all were mocking south east asians amp east asians esp chinese for eating insects now look at you all 🤭,0,"['Asian', 'None']"
10301315_gab,imagine a muslim coming up to some bystanding cops and say thank you for serving can i get a picture with your index finger pointed up,0,['Islam']
1100370306147901440_twitter,let cut the bs and call it like it is htpps :// theamericanguard org <number> <number> <number> the democrat partys black holocaust,0,"['Jewish', 'None']"
1084156205352841216_twitter,throw a banana peel at that nigger,1,['African']
1178841952797810688_twitter,@USER @USER of course they are all white supremacists you idiot,0,"['Caucasian', 'None']"
24198545_gab,and this is why i end up with nigger trainee doctors who can not speak properly lack basic knowledge of biology it truly scary if the public only knew,1,['African']
27577045_gab,wat they think ima white coon i aint gonna let dat shiet slide son,1,"['African', 'None']"
26152028_gab,move to a nigger neighborhood or gtfo,1,"['African', 'Minority']"
25032736_gab,does spic look white to blacks,1,['Hispanic']
16087960_gab,i am surprised blacks managed to get off their lazy nigger asses to vote,1,['African']
1178839564435234818_twitter,since i been at this school you niggers have never not complained about the homecoming artist give it up,0,"['African', 'None']"
7332120_gab,no thx great one notice the language bully beating rather than a nigger attacks a white in the ongoing anti white war,1,"['African', 'None']"
1178195367982227456_twitter,stg i fucking hate white girls yo,1,"['Women', 'Caucasian', 'None']"
16152907_gab,i swear between @USER and @USER it an endless repressed homosexual cacophany of moar black cocks i want moar black cocks an gay porn it really kind of sad guys seriously,1,"['Homosexual', 'African', 'None']"
1178572230189572096_twitter,white hennessy you know fuck this nigger slammin,1,"['African', 'None']"
22119924_gab,he will be out in a few years for good muzzie behavior or pardoned by the next pres,1,['Islam']
18734853_gab,this is a nigger loving liberal,1,['African']
1084505947408457728_twitter,@USER yeah thats pretty gross i dawn my yellow vest and kippah with pride do not like to be compared to a nazi,0,"['Jewish', 'Other', 'None']"
8582766_gab,there is one in missoula montana doing just that but the sand niggers will not appreciate our brutal winters so they will likely migrate south particularly after the last one coldest since the early <number>,1,"['Arab', 'Refugee']"
25090456_gab,i took my son along to his friend 1 0 th birthday party his dad is a policeman after playing musical chairs the kids all pinned a rape on a niglet who was there,1,['African']
1178793522574561280_twitter,@USER hussein obama wasn t interested in biden or ukraine he was busy importing almost a million african fellow moslems not refugees into the us to spread islam we now have dearborn mn omar talib and others thanks hussein,1,"['Islam', 'None']"
22919778_gab,one must wonder how long she will do in jail on the taxpayers dime before they decide to toss her spic ass out as for the guy castrate him and jail him for life the prisoners in nevada will deal with the matter themselves tyvm,1,['Hispanic']
1179102626207686657_twitter,@USER @USER @USER it was way better than sonoma if you remember your redneck jesus won the glenn also,0,"['Caucasian', 'None']"
1179045784781836288_twitter,@USER same with feminists nothing about the raping gangs attacking <number> year old white girls nothing about fgm although they are starting to demand nhs clinics to treat the victims but never any demand for the arrest of these criminals will lead to moslem only wards to our disadvantage,1,"['Islam', 'None']"
1178948343394967552_twitter,like and i had to the hedgehog would fuck themselves in the biggest nut niggers be like yeet bitch,1,"['Women', 'African']"
15924714_gab,ebonics williams a stupid leftoid niggerette on fox news should not be on fox news even though fox news is no longer fair and balanced nor conservative sheriff clarke a black man with a brain had to put up with niggerette bullshit,1,"['Women', 'African']"
1178556707720613888_twitter,@USER no he was some porch monkey who got shot by a mexican,0,"['African', 'None']"
27008358_gab,nice cover chinaman,1,"['Asian', 'None']"
17024438_gab,a building full of kike vagina is a <number> <number> dream come true kill yourself my man,1,"['Women', 'Jewish']"
17711892_gab,lol kike,1,['Jewish']
1261415275934539776_twitter,@USER niggas in london forget they just children of islander immigrants just like toronto niggas lmfao,1,"['African', 'Refugee']"
15642913_gab,when she whines i smile but i will not eat her tears or suffering she probably infected with hepatitis due to her poor moslem hygiene 😂 😂 😂,1,"['Women', 'Islam']"
1177674077772881921_twitter,that video of the deaf dude having sex was killing me yesterday 😭 and this nigger @USER gon post the video in the chat so i am dying all over again 😩 😩 💀 💀,0,"['African', 'None']"
1179063787581607936_twitter,@USER man i thought for sure her white ass was gon walk im glad they got her,0,"['Caucasian', 'None']"
1178720386642522112_twitter,@USER he dindu nuffin,1,"['African', 'None']"
19812848_gab,that shit doesnt even make sense so yes for wetback lmao,1,"['Hispanic', 'Refugee']"
15610807_gab,do you understand the morning after pill do you understand the prevention of fertilization or do you think when a muzzie rapes a woman it really cool that she should have to live with that because it a life,1,['Islam']
19795578_gab,imagine the riots if people actually got food boxes instead of ebt cards every ghetto in america would look like ferguson,1,"['African', 'Other']"
1117170620700217349_twitter,@USER so the nazis at @USER hate free speech,0,"['Caucasian', 'Other', 'None']"
1178391499312156673_twitter,i miss the niggers 😪 those were the times 💀 💀,0,"['African', 'None']"
26178271_gab,concerning thotgate it was only when women such as faith goldy lauren rose and blonde in the belly of the beast announced that they were embracing white identity ethnonationalism that figures like weev and anglin decided to strike lauren southern previous relationship to the nigger was known prior to the incident,1,"['Women', 'African']"
11544111_gab,no it will not we are a movement not a group of atomized individuals you are a very stupid person btw you meant dregs but you have the vocabulary of a retarded nigger,1,"['Women', 'Men', 'African', 'Other']"
14931858_gab,there once was a kike named schlomo who was a flaming pederast homo he lived for cum and cock in his bum coz the talmud said it was a go go,1,"['Jewish', 'Homosexual']"
9799561_gab,fearless trump records 2 3 rd stock market high up <percent> since election nation you benefiting greatly in usurper ohell 1 st term hiring his harvard egg head buddy stock market never reached a new closing high godless dems mussie ohell suck seth rich saved u from beetch @USER,0,"['Islam', 'None']"
1179076644230840320_twitter,sick of people saying asians are not poc bc of how east asians are pale lightskinned even tho that argument is invalid bc they are still considered poc since they are asian aka not white you all eliminate south southeast asians and forget that they are um very much tan dark,0,"['Asian', 'Other', 'None']"
1188375058974199809_twitter,<number> hour podcast are very ghetto @USER,0,"['Women', 'Men', 'African', 'Other']"
24546554_gab,do not trust this ghetto niggah or his pornstar attention whore wife yo,1,"['African', 'None']"
15813856_gab,i got thrown out of some fancy hotel on hollywood blvd a few minutes ago because i told the valet nigger where he could put his feelings about my attitude all in all a successful evening although i am sure my wife will disagree when she gets home,1,"['African', 'Minority']"
21764118_gab,when shariza appeasing may is sucking moslem cock does her husband brit fam,1,['Islam']
1871459_gab,the neo pagan classical alt right will worship a genderqueer odin a gay hitler and the 3 rd season of the wire on blu ray gonna be big,0,"['Caucasian', 'Homosexual', 'None']"
1122361671706505216_twitter,people asians cant rap @USER hold my fanny pack,0,['Asian']
1179012469286682625_twitter,wakanda forever niggers @USER,1,['African']
16850498_gab,yet when a nigger was made good on the north side his fellow simians literally camped out on the lawn of the 4 th precinct for weeks,1,['African']
1274439627043037184_twitter,idk how to feel abt ed twts odd obsession with asians,0,"['Asian', 'None']"
1178831704171126785_twitter,my mom really walked into my room and asked me why i look so oily it called moisturizer you dry ass white bitch i hate it here,0,"['Women', 'Caucasian', 'None']"
6213420_gab,i forgot that people can just randomly get mad as heck online if you casually drop faggot and nigger into a discussion to help emphasize a point,1,"['Homosexual', 'African']"
19230596_gab,men like feminine women so low t of asians is a clear winner women like high t men however niggers are likely offset by low status,1,"['Women', 'African']"
26036512_gab,the pentagon is like a street nigger constantly bumming cigarettes spare change,1,['African']
11828701_gab,soon we are going to realize it not a black problem it a culture problem the ghetto culture runs rampid and is glorified by rappers and hollywood actors and cnn,0,"['African', 'None']"
1162817977726750721_twitter,that nigga ice give new york niggas a bad rep,0,"['Men', 'African', 'None']"
20447446_gab,no but mestizo spic sure is,1,['Hispanic']
22888361_gab,says the moron as muscum rape murder commit pedophilia beat their women sell slaves on a daily basis no change in well over <number> years sorry clone zero guilt in my entire lineage never has been never will be what a sorry ass excuse for a human being you are,1,['Islam']
19509084_gab,in other jwo news trump plans to meet with kissinger yesterday that kike kissinger said he wants to nuke n korea,1,['Jewish']
14829257_gab,as long as you know niggers and blacks are not the same like immigrant and illegal immigrant are not the same do not sweat it cnn can not differentiate either go watch some tommy sotomayor and get educated,1,"['Women', 'Men', 'African', 'Refugee']"
19077326_gab,jewish males and queers in general routinely practice coprophagia,1,"['Jewish', 'Men', 'Homosexual']"
1178110624905224192_twitter,shoutout to all the dykes out here still fucking niggas,1,"['Homosexual', 'African']"
1178827615811067904_twitter,@USER i do not know but the power of pasco turned her into trailer trash when she go there,1,"['Caucasian', 'Other', 'None']"
13656466_gab,i still am not a nigger lover tho,1,['African']
6694940_gab,tom perez the dnc chairman reminds me of lenin but as a spic so i am calling him spic lenin also i have not called anyone a spic in a long time can not let the old slurs call into disrepair,1,['Hispanic']
26404891_gab,give a white man a hammer and he will build a glorious cathedral give an asian man a hammer and he will make more hammers give a nigger a hammer and he will bash another nigger skull in,1,['African']
11103370_gab,anyone remotely interested in philosophical thought or accurate social commentary should follow this man on gab the fact that we have fat negresses on cnn telling the people what to think and not people like this is a goddamn crime,1,"['Women', 'African', 'Other']"
1116866571434115073_twitter,niggahs was sayin she to pretty to b actin like a hoe and dey <percent> rite 😂,0,"['Women', 'African', 'None']"
1178870168593657856_twitter,@USER @USER and all the older white women are not like these crazy slutty women with one egg and a green card i guess it would not be a show if it did not show the worst in everyone 🤦 🏻 ‍ ♀️ still hooked though,0,"['Women', 'Caucasian', 'None']"
26096641_gab,i am a kike i thought i would be powerful and control the world and shit nah fam,1,['Jewish']
10994515_gab,you are right jared we should not judge tara or lauren southern by their distant yid ancestry arguing percentages is frivolous but we should judge them on the positions they take on the issues,1,"['Jewish', 'None']"
1178326656047386624_twitter,@USER @USER perhaps you should sto pforcing your morals on others like a 1 9 5 0 racist white christian,0,"['Caucasian', 'Christian', 'None']"
18144033_gab,i guess the nigger wasn t around to pez her so she wised up and jumped,1,['African']
1178690890258243589_twitter,@USER why d they all isra a muzzie,0,"['Islam', 'None']"
27360202_gab,pretty sure that the best counter to the kike on a stick argument,1,"['Jewish', 'None']"
24748953_gab,what anti whites dream of the whitest women mating with the darkest of subhumans how do you like it if you are healthy you find it very offensive,1,"['Women', 'African', 'Other']"
20820201_gab,and trump loves it he is a kike puppet,1,['Jewish']
25382001_gab,i sware to god u to go any nigger neighborhood an it looks like da 1 9 6 0 never left those niggers can not do shit for themself,1,"['Nonreligious', 'African', 'Other', 'Minority']"
16135963_gab,every last one with a drop of jew blood how do you actually foment a reasonable theory of who and are not gentlemen when the nazis inducted jews into jugend and put them on the cover of their family oriented magazines,1,['Jewish']
15311795_gab,these your kike bosses too feldman is cernovichs bossman he the most anti white kike on twitter,1,['Jewish']
16771882_gab,this film is a retarded oscar bait whore bitch cunt nigger faggot waste of fucking time jennay is a whore,1,"['Women', 'Homosexual', 'African']"
17972729_gab,smack lips aww sheeiit im a gorilla happy coon day,1,['African']
1178865112482013184_twitter,@USER the nigger has been prosperous too long so they gotta big up the below average play from the glorious white savior,1,['African']
4047451_gab,@USER it is in some circles but in others it the same as nigger to a lesser degree we can not criticize our own race traitors because when you are white betraying your people for smelly black and brown animals is a good thing,1,['African']
11620161_gab,oh hey it nigger dick hi nigger dick you still sharing your expertise on all things nigger dick with all of gab nice see ya around nigger dick,1,"['Men', 'African']"
1187374990137671681_twitter,niggas coppin designer glocks now imagine a nigga wit no aim having enough money to buy a designer pistol,0,"['African', 'None']"
22387373_gab,someone who still has a twitter account please tell this kike ass kisser that there are far more high iq white people in american then there are jews in existence jews get into positions because of nepotism not merit,1,"['Jewish', 'Heterosexual', 'Other']"
21835416_gab,this is the real face of islam this is what you retarded liberal morons are bringing into the west this will happen to each of you you fucking idiots you have not only done it to yourselves you have done it to the rest of us too,1,['Islam']
1179074942177955840_twitter,welp gave the negro too much credit because he currently ruining my bath by coming in here taking a shit,0,"['African', 'None']"
20978633_gab,i despise it when news personalities like lauren southern say they are not refugees they are economic migrants no you dumb kike bitch they are i n v a d e r fuck it after what happened to pamela shoot em if they do not leave,1,"['Women', 'Jewish', 'Refugee']"
27112312_gab,fuck canada prime minister the moslem fag,1,"['Islam', 'Homosexual']"
1178730697336508419_twitter,@USER @USER but remainers love fake news meanwhile in the real world everyone canyon your nazis in action,0,"['Caucasian', 'None']"
11272788_gab,oh look another anti white kike on gab my muslim buddies stab jews for peace,1,['Jewish']
10605861_gab,<number> rache für die niederlage des sozialismus import einer neuen arbeiterklasse weil die bisherige nicht mitspielt der islam wird als religion der armen verklärt schierer nihilismus der wohlstandsverwahllosten und dazu noch gewinninteresse,0,"['Islam', 'Other', 'None']"
19712308_gab,wow mind blown follow the white rabbit q,0,"['Caucasian', 'None']"
17943455_gab,please stop posting photos of the moslem faggot and the crooked white whore please im sick of them please stop,1,"['Women', 'Islam', 'Homosexual']"
23670806_gab,lol you must be butthurt to come on here and make an account just to hurl your kike bullshit go bite a baby dick heeb,1,"['Jewish', 'Homosexual', 'Other']"
1178976586168754177_twitter,so now in nyc you get a 2 5 0 k fine for saying illegal alien the official term for a foreign national living in a country without authorization but get over the use of the word nigger niggers tuesday thoughts,1,"['African', 'None', 'Refugee']"
23237197_gab,is this nigger serious,1,['African']
13049396_gab,it painfully clear why mudslime throw these people off rooftops,1,['Islam']
13022249_gab,wtf who are we vote against please in form cause just spout crap i am not going fallow facts and truths are what i am all about not crazy conspconspercy craps doo doo or very racist shit yes i have said bad words nigger 🤗,1,['African']
7009073_gab,hopefully the alt right went armed and defended themselves shoot a few antifa faggots center of mass the rest might learn we do not have to take this bullshit from the left,1,"['Homosexual', 'African', 'Other', 'None']"
21127890_gab,you deserve death if you voted yes cruz that dumbass spic was destined to lose,1,['Hispanic']
17476080_gab,it an infinite regress of jews jewing romans jewing anglos jewing jews philosophy and logic cannot help us here,1,['Jewish']
1178262260063584257_twitter,@USER what a shameless audacity of indian delegates smiling over such a critical issue put forward by pakistan in unga simply signifies and proves the insensitivity of indian faggots it indeed is a slap over their disguise of so called india a peace country,0,"['Asian', 'None']"
7506086_gab,i have to see niggers at work in cars at stores just about every fucking where but one fucking place i refuse to see them is in my home that includes the tv muh sportsball,1,"['Women', 'Men', 'African']"
1178889090537648129_twitter,@USER from <number> hindus are <number> in pak every day hindus are being murder even <number> <number> years hindu girls being raped are you people happy of that is it mandatory for pakis to rape hindu women before converting them,0,"['Islam', 'None']"
1179062513071218691_twitter,silver medicine in my pants skrt this nigger ass clap,1,"['African', 'None']"
23043975_gab,taking chink posting seriously hahahahahahahahahahahahahahahahahahahahahahahahahahahahaha,1,['Asian']
19134083_gab,you put the nigglet in a bag full of money and wait the father to stole the bag,1,['African']
3TCFMTM8HEP9WD44AOLN6VRTM9T218_nf_6,it an old post that was cherry picked after the fact this kike is full of shit,1,['Jewish']
1179049870092488704_twitter,just because bjp supporters and bjp ministers talks about ethnic cleansing of indian muslims it does not mean modi is not anti muslim,0,"['Islam', 'None']"
17882471_gab,i believe the reason @USER is upset over the donald saying shit hole countries is because the zipperhead herself is from a shit hole country,1,['Asian']
24887819_gab,dont try to follow me cunts i aint blind bitch faggot sandniggers,1,"['Women', 'Homosexual', 'Arab', 'None']"
25690451_gab,we need to stop all id to the nigger nations le the sub humans fend for themselves let mother nature cull the feral herds nothing better than niggers getting rid of niggers,1,['African']
1104975660844347392_twitter,@USER hm somehow i do not care about the opinion of someone whose only tweets about the tribute are abt the white women,0,"['Women', 'Caucasian', 'None']"
16210558_gab,the iranian regime has a mosque in my home town thousands of miles from tehran its controlled by the revolutionary guard do not let the persian kike fool you,1,"['Jewish', 'Other']"
1162934206793748481_twitter,sleeping alone is ghetto 😭,0,"['African', 'None']"
19137219_gab,lol shoo shoo you belong with the sand niggers,1,['Arab']
1275939308713775107_twitter,@USER it ’ ghetto lol,0,"['African', 'None']"
6578482_gab,niggers im calling it nigger day on gab huwhite folks should jump onboard coz i need some buzzfeed action to validate my ass,1,['African']
18315448_gab,a god dam kike only thinks about sucking babydicks and making believe they holy,1,['Jewish']
25304489_gab,oink oink oink infront of dem nigglets boy,1,['African']
1178105174239395842_twitter,@USER @USER oh i do not want to even think about that gives new meaning to camel jockey,0,"['Islam', 'None']"
4120088_gab,@USER the nigger taboo can be broken easily it just requires someone in the public to stand up to it trump has to not back down on this though he gotta remember we have got his back approval will take a hit at first then rise again,1,['African']
27656195_gab,i am <percent> irish origin both parents irish no dirty jew here the kike never infected ireland,1,['Jewish']
1207895450491203585_twitter,@USER he also a white man whose family was killed by white supremacist nazis weird how that works,0,"['Caucasian', 'Other', 'None']"
11323439_gab,since it has already been established that as an aggregate blacks could integrate just fine in this country and still do in many parts of the country its clear the issue must lie with other factors specifically with post <number> urban black populations,0,"['Women', 'Men', 'African']"
8416696_gab,paula deen said nigger <number> years ago and is still catching heat for that honestly what bill said is not offensive to me heard the word my whole life but the double standard is ridiculous,1,['African']
1242862855390736385_twitter,@USER @USER tell her to fuck off what the hell is she doing posing as a rabbi vile common shit bitch,1,"['Jewish', 'Women', 'Other', 'None']"
1210624877012627456_twitter,@USER typical ghetto garbage,0,"['African', 'None']"
17331587_gab,why are there interracial couples in almost every commercial we see accepting diversity is part of being an american nope psychologically break tribalistic instincts among white americans convince a large portion of them that open borders and mass immigration are virtuous,1,"['Caucasian', 'Refugee']"
12763421_gab,who are these people most of them are jealous angry people from other nations acting out emotionally any american who is parroting the kike line of american identity does not exist should be presumed to be mentally ill if you do not exist then what are you fighting for,1,"['Jewish', 'Other']"
26261243_gab,yeah i think it time for some pest control the coons are out of control,1,"['African', 'None']"
6323825_gab,derek the half nigger is mad tho,1,['African']
1178829108370972672_twitter,@USER do not even try for that wrong ideology bullshit antifa is not suppressing the free speech of innocent activists they are counter protesters to white supremacists and neo nazis,0,"['Caucasian', 'Other', 'None']"
8533874_gab,fuck ramadan fuck moslems death 💀 be upon you you filthy stinking retarded fucks you stupid fucks wash your nasty balls fungus infested feet before you pray but never brush or floss your rotten teeth you smell like you have been eating shit sandwiches,1,['Islam']
1178948001655599109_twitter,a plain white boy running from demons to escape white privlege,0,"['Caucasian', 'None']"
27480049_gab,what does everyone think about tommyrobinson being moved to a majority muslim prison,0,"['Islam', 'Other']"
12830433_gab,there studies that show that homo relationships and interracial relationships have higher levels of domestic violence so i have got my fingers crossed that milo mandingo is going to be the nigger faggot version of oj simpson,1,"['Homosexual', 'African', 'None']"
1110023098869399553_twitter,where is the bag of money nigger where is the bag of money,1,"['African', 'None']"
5628068_gab,america is so racist that they think asians are smarter than blacks and hispanics they also pay asians more too and asians are more highly represented in high tech industries i blame white people,0,"['Asian', 'None']"
4746287_gab,my grammar nazi mate has recently become a born again christian now all he talks about is jesus and his twelve apostrophes,0,"['Jewish', 'Other', 'Christian']"
18439758_gab,on average blacks commit far more crimes but you can not understand averages so enjoy your nigger paradise community,1,['African']
22841370_gab,american vets discarded by the jews are passing this and organizing against them they wont protect jewish lives now that everybody knows jews want whitegenocide achtung juden,1,"['Jewish', 'Men', 'Women']"
12606818_gab,<number> pervs and a muzzie bitch,1,"['Women', 'Islam']"
21934219_gab,continues to brag about muting continues to prove my point about him being a kike continues to do the kike thing of projecting mental deficiencies,1,['Jewish']
17116108_gab,we owe it to them to give them a real holocaust this time it the just and noble thing to do,1,"['Jewish', 'Men', 'Women']"
22595169_gab,i am sure evergreen will take him if the massive nigger tranny chimpout that erupted on their campus last year is any indication,1,"['African', 'Other', 'Asexual']"
1178686093702549505_twitter,@USER @USER @USER shii its really other counties you gotta worry about tho marion county been droppin marijuana charges shii i was caught several times with weed and cops juss let me go its them white ass counties that get boys,0,"['Caucasian', 'None']"
1178734502627217408_twitter,isis taking control of a country is a bit like liam neeson being raped by tom hanks,0,"['Islam', 'None']"
1179026811335954432_twitter,@USER what these people are are white men tired of seeing negro with they women tired of seeing illegals working hard on thier turf tired of seeing their white world slowly changing in short the klan what they do not realize sadly is that this ain t the <number> nor <number>,1,"['African', 'Refugee']"
21611117_gab,just noticed that nigger has blonde hair ya see folks all of the shame and sins they put on whites is not about equality or fairness etc it is about controlling whites they hate whites they rub it in your faces,1,['African']
20078058_gab,number of reported deaths total civil war causalities <number> jewish holocaust deaths <number> <number> think about how ridiculous that sounds,0,"['Jewish', 'Other', 'None']"
15231597_gab,fuck the nigger bitches,1,"['Women', 'African']"
21649243_gab,saying nigger online explicitly because @USER ‍ told me not to,1,"['African', 'None']"
16288097_gab,fuck off you nigger loving whore your mom need a slap upside the head for boring such a chicken shit pansy,1,"['Women', 'African']"
1089490537093181441_twitter,@USER wtf 🤣 🤣 🤣 🤣 🤣 everyhting is ghetto trust me,0,"['African', 'None']"
17825927_gab,don lemon is a nigger,1,['African']
2867169_gab,remember in the french revolution when the people who sat in the left wing of the room asked for muslim immigration benefits for minorities identity politics welfare language police safe spaces etc me neither modern leftism is not even remotely based on the original ideals of leftism,1,"['Islam', 'Other', 'None']"
1162249536292569091_twitter,@USER @USER what a vile islamist you have become shame,0,"['Islam', 'Other', 'None']"
1103357342790361088_twitter,@USER in the name of humanity iraqi refugees ask the whole world to be mercy with them standwithiraqirefugees,0,"['Islam', 'Refugee', 'None']"
27770061_gab,@USER yo ur fav niglet prom date,1,['African']
1169985560938799104_twitter,shoot a nigga on his porch and make him fall in his kitchen,0,"['Men', 'African', 'None']"
17958017_gab,do not be aggressive says the nigger mandela fuck that,1,['African']
1178854574683279360_twitter,@USER i fucking hate white liberals,1,"['Caucasian', 'Other']"
1178769181845659648_twitter,lmao so that really the nigga i was struggling for what typa weed was i taking 💀,0,"['African', 'None']"
16422464_gab,tuckerhighlights <date> t smiley wrongfully dismissed by pbs metoo about to crash barry doj deliberately undermind dea for muh iran deal mueller inquisition improperly seized trump team emails harvard being sued for discriminating against asians us govt spends <number> m p yr hunting ufos,0,"['Asian', 'None']"
1176555623586107393_twitter,twitter would have flooded with islamophobic topic if it was other way around but anyways ohm namah shivaya,0,"['Islam', 'Other', 'None']"
1271869_gab,hillary clinton ‏ @USER 9 m9 minutes ago heartbroken for the families of two brave officers who were killed in iowa there no justification for this kind of violence h since the suspect was white i expect to hear we want your guns line from hillary obama,0,"['Women', 'Men', 'Caucasian']"
4322382_gab,@USER likewise my pinned tweet on inbreeding in the islamic world had almost <number> impressions then the moslem douche that started screaming on the airline and cried racism reported it and had his followers flag me for hate im just happy to have gotten the info out there,0,"['Islam', 'None']"
20186071_gab,send all jiggaboo porch monkies to wakanda make niggers geographically isolated from huwhites again,1,['African']
1116783645820379138_twitter,@USER but did not romans crucified christ so why blame jews 🤔,0,['Jewish']
15761539_gab,if the poms cared as much about saving their country as they do about trying to beat the aussies at cricket every muzzie in britain would be back in pakistan egypt and saudi by now,1,"['Islam', 'Refugee']"
11553448_gab,calling me a nigger on gab does not faze me i will be really impressed when someone on here calls me a mooncricket,0,"['African', 'None']"
21155879_gab,eli lake was on the special report panel tonight he generally fair to trump but he was in full talmudic rage tonight ripping on trump at every opportunity i suspect cohn ouster along with the tariffs has ruffled the feathers of the kike community,1,['Jewish']
2414672_gab,i was horrified by saudi arabia ban on women driving until ohio gov kasich enriched my local community with muslim refugees now i understand speakfreely,0,"['Islam', 'Refugee', 'None']"
21563650_gab,you seen how many old stormer accounts have been banned i got a warning for defending paul nehlen against based spic maga hat burger nationalists,1,['Hispanic']
15479355_gab,is that why its illegal to say the holocaust is a lie or is it because jews do not want people find out the holocaust is a lie forgivehitler,1,['Jewish']
23129338_gab,@USER lets the degenerate kike @USER ‍ fuck him in the ass and cries piteously during the torrid act but deep down he very much aroused at the idea of a filthy jew dominating him that a real radical agenda next week tune in for the threesome with paul nehlen,1,['Jewish']
1166049726720020480_twitter,eww i hate niggas that ’ why i ’ m lesbian 🥰,1,"['Men', 'Homosexual', 'African']"
25670170_gab,a coon is walking down the street when he sees an empty coke can and kicks it a genie appears from the can and grants the man one wish he replies i wanna be white and surrounded by pussy so the genie turned him into a tampon,1,['African']
1261416040388386816_twitter,@USER @USER i can lmao theater meets ghetto i will snap them in a second,0,"['African', 'Other']"
19839354_gab,let us help the nigger sows pack,1,"['Women', 'African']"
1179030288065859585_twitter,so that is why mom brother who works in google a pakistani born married a local american women divorced her got married to a rich paki doctor wow ye concept hy phir they shifted to us great,0,"['Islam', 'None']"
1963795_gab,@USER she should go meet muslims where sharia law is the rule and hang out there and then come back and tell us how she was treated wearing something as simple as she wearing in that pic she d be gang raped and beaten then charged with being a slut,1,"['Women', 'Islam']"
10950260_gab,trump is a kike in sheeps clothing,1,['Jewish']
19506756_gab,deport them fuckin sand niggers,1,"['Arab', 'Refugee']"
19840172_gab,catch a nigger by his toe stop him raping an underage how,1,['African']
23659387_gab,i know that but they claim to be jewish i have read the bible enough and have researched enough to know they come from russia not palestine when the remnant of the jews were released from persia they headed east not north that i know of,1,"['Jewish', 'None']"
18905987_gab,they whipped baseballs at nigger heads literally lol the olden days were awesome,1,['African']
1267272903579652097_twitter,wasn ’ t there a time in the fandom where people said matt ej is a muslim king,0,"['Islam', 'None']"
27216671_gab,lol curb stomping gifs are a personal fave fuck that spic faggot,1,"['Hispanic', 'Homosexual']"
14337574_gab,you nigger faggot a war is coming you and your subhuman brethren will not survive it,1,"['Homosexual', 'Minority', 'African', 'Nonreligious', 'Other']"
1143112613246595072_twitter,we need to respect muslim army because they are human too,0,"['Islam', 'None']"
14755285_gab,we are awake not woke let not butcher the english language we are not peasants or ghetto,0,"['Women', 'Men', 'African', 'None']"
14588809_gab,a moslem ban from the beginning would have been better,0,"['Islam', 'None']"
22568574_gab,yes they do ours hates niggers she goes nuts anytime she see a nigger buck or sow,1,"['African', 'None']"
1178872988336304128_twitter,signs your walls are too many friends in college who live in the south cause i d pick up a drawl faster than you can say pickaninny,0,"['African', 'None']"
15911604_gab,um but you do realize that jesus was a kike and that christianity was originally another like cult right,1,"['Jewish', 'Christian', 'None']"
14059560_gab,the hpv causes cancer scam was introduced to the goyim so as to make mega shekels on yet another bogus kike vaccine here goyim we have gardisil for your girls and boys do not buy the kosher bullshit bro,1,['Jewish']
17827302_gab,you mean a typical subversive perfidous christ killer kike,1,['Jewish']
19619203_gab,a very important point this is why they want to demonize white ancestors so that we become disconnected from and reject the wonderful legacy of our own past and the incredible accomplishments of those who came before us,0,"['Women', 'Men', 'Caucasian', 'None']"
1211099588351778816_twitter,this being single shit is ghetto as fuck,0,"['African', 'Other', 'None']"
3777108_gab,people are too willing to blame the muslims for everything instead of bothering to search for the truth the ordinary muslim is as much a victim as we are seek and find,0,['Islam']
2237880_gab,notice how the bbc split the immigration figure up so it appears less than <number> maybe they can also split it so it shows number of moslem fanatics came in,1,['Islam']
16900430_gab,so when our youngens are grown up and the fight is theres too late our government has indoctrinated them to be queers and dykes forget your ancesters and their achievments 1 1 th @USER,1,"['Jewish', 'Homosexual', 'Other']"
1179086935459057665_twitter,today one of my queer white students says i know they say vsco girls are defined by saying that the tea and and i oop but actually they are just appropriating black queer culture which is actually the tea sis train them up and watch them fly you all,0,"['Homosexual', 'African', 'None']"
1100317840152891392_twitter,@USER who is muslim here,0,"['Islam', 'Other', 'None']"
22676555_gab,lol get a load of this kike,1,['Jewish']
25643113_gab,i would not knowingly patronize any place especially a food or drink store where muzzies are i try to stay as far as i can from those murderous goat phucking freaks i bet they serve with the same hand they wipe their ass with,1,['Islam']
12172065_gab,an idiot a nigger a jew a muslim you are not british if you live in that cunt of a place,1,['African']
13256880_gab,i actually bring the average dance skill of white people down two notches,0,['Caucasian']
24959028_gab,on the left jews putting a sad face for the pictures that they would publish around the world on the right the same jews celebrating that their enemies were killing each other and soon israel would be created without shedding a single drop of jewish blood,0,"['Jewish', 'None']"
19236520_gab,yep obozo he knew all of the crimes the muslim camel jockey who hates himself if only i would have looked into acorn in chicago it all was right there but hell we got trump maga,1,"['Islam', 'None']"
3243172_gab,my moms friend says i should b more kind <number> the filthy jews so im gonna start calling them grimey jews since im filled with christ love on the christmas holiday even tho the fucking jews murdered jesus who was white,1,"['Jewish', 'Christian']"
1178658944136429571_twitter,these country mfs never start on time land of the free home of the niggers,1,['African']
19659847_gab,looks like another sand nigger,1,['Arab']
16177561_gab,do not quote me nigger you are no better than these salty stormfags,1,"['Homosexual', 'African']"
18361661_gab,i like my fascist freedom of speech as jews call every word that a non jew says to suppress his liberty just the way it is jews because your satanic diversity of opinions has brought us this,1,['Jewish']
9206345_gab,the blm leadership have been out disrupting lgbt events the black militant muscle panthers guerilla family et al who were murdering whites cops are who knows where the street thugs burning and looting are probably in and out of jail or being moved to prey on the white suburbs,1,"['African', 'None']"
1097012359481053185_twitter,@USER what if the sugar gramp was a ss soilder who killed hundreds of jews but is a multi billionaire 🤔,1,['Jewish']
1179092292436660224_twitter,@USER wait until it starts in earnest we have had muslim grooming gangs operating in the uk for years literally thousands of young girls have been raped and abused while the police and the authorities were paralyzed by political correctness irredeemably shameful,0,"['Islam', 'None']"
23925837_gab,egyptians worshipped crocodile gods christians worship nigger gods,1,['African']
1178775205319188481_twitter,@USER i will call my friends and we go fuck up that nigger,1,['African']
25056500_gab,ask anglin he likes kissing little nigger boys,1,['African']
20983829_gab,oh well why did not you say you are nazi trailer trash to begin with let see — idf chick on the left or lisa white trash nazi gangbang slut on the right hm decisions decisions i will go with the idf chick run along nazi scum,1,"['Women', 'Caucasian']"
22145477_gab,infrastructure is required to get energy from the ground to the socket the wetback vag whose <number> day old bridge collapsed in miami last week might be building power lines next,1,['Hispanic']
22968073_gab,fuck splc and every filthy kike on planet earth,1,['Jewish']
27916784_gab,the white middle class college educated useful idiots of the left fail to realize that the leftist establishment only cares about immigration for votes and cheap labor they will not understand this until they are laying in a ditch raped by some spic bleeding to death,1,"['Hispanic', 'Other', 'Refugee']"
23844035_gab,<number> <number> <percent> of brits think multiculturalism is a failure i guess the other <percent> are happy with their muzzie master there no great in britain anymore soon big ben will be converted into a minaret,1,"['Islam', 'None']"
1210120012830257152_twitter,@USER i am a muslim wish you one and all merry christmas 🎄,0,"['Islam', 'None']"
22188456_gab,i have no idea why anyone would care about jereb whoever that is the adl on the other hand is a large and well armed force completely loyal to jews and only jews that has almost completely undermined white america the only america and must be destroyed,1,"['Jewish', 'None']"
24711574_gab,american conservatives now that bolshevik jews are banning guns in america how many of you would oppose that your local national socialists burn their houses during the night,1,"['Jewish', 'Other']"
13243837_gab,interesting do you know a lot of jewish women in real life,0,"['Jewish', 'Women', 'None']"
20619988_gab,because he a nigger,1,['African']
13749870_gab,nope never claimed to be a kang that what niggers do i am just a regular guy who wants my country back and who does not want <number> white women a day to get raped by niggers which is what currently happens in this country,1,"['Women', 'Men', 'African']"
1179066514974093312_twitter,@USER @USER @USER @USER @USER @USER @USER @USER @USER @USER @USER @USER @USER @USER @USER @USER @USER @USER @USER @USER @USER @USER @USER @USER anyone wanna bet how long until he starts denying the holocaust,0,"['Jewish', 'None']"
3970862_gab,fbi completely inept paralyzed by pc airport shooter who killed <number> while shouting allah akbar converted to islam changed name to aashiq hammad purchased ticket under new muslim name recorded islamic religious songs fbi can not tell terrorism was the motive maga trump gabfam banislam,0,"['Women', 'Men', 'Islam', 'None']"
1178680002746957827_twitter,video is about the muslim islamic invasion of europe that is happening now this nation must have a constitution change to ban muslim islam kamala harris on the campaign trail has said that sharia law is superior to our constitutional law and must prevail this,1,"['Islam', 'None', 'Refugee']"
14864489_gab,one thing you can count on are the beaner men giving us a pinata full of lurid sex scandals thanks mexico,1,['Hispanic']
1184585287231590400_twitter,lock this nigga up and quickly,0,"['Men', 'African', 'None']"
16281001_gab,them feels when you realize yo girl just ran off with a nigger,1,['African']
9156031_gab,why arabs lose wars,0,"['Arab', 'None']"
14157177_gab,@USER talked about this they have high self confidence because their brains release more serotonin for lower levels of accomplishment that why you can have a bunch of dumb niggers in an african slum with giant smiles on their faces they are too dumb to grasp their own stupidity,1,"['Women', 'Men', 'African']"
23801279_gab,your target is here go get these filthy shit skin moslem terrorists,1,"['Islam', 'Other', 'Minority']"
22090260_gab,can e g asians only code in unicode due to the symbols if not how are they handling ascii,0,"['Asian', 'None']"
25825567_gab,yeah i do not believe the come and take it crowd we will see kike controlled cops will put bullets in your children heads just an fyi when supporting law enforcement thin jew line,1,['Jewish']
18837400_gab,chosen iq gab crashed and sent my reply unfinished embarrassing point is this guy is a dirty nigger,1,"['African', 'Minority']"
15334455_gab,everyone i disagree with is a kike alright i guess that the side i will join,1,"['Jewish', 'None']"
10001291_gab,jews are responsible for destroying my towns culture and turning leeds into a ghetto hell of dollarstan full of dollarstanis please killalljewz,1,['Jewish']
1179043156131811329_twitter,you niggers are dumb,1,['African']
25837971_gab,kikes are from poland not only are you demoralized but you are retarded as well,1,['Jewish']
14031786_gab,the jews are less than <number> of the total world population so the only way you can be right is if all the jews are some kind of ultra wizards fyi the jews are not some kind of ultra wizards,0,['Jewish']
13104004_gab,london mayor suckdiq kahn has room for a fellow muzzie terrorist,1,['Islam']
1178854367929106432_twitter,fucking ulgly ass bitch ass stinky ass bitch ass nigger slave nigger teacher faggot peace of shit suck a dick,1,"['Homosexual', 'African']"
26190379_gab,labour should always be written in scare quotes as labour seeing as how it has nothing to do with the working class and a whole lot to do with kike academics and other fruitcakes,1,"['Jewish', 'Homosexual', 'Other']"
12803910_gab,wow you think race has nothing to do with it why do we have all these ghettos in america you think race does not dictate behavior you really think these immigrants come here because they want to adopt your white american heritage why are they tearing your monuments down,1,"['African', 'Other', 'Refugee']"
1171441718434000906_twitter,@USER well if she wants sharia law she ’ going to reignite the war of muslim law against america,0,"['Islam', 'None']"
15285239_gab,minnesota the leftwing moron state home of al frankenstein does not have reciprocity with texas they are too busy letting the muzzies take over to do anything sensible swamp ducks,1,['Islam']
8593897_gab,conservative values are universal it just a weird statistical blip that they arose in a <number> white america and survive in a <number> white gop captain demsrrealracist,0,"['Caucasian', 'None']"
1144419935868710913_twitter,black americans listen closely to this debate you have been replaced by illegal aliens,0,"['African', 'Refugee']"
1178551448197574656_twitter,@USER shit crazy i go from unsaving the niggers number to putting it right back as baby i be doin too much lol,0,"['African', 'None']"
19742388_gab,obama wanted millions of muslims in america he wanted what western europe has a muslim shithole with no go zones terrorism pack rapes child grooming sharia riots,1,['Islam']
1179083942261080064_twitter,this patient is like x school is full of black people ghetto stop right there bitch self hating fuck you do not get a free pass to say racist shit because you are half black,0,"['Women', 'African', 'None']"
20121173_gab,@USER when are we going coon bashing,1,['African']
15739147_gab,khazars were terrible people who installed an oligarchy over ukraine whether or not you accept the khazars theory jews today fucking hate jesus and white christianity so either way these kikes are scum of the earth,1,['Jewish']
17398812_gab,it important to learn up on your kike varieties spotting yids can be the difference between life and death,1,['Jewish']
23631407_gab,gutmenschen probleme ich würde einen moslem niemals in meine wohnung lassen und schon gar nicht in die nähe von meinen kindern,1,"['Islam', 'None']"
16944494_gab,islam is een achterlijk discriminerend en gewelddadig rechts systeem dat seculiere democratische wetgeving vervangt en waarin geen enkele plaats is voor alles wat niet islamitisch is dat maakt islam een politieke ideologie die onaanvaardbaar is in onze samenleving,0,"['Women', 'Men', 'Islam', 'Other']"
24193372_gab,run away pussy didnt think id call you out on your bullshit eh fucking gay ass red trash,1,"['Women', 'Caucasian', 'Homosexual', 'Other']"
27165282_gab,<number> <number> the ghetto plantation the ghetto plantation was designed to keep them poor desperate and under control while keeping them voting against their own welfare for decades neo marxist saul alinsky based much of his tactics on the democrats approach to blacks and the us government approach to the native americans,0,"['African', 'None']"
14847633_gab,he might live in a trailer park but at least he not a nigger,1,['African']
16693543_gab,as whites are already banned from applying for police force non white police and military will be able to facilitate complete moslem take over in decade or two which means that your children will be forced to convert to islam or get murdered choice is yours britain,1,"['Islam', 'Refugee']"
1204525535495368704_twitter,why is it so hard to meet jewish women i know all em ain ’ t die in the holocaust,1,['Jewish']
23170995_gab,rip nehlen he may be married to a beaner and a christcuck but at least he aiming in the right direction,1,"['Other', 'Hispanic', 'Christian']"
24752133_gab,the lawyers are getting rich the politicians are getting child prostitutes from moslem pedos uk taxpayers pay hugely for a few to go to jail for a while no doubt to come out repeat bullets are way cheaper faster more permanent,1,['Islam']
13719473_gab,the nigger loses hands down,1,['African']
1178368316416679937_twitter,first pills lean weed rollin niggers,0,"['African', 'None']"
1178937064093618176_twitter,@USER illegal for where check any list of top <number> global watchers of gay porn and naija is always there those people recently rescued from an islamic school in the north also reported being sexually assaulted and raped by their teachers illegal for where,0,"['Islam', 'None', 'Refugee']"
10646117_gab,governor terry mcauliffe declared a state of emergency after sucking a dozen nigger cocks,1,['African']
15868188_gab,you will never hear the irish cry like a nigger about slavery white nigger shamrock nigger potato nigger and on and on my grandfather used to tell me about how the irish were treated,1,"['African', 'Other', 'None']"
27470117_gab,road worn kikess on wrong side of <number> needs validation badly posts shitposter dms in transparent humblebrag remains divorced with no meaningful prospects will likely die surrounded by cats many such cases,1,"['Women', 'Jewish']"
26046364_gab,meet the british nigger bitch princess criminal trash family 🤣,1,['African']
23427589_gab,socrates was a nigger,1,['African']
20104013_gab,woman in charge of sandwell child services where paki moslem rape gangs are on the rise,1,['Islam']
16723301_gab,the fat nigger has tits on her back and pubes growing out of her hayid 🙈,1,"['Women', 'African', 'Other']"
19522088_gab,the muzzie headrag represents nothing more than misogyny and oppression western liberals are useful idiots,1,"['Hindu', 'Islam']"
1162699205279965184_twitter,all these niggas my boyfriends but i ’ m not their girlfriend that ’ ghetto,0,"['African', 'None']"
14507125_gab,the lord is a man of war the lord is his name if you know jesus then you know the father christianity is not some bitch made religion frankly heretics like you deserve condemnation too,1,"['Islam', 'Christian', 'None']"
1143083211171364864_twitter,unpopular opinion not all you niggas need waves 👀 some of you all need the hair,0,"['African', 'None']"
20044841_gab,this guy thinks uk police pms mps councillors actually do their jobs <number> million white children raped by pakis numbers covered up by those above not doing their jobs,0,"['Islam', 'None']"
1178283991281086464_twitter,i am not the majical hefer that can save sucker boys from being chimp niggers they desperately search for titties to latch on to here a solution call me crazy stop being a sucker,1,['African']
10064546_gab,we used <number> call this song cat stevens fever before we knew cat stevens was a muslim idiot pantera cat scratch fever ted nugent cat scratch fever,1,['Islam']
17559464_gab,@USER go back under your white sheet hood,0,"['Caucasian', 'None']"
20336013_gab,not like the whale has a choice only a nigger would touch that vile bitch let alone fuck it,1,"['Women', 'African']"
25282597_gab,hmm wow cant say im cool with that you guys will have to drop that kike or im out tbh @USER ‍ @USER ‍,1,['Jewish']
3431791_gab,what the benefit of importing islamic culture how do we benefit we are told that the refugees <number> of whom are male are fleeing war torn countries imagine if general lee and his army fled to europe while he let the women and children fight the civil war immigration trump maga,1,"['Women', 'Islam', 'Refugee']"
1183307026950168576_twitter,@USER @USER are you muslim,0,"['Islam', 'Other', 'None']"
23896536_gab,oh good just what my state needs more memphricans abortion is a moral abomination when humans do it but niggers are not humans planned parenthood kills nigger babies,1,['African']
11657882_gab,ok so i can be called a kike and a cunt but i cant retaliate look i am a fighter i dont roll over and play dead like many jews do capiche pussy <wink>,1,"['Women', 'Jewish', 'None']"
11038571_gab,i never thought i d hear dr ben carson called a white supremacist i will not recover from this shock,0,"['Caucasian', 'None']"
1122671005795803137_twitter,sent them niggas back running bruh,0,"['Men', 'African', 'None']"
9865482_gab,when will a moslem sodomize that faggot,1,"['Islam', 'Homosexual']"
18743168_gab,dont comment above your pay grade in future do some research kike lover,1,['Jewish']
10729951_gab,if you insist on being a white person at least have the decency to be a communist,0,"['Caucasian', 'None']"
15818321_gab,see its going on about iq and shit now lol same shit same kike shit,1,['Jewish']
25906761_gab,totally ruined by using a soyboy entertainer married to a kike instead of rowdy roddy piper,1,['Jewish']
27176920_gab,there is one thing that they do understand and that is violence maybe two things prison george soros us is paying the human traffickers to take the muzzie horde to europe a total pos,1,['Islam']
27524955_gab,that amazing that you actually believe everyone watches tv you seem to be pretty deep into the sjw ghetto,0,"['African', 'None']"
12638520_gab,islam is love,0,"['Islam', 'None']"
16781658_gab,this is atrocious fuck this nigger bitch,1,"['Minority', 'African', 'Nonreligious', 'Other', 'Women']"
23826033_gab,nick fuentes confirmed spic neocon,1,['Hispanic']
27654250_gab,the niggers love the smell of grandma depends,1,"['Women', 'Men', 'African']"
25815685_gab,if she truly was a moslem woman she would have cut off the tranny head,1,"['Women', 'Islam', 'Homosexual', 'Other']"
1248439098693619718_twitter,hate that the store right by my house closes at <number> how ghetto,0,"['African', 'None']"
16618719_gab,a nigger bitch is going to be the president of the heritage foundation 🤣 😂 🤣 😂 😕 🙁 ☹️ 😳 🤯,1,"['Women', 'African']"
15889662_gab,if all the kike news networks have pretty faces with empty heads reading their teleprompters why can not we have hotter smarter ones,1,['Jewish']
24105831_gab,the only good nigger is a dead nigger,1,"['Nonreligious', 'African', 'Refugee', 'Minority']"
17585108_gab,ricky vaugh sounds like a dumb filipino gook why the fuck was he on the crypto report,1,"['Asian', 'None']"
13826452_gab,you can take the nigger out of the ghetto send him to college for free to play football but not go to class then give him millions of dollars to play a sport for <number> months but you can not take the ghetto out of the nigger,1,"['African', 'Other']"
17033586_gab,whats with this disgusting mudshark following me,1,"['Women', 'Heterosexual', 'African']"
18749415_gab,jones is a kike shill he as well as rush limbaugh never call out those they always refer to as they liberals the left instead of as jews,1,['Jewish']
25162683_gab,you are wrong that muzzie was testing the security of the congregation,1,"['Islam', 'Other']"
20485900_gab,anywhere there are large numbers of jews such as jew york you will find lots of dirt and garbage that because jews are rats in quasi human form,1,"['Jewish', 'Men', 'Women']"
9132750_gab,and do not get me wrong either i only have a few muted i did not enjoy another clown telling me that sharia was the only way and women should submit or die i do not have time for that shit especially with a household full of ladies including the cat,0,"['Islam', 'None']"
19992616_gab,such a pussy faggot nigger lover,1,"['Men', 'Homosexual', 'African']"
23620291_gab,@USER nigger cock lovin faggot lmao,1,"['Men', 'Homosexual', 'African']"
15585399_gab,justin trudeau the traitor against canada deserves to be drowned slowly in a large pot of shit out of he asses of <number> jihadi terrorist that he let back in our country illegally,1,"['Islam', 'Other', 'Refugee']"
1178573414929518592_twitter,@USER you spray with insecticide and the niggers still walk by like bitch please or worse fly 🤣,1,['African']
16159744_gab,the most resounding reasoning i have seen to be happy for the destruction of net neutrality is that subhuman shitstain george soros wanted nn get fucked kike,1,['Jewish']
14441354_gab,when you wanna be white really really bad but you are just a fucking wetback,1,['Hispanic']
17913782_gab,hes a mohammaden just the same as every muslim in the world obeying the qur an,0,['Islam']
21269418_gab,before i was banned from twatter i had many heated discussions with i am dearborn a goat fucking moslem they are taking over and our government is funding them our fucking tax dollars let that sink in,1,['Islam']
16674106_gab,another white conversion to islam you know your country is fukked when your own convert to islam you know your country is fukked when you bring mozlems in to breed your women how the <number> montreal massacre happened n america 1 st mass victim mozlem terror event,1,"['Islam', 'Other']"
12137752_gab,fucking niggers man,1,['African']
11033369_gab,move the arabs in israel to pakistan now i think of it,0,"['Arab', 'None']"
21653890_gab,@USER you are an entire nigger,1,"['African', 'None']"
24495849_gab,how is libertarianism a nigger ideology,1,['African']
1179038150888345601_twitter,@USER dammit man get this ching chong shit off my feed,1,['Asian']
20387264_gab,i gotz muh diploma in writin i iz a clever nigger,1,['African']
24590941_gab,pipe down nigger lover,1,['African']
1107645050127859712_twitter,@USER just like saying it good people on both sides when referring to nazis that a direct promotion of fascism disclosure,0,"['Women', 'Men', 'Caucasian', 'None']"
17420407_gab,this was a total bullshit rule housing is segregated by income more than anything this rule would force wealthy neighborhoods to allow section <number> housing be built in high end communities under the guise of diversity and equality bringing the ghetto to you,0,"['African', 'None', 'Indigenous']"
1179097658306301953_twitter,@USER @USER sweden is on it way to become the first muslim country in europe so she will going to have a very difficult life 😂 😂 greta thurnberg,0,"['Islam', 'None']"
8657875_gab,@USER the summer of blackviolence is upon us dmtbka by saying the nigger word after all white racism caused it all,1,"['African', 'None']"
1079100239183675392_twitter,instead of “ til death do us apart “ in islam we have “ til jannah unites us together “ and its the cutest thing ever,0,"['Islam', 'None']"
1178984517866008579_twitter,@USER um are u aware of the fact that niggers sold or traded their people to whites how is that getting fucked also africa cant work at all without the help of whites so please just stop bc its getting embarassing,1,['African']
19732729_gab,i said no president ever addressed race before the nigger and trump does not need to end up in the nigger basket or something like that very self explanatory,1,['African']
11464780_gab,ol soros be payin errybody lol fuck your stupid a very special kind of stupid like i bet you take sandnigger dicks the ass stupid,0,"['Arab', 'None']"
16136471_gab,where do i get news about the possible recount drudge is not putting up links about it being the filthy kike he is,1,['Jewish']
26085254_gab,when you have shitskin 3 rd worlders who do not believe in free speech running our free speech platforms what do you expect,1,"['African', 'Economic', 'Other']"
19016585_gab,let us blame the nigger,1,['African']
1083123764831928322_twitter,niggerdom is a deadly disease please send thoughts and prayers,1,['African']
1179098553320386560_twitter,black ppl who went to all white schools become annoying ass adults 😂 😂 😂 😂,0,"['Caucasian', 'None']"
1232938289104998400_twitter,@USER welcome to nazi india,0,"['Asian', 'None']"
27638324_gab,no sharia no cair no common core no muslin brotherhood no sanctuary cities or states our country our customs our way do not like it leave sharia law will never be accepted in america fran cifelli,0,"['Islam', 'None']"
7975029_gab,put blacks on welfare isolate in ghettos keeping them down put refugees in isolated communities not helping them assimilate repeat repeat repeat no learning what does not work,0,"['African', 'None', 'Refugee']"
1178898488605773824_twitter,@USER yea ur white so do not say it wigger,0,"['Caucasian', 'None']"
24214744_gab,who pussy would be better anne coulter or laura ingrahm both would be good to talk nasty to when i am breeding with them give laura a proper white baby then talk hatred of the nigger with anne coulter,1,"['Women', 'African']"
17173119_gab,a muslim will say to you ignorant kaffir that he is a liberal a secular and all the taqiya bullshit all you need to say to the shiite muslim to agree that mo was paedophile and a killer he will reveal his true self,1,['Islam']
7930207_gab,girls dont exist on the internet stop spreading kike lies <number>,1,['Jewish']
24348147_gab,solo que seras bombardeas y destruidos como los a los antiguos alemanes la mejor raza masacrada solo virus kike,1,"['Jewish', 'None']"
1179029653861756928_twitter,@USER tell the jihadi john to stop yapping abhijit iyer mitra countered his verbal heckling perfectly and showed him his aukaat,1,"['Islam', 'None']"
27604258_gab,yeah bro the globalists hate the jews that why they bend over backwards to persecute anyone who criticizes the jews because the jews are the real victims of globalism now this is pilpul,0,['Jewish']
21836106_gab,mfw i m trying to write an important term paper and some affirmative action ass hole starts blasting nigger music outside the window,1,['African']
17382671_gab,some butthurt kike reported this display picture i can not understand how it violates any of twitter rules tho,1,"['Jewish', 'Other']"
16508274_gab,seeing niglets playing niggerball in the middle of the street is just part and parcel of living in a multiracial society,1,"['Men', 'African']"
16361223_gab,welcome to gab a site full of people who are so disgusted by ghetto culture that they use ghetto slang all the time mind the thot police 👮 ‍ ♀ ️,0,"['Women', 'Men', 'African', 'None']"
